[
  {
    "id" : "CapabilityStatementTWCoreClient",
    "type" : "CapabilityStatement",
    "url" : "https://twcore.mohw.gov.tw/ig/twcore/CapabilityStatement/CapabilityStatementTWCoreClient",
    "version" : "0.1.1",
    "name" : "CapabilityStatementTWCoreClient"
  },
  {
    "id" : "CapabilityStatementTWCoreServer",
    "type" : "CapabilityStatement",
    "url" : "https://twcore.mohw.gov.tw/ig/twcore/CapabilityStatement/CapabilityStatementTWCoreServer",
    "version" : "0.1.1",
    "name" : "CapabilityStatementTWCoreServer"
  },
  {
    "id" : "health-professional-tw",
    "type" : "CodeSystem",
    "url" : "https://twcore.mohw.gov.tw/ig/twcore/CodeSystem/health-professional-tw",
    "version" : "2022-01-28",
    "name" : "TWHealthProfessional"
  },
  {
    "id" : "icd-10-cm-2014-tw",
    "type" : "CodeSystem",
    "url" : "https://twcore.mohw.gov.tw/ig/twcore/CodeSystem/icd-10-cm-2014-tw",
    "version" : "2017-07-19",
    "name" : "TW2014ICD10CM"
  },
  {
    "id" : "icd-10-cm-2021-tw",
    "type" : "CodeSystem",
    "url" : "https://twcore.mohw.gov.tw/ig/twcore/CodeSystem/icd-10-cm-2021-tw",
    "version" : "2022-07-29",
    "name" : "TW2021ICD10CM"
  },
  {
    "id" : "icd-10-pcs-2014-tw",
    "type" : "CodeSystem",
    "url" : "https://twcore.mohw.gov.tw/ig/twcore/CodeSystem/icd-10-pcs-2014-tw",
    "version" : "2017-07-19",
    "name" : "TW2014ICD10PCS"
  },
  {
    "id" : "icd-10-pcs-2021-tw",
    "type" : "CodeSystem",
    "url" : "https://twcore.mohw.gov.tw/ig/twcore/CodeSystem/icd-10-pcs-2021-tw",
    "version" : "2022-07-29",
    "name" : "TW2021ICD10PCS"
  },
  {
    "id" : "icd-9-cm-2001-tw",
    "type" : "CodeSystem",
    "url" : "https://twcore.mohw.gov.tw/ig/twcore/CodeSystem/icd-9-cm-2001-tw",
    "version" : "2023-05-09",
    "name" : "TW2001ICD9CM"
  },
  {
    "id" : "marital-status-tw",
    "type" : "CodeSystem",
    "url" : "https://twcore.mohw.gov.tw/ig/twcore/CodeSystem/marital-status-tw",
    "version" : "2019-05-22",
    "name" : "TWMaritalStatus"
  },
  {
    "id" : "medcation-atc-tw",
    "type" : "CodeSystem",
    "url" : "https://twcore.mohw.gov.tw/ig/twcore/CodeSystem/medcation-atc-tw",
    "version" : "2022-10-24",
    "name" : "TWMedcationATC"
  },
  {
    "id" : "medical-service-payment-tw",
    "type" : "CodeSystem",
    "url" : "https://twcore.mohw.gov.tw/ig/twcore/CodeSystem/medical-service-payment-tw",
    "version" : "2022-10-07",
    "name" : "TWMedicalServicePayment"
  },
  {
    "id" : "medication-device-fda-tw",
    "type" : "CodeSystem",
    "url" : "https://twcore.mohw.gov.tw/ig/twcore/CodeSystem/medication-device-fda-tw",
    "version" : "2022-08-08",
    "name" : "TWMedicationDeviceFDA"
  },
  {
    "id" : "medication-fda-tw",
    "type" : "CodeSystem",
    "url" : "https://twcore.mohw.gov.tw/ig/twcore/CodeSystem/medication-fda-tw",
    "version" : "2022-08-03",
    "name" : "TWMedicationFDA"
  },
  {
    "id" : "medication-frequency-tw",
    "type" : "CodeSystem",
    "url" : "https://twcore.mohw.gov.tw/ig/twcore/CodeSystem/medication-frequency-tw",
    "version" : "2022-01-28",
    "name" : "TWMedicationFrequency"
  },
  {
    "id" : "medication-nhi-tw",
    "type" : "CodeSystem",
    "url" : "https://twcore.mohw.gov.tw/ig/twcore/CodeSystem/medication-nhi-tw",
    "version" : "2022-07-28",
    "name" : "TWMedicationNHI"
  },
  {
    "id" : "medication-path-tw",
    "type" : "CodeSystem",
    "url" : "https://twcore.mohw.gov.tw/ig/twcore/CodeSystem/medication-path-tw",
    "version" : "2022-01-28",
    "name" : "TWMedicationPath"
  },
  {
    "id" : "organization-identifier-tw",
    "type" : "CodeSystem",
    "url" : "https://twcore.mohw.gov.tw/ig/twcore/CodeSystem/organization-identifier-tw",
    "version" : "2022-07-31",
    "name" : "TWOrganizationIdentifier"
  },
  {
    "id" : "postal-code3-tw",
    "type" : "CodeSystem",
    "url" : "https://twcore.mohw.gov.tw/ig/twcore/CodeSystem/postal-code3-tw",
    "version" : "2015-01-22",
    "name" : "TWPostalCode3"
  },
  {
    "id" : "postal-code5-tw",
    "type" : "CodeSystem",
    "url" : "https://twcore.mohw.gov.tw/ig/twcore/CodeSystem/postal-code5-tw",
    "version" : "2022-06-21",
    "name" : "TWPostalCode5"
  },
  {
    "id" : "postal-code6-tw",
    "type" : "CodeSystem",
    "url" : "https://twcore.mohw.gov.tw/ig/twcore/CodeSystem/postal-code6-tw",
    "version" : "2022-10-01",
    "name" : "TWPostalCode6"
  },
  {
    "id" : "v2-0203",
    "type" : "CodeSystem",
    "url" : "https://twcore.mohw.gov.tw/ig/twcore/CodeSystem/v2-0203",
    "version" : "2022-07-31",
    "name" : "TWIdentifierType_V20203"
  },
  {
    "id" : "marital-status-tw",
    "type" : "ConceptMap",
    "url" : "https://twcore.mohw.gov.tw/ig/twcore/ConceptMap/marital-status-tw",
    "version" : "0.1.1",
    "name" : "TWMaritalStatus"
  },
  {
    "id" : "tw.gov.mohw.twcore",
    "type" : "ImplementationGuide",
    "url" : "https://twcore.mohw.gov.tw/ig/twcore/ImplementationGuide/tw.gov.mohw.twcore",
    "version" : "0.1.1",
    "name" : "TWCore"
  },
  {
    "id" : "Patient-everything",
    "type" : "OperationDefinition",
    "url" : "https://twcore.mohw.gov.tw/ig/twcore/OperationDefinition/Patient-everything",
    "version" : "0.1.1",
    "name" : "Everything"
  },
  {
    "id" : "Condition-abatement-date",
    "type" : "SearchParameter",
    "url" : "https://twcore.mohw.gov.tw/ig/twcore/SearchParameter/Condition-abatement-date",
    "version" : "0.1.1",
    "name" : "ConditionAbatementDate"
  },
  {
    "id" : "Condition-clinical-status",
    "type" : "SearchParameter",
    "url" : "https://twcore.mohw.gov.tw/ig/twcore/SearchParameter/Condition-clinical-status",
    "version" : "0.1.1",
    "name" : "ConditionClinicalStatus"
  },
  {
    "id" : "Condition-code",
    "type" : "SearchParameter",
    "url" : "https://twcore.mohw.gov.tw/ig/twcore/SearchParameter/Condition-code",
    "version" : "0.1.1",
    "name" : "ConditionCode"
  },
  {
    "id" : "Condition-id",
    "type" : "SearchParameter",
    "url" : "https://twcore.mohw.gov.tw/ig/twcore/SearchParameter/Condition-id",
    "version" : "0.1.1",
    "name" : "ConditionID"
  },
  {
    "id" : "Condition-onset-date",
    "type" : "SearchParameter",
    "url" : "https://twcore.mohw.gov.tw/ig/twcore/SearchParameter/Condition-onset-date",
    "version" : "0.1.1",
    "name" : "ConditionOnsetDate"
  },
  {
    "id" : "Condition-severity",
    "type" : "SearchParameter",
    "url" : "https://twcore.mohw.gov.tw/ig/twcore/SearchParameter/Condition-severity",
    "version" : "0.1.1",
    "name" : "ConditionSeverity"
  },
  {
    "id" : "Condition-subject",
    "type" : "SearchParameter",
    "url" : "https://twcore.mohw.gov.tw/ig/twcore/SearchParameter/Condition-subject",
    "version" : "0.1.1",
    "name" : "ConditionSubject"
  },
  {
    "id" : "DiagnosticReport-category",
    "type" : "SearchParameter",
    "url" : "https://twcore.mohw.gov.tw/ig/twcore/SearchParameter/DiagnosticReport-category",
    "version" : "0.1.1",
    "name" : "DiagnosticreportCategory"
  },
  {
    "id" : "DiagnosticReport-code",
    "type" : "SearchParameter",
    "url" : "https://twcore.mohw.gov.tw/ig/twcore/SearchParameter/DiagnosticReport-code",
    "version" : "0.1.1",
    "name" : "DiagnosticreportCode"
  },
  {
    "id" : "DiagnosticReport-date",
    "type" : "SearchParameter",
    "url" : "https://twcore.mohw.gov.tw/ig/twcore/SearchParameter/DiagnosticReport-date",
    "version" : "0.1.1",
    "name" : "DiagnosticreportDate"
  },
  {
    "id" : "DiagnosticReport-id",
    "type" : "SearchParameter",
    "url" : "https://twcore.mohw.gov.tw/ig/twcore/SearchParameter/DiagnosticReport-id",
    "version" : "0.1.1",
    "name" : "DiagnosticReportID"
  },
  {
    "id" : "DiagnosticReport-status",
    "type" : "SearchParameter",
    "url" : "https://twcore.mohw.gov.tw/ig/twcore/SearchParameter/DiagnosticReport-status",
    "version" : "0.1.1",
    "name" : "DiagnosticreportStatus"
  },
  {
    "id" : "DiagnosticReport-subject",
    "type" : "SearchParameter",
    "url" : "https://twcore.mohw.gov.tw/ig/twcore/SearchParameter/DiagnosticReport-subject",
    "version" : "0.1.1",
    "name" : "DiagnosticreportSubject"
  },
  {
    "id" : "Encounter-class",
    "type" : "SearchParameter",
    "url" : "https://twcore.mohw.gov.tw/ig/twcore/SearchParameter/Encounter-class",
    "version" : "0.1.1",
    "name" : "EncounterClass"
  },
  {
    "id" : "Encounter-date",
    "type" : "SearchParameter",
    "url" : "https://twcore.mohw.gov.tw/ig/twcore/SearchParameter/Encounter-date",
    "version" : "0.1.1",
    "name" : "EncounterDate"
  },
  {
    "id" : "Encounter-id",
    "type" : "SearchParameter",
    "url" : "https://twcore.mohw.gov.tw/ig/twcore/SearchParameter/Encounter-id",
    "version" : "0.1.1",
    "name" : "EncounterID"
  },
  {
    "id" : "Encounter-identifier",
    "type" : "SearchParameter",
    "url" : "https://twcore.mohw.gov.tw/ig/twcore/SearchParameter/Encounter-identifier",
    "version" : "0.1.1",
    "name" : "EncounterIdentifier"
  },
  {
    "id" : "Encounter-location",
    "type" : "SearchParameter",
    "url" : "https://twcore.mohw.gov.tw/ig/twcore/SearchParameter/Encounter-location",
    "version" : "0.1.1",
    "name" : "EncounterLocation"
  },
  {
    "id" : "Encounter-status",
    "type" : "SearchParameter",
    "url" : "https://twcore.mohw.gov.tw/ig/twcore/SearchParameter/Encounter-status",
    "version" : "0.1.1",
    "name" : "EncounterStatus"
  },
  {
    "id" : "Encounter-subject",
    "type" : "SearchParameter",
    "url" : "https://twcore.mohw.gov.tw/ig/twcore/SearchParameter/Encounter-subject",
    "version" : "0.1.1",
    "name" : "EncounterSubject"
  },
  {
    "id" : "Medication-code",
    "type" : "SearchParameter",
    "url" : "https://twcore.mohw.gov.tw/ig/twcore/SearchParameter/Medication-code",
    "version" : "0.1.1",
    "name" : "MedicationCode"
  },
  {
    "id" : "Medication-id",
    "type" : "SearchParameter",
    "url" : "https://twcore.mohw.gov.tw/ig/twcore/SearchParameter/Medication-id",
    "version" : "0.1.1",
    "name" : "MedicationID"
  },
  {
    "id" : "MedicationRequest-authoredon",
    "type" : "SearchParameter",
    "url" : "https://twcore.mohw.gov.tw/ig/twcore/SearchParameter/MedicationRequest-authoredon",
    "version" : "0.1.1",
    "name" : "MedicationrequestAuthoredon"
  },
  {
    "id" : "MedicationRequest-encounter",
    "type" : "SearchParameter",
    "url" : "https://twcore.mohw.gov.tw/ig/twcore/SearchParameter/MedicationRequest-encounter",
    "version" : "0.1.1",
    "name" : "MedicationrequestEncounter"
  },
  {
    "id" : "MedicationRequest-id",
    "type" : "SearchParameter",
    "url" : "https://twcore.mohw.gov.tw/ig/twcore/SearchParameter/MedicationRequest-id",
    "version" : "0.1.1",
    "name" : "MedicationRequestID"
  },
  {
    "id" : "MedicationRequest-intent",
    "type" : "SearchParameter",
    "url" : "https://twcore.mohw.gov.tw/ig/twcore/SearchParameter/MedicationRequest-intent",
    "version" : "0.1.1",
    "name" : "MedicationrequestIntent"
  },
  {
    "id" : "MedicationRequest-medication",
    "type" : "SearchParameter",
    "url" : "https://twcore.mohw.gov.tw/ig/twcore/SearchParameter/MedicationRequest-medication",
    "version" : "0.1.1",
    "name" : "MedicationrequestMedication"
  },
  {
    "id" : "MedicationRequest-status",
    "type" : "SearchParameter",
    "url" : "https://twcore.mohw.gov.tw/ig/twcore/SearchParameter/MedicationRequest-status",
    "version" : "0.1.1",
    "name" : "MedicationrequestStatus"
  },
  {
    "id" : "MedicationRequest-subject",
    "type" : "SearchParameter",
    "url" : "https://twcore.mohw.gov.tw/ig/twcore/SearchParameter/MedicationRequest-subject",
    "version" : "0.1.1",
    "name" : "MedicationrequestSubject"
  },
  {
    "id" : "Observation-category",
    "type" : "SearchParameter",
    "url" : "https://twcore.mohw.gov.tw/ig/twcore/SearchParameter/Observation-category",
    "version" : "0.1.1",
    "name" : "ObservationCategory"
  },
  {
    "id" : "Observation-clinical-code",
    "type" : "SearchParameter",
    "url" : "https://twcore.mohw.gov.tw/ig/twcore/SearchParameter/Observation-clinical-code",
    "version" : "0.1.1",
    "name" : "ClinicalCode"
  },
  {
    "id" : "Observation-date",
    "type" : "SearchParameter",
    "url" : "https://twcore.mohw.gov.tw/ig/twcore/SearchParameter/Observation-date",
    "version" : "0.1.1",
    "name" : "ObservationDate"
  },
  {
    "id" : "Observation-id",
    "type" : "SearchParameter",
    "url" : "https://twcore.mohw.gov.tw/ig/twcore/SearchParameter/Observation-id",
    "version" : "0.1.1",
    "name" : "ObservationID"
  },
  {
    "id" : "Observation-performer",
    "type" : "SearchParameter",
    "url" : "https://twcore.mohw.gov.tw/ig/twcore/SearchParameter/Observation-performer",
    "version" : "0.1.1",
    "name" : "ObservationPerformer"
  },
  {
    "id" : "Observation-status",
    "type" : "SearchParameter",
    "url" : "https://twcore.mohw.gov.tw/ig/twcore/SearchParameter/Observation-status",
    "version" : "0.1.1",
    "name" : "ObservationStatus"
  },
  {
    "id" : "Observation-subject",
    "type" : "SearchParameter",
    "url" : "https://twcore.mohw.gov.tw/ig/twcore/SearchParameter/Observation-subject",
    "version" : "0.1.1",
    "name" : "ObservationSubject"
  },
  {
    "id" : "Organization-id",
    "type" : "SearchParameter",
    "url" : "https://twcore.mohw.gov.tw/ig/twcore/SearchParameter/Organization-id",
    "version" : "0.1.1",
    "name" : "OrganizationID"
  },
  {
    "id" : "Organization-identifier",
    "type" : "SearchParameter",
    "url" : "https://twcore.mohw.gov.tw/ig/twcore/SearchParameter/Organization-identifier",
    "version" : "0.1.1",
    "name" : "OrganizationIdentifier"
  },
  {
    "id" : "Organization-name",
    "type" : "SearchParameter",
    "url" : "https://twcore.mohw.gov.tw/ig/twcore/SearchParameter/Organization-name",
    "version" : "0.1.1",
    "name" : "OrganizationName"
  },
  {
    "id" : "Organization-type",
    "type" : "SearchParameter",
    "url" : "https://twcore.mohw.gov.tw/ig/twcore/SearchParameter/Organization-type",
    "version" : "0.1.1",
    "name" : "OrganizationType"
  },
  {
    "id" : "Patient-birthdate",
    "type" : "SearchParameter",
    "url" : "https://twcore.mohw.gov.tw/ig/twcore/SearchParameter/Patient-birthdate",
    "version" : "0.1.1",
    "name" : "PatientBirthdate"
  },
  {
    "id" : "Patient-gender",
    "type" : "SearchParameter",
    "url" : "https://twcore.mohw.gov.tw/ig/twcore/SearchParameter/Patient-gender",
    "version" : "0.1.1",
    "name" : "PatientGender"
  },
  {
    "id" : "Patient-id",
    "type" : "SearchParameter",
    "url" : "https://twcore.mohw.gov.tw/ig/twcore/SearchParameter/Patient-id",
    "version" : "0.1.1",
    "name" : "PatientID"
  },
  {
    "id" : "Patient-identifier",
    "type" : "SearchParameter",
    "url" : "https://twcore.mohw.gov.tw/ig/twcore/SearchParameter/Patient-identifier",
    "version" : "0.1.1",
    "name" : "PatientIdentifier"
  },
  {
    "id" : "Patient-name",
    "type" : "SearchParameter",
    "url" : "https://twcore.mohw.gov.tw/ig/twcore/SearchParameter/Patient-name",
    "version" : "0.1.1",
    "name" : "PatientName"
  },
  {
    "id" : "Practitioner-id",
    "type" : "SearchParameter",
    "url" : "https://twcore.mohw.gov.tw/ig/twcore/SearchParameter/Practitioner-id",
    "version" : "0.1.1",
    "name" : "PractitionerActive"
  },
  {
    "id" : "Practitioner-identifier",
    "type" : "SearchParameter",
    "url" : "https://twcore.mohw.gov.tw/ig/twcore/SearchParameter/Practitioner-identifier",
    "version" : "0.1.1",
    "name" : "PractitionerIdentifier"
  },
  {
    "id" : "Practitioner-name",
    "type" : "SearchParameter",
    "url" : "https://twcore.mohw.gov.tw/ig/twcore/SearchParameter/Practitioner-name",
    "version" : "0.1.1",
    "name" : "PractitionerName"
  },
  {
    "id" : "Procedure-code",
    "type" : "SearchParameter",
    "url" : "https://twcore.mohw.gov.tw/ig/twcore/SearchParameter/Procedure-code",
    "version" : "0.1.1",
    "name" : "ProcedureCode"
  },
  {
    "id" : "Procedure-date",
    "type" : "SearchParameter",
    "url" : "https://twcore.mohw.gov.tw/ig/twcore/SearchParameter/Procedure-date",
    "version" : "0.1.1",
    "name" : "ProcedureDate"
  },
  {
    "id" : "Procedure-id",
    "type" : "SearchParameter",
    "url" : "https://twcore.mohw.gov.tw/ig/twcore/SearchParameter/Procedure-id",
    "version" : "0.1.1",
    "name" : "ProcedureID"
  },
  {
    "id" : "Procedure-status",
    "type" : "SearchParameter",
    "url" : "https://twcore.mohw.gov.tw/ig/twcore/SearchParameter/Procedure-status",
    "version" : "0.1.1",
    "name" : "ProcedureStatus"
  },
  {
    "id" : "Procedure-subject",
    "type" : "SearchParameter",
    "url" : "https://twcore.mohw.gov.tw/ig/twcore/SearchParameter/Procedure-subject",
    "version" : "0.1.1",
    "name" : "ProcedureSubject"
  },
  {
    "id" : "Address-twcore",
    "type" : "StructureDefinition",
    "url" : "https://twcore.mohw.gov.tw/ig/twcore/StructureDefinition/Address-twcore",
    "version" : "0.1.1",
    "name" : "TWCoreAddress"
  },
  {
    "id" : "CodeableConcept-tw",
    "type" : "StructureDefinition",
    "url" : "https://twcore.mohw.gov.tw/ig/twcore/StructureDefinition/CodeableConcept-tw",
    "version" : "0.1.1",
    "name" : "CodeableConceptTW"
  },
  {
    "id" : "Coding-tw",
    "type" : "StructureDefinition",
    "url" : "https://twcore.mohw.gov.tw/ig/twcore/StructureDefinition/Coding-tw",
    "version" : "0.1.1",
    "name" : "CodingTW"
  },
  {
    "id" : "Condition-twcore",
    "type" : "StructureDefinition",
    "url" : "https://twcore.mohw.gov.tw/ig/twcore/StructureDefinition/Condition-twcore",
    "version" : "0.1.1",
    "name" : "TWCoreCondition"
  },
  {
    "id" : "DiagnosticReport-twcore",
    "type" : "StructureDefinition",
    "url" : "https://twcore.mohw.gov.tw/ig/twcore/StructureDefinition/DiagnosticReport-twcore",
    "version" : "0.1.1",
    "name" : "TWCoreDiagnosticReport"
  },
  {
    "id" : "Encounter-twcore",
    "type" : "StructureDefinition",
    "url" : "https://twcore.mohw.gov.tw/ig/twcore/StructureDefinition/Encounter-twcore",
    "version" : "0.1.1",
    "name" : "TWCoreEncounter"
  },
  {
    "id" : "Medication-twcore",
    "type" : "StructureDefinition",
    "url" : "https://twcore.mohw.gov.tw/ig/twcore/StructureDefinition/Medication-twcore",
    "version" : "0.1.1",
    "name" : "TWCoreMedication"
  },
  {
    "id" : "MedicationRequest-twcore",
    "type" : "StructureDefinition",
    "url" : "https://twcore.mohw.gov.tw/ig/twcore/StructureDefinition/MedicationRequest-twcore",
    "version" : "0.1.1",
    "name" : "TWCoreMedicationRequest"
  },
  {
    "id" : "Observation-bloodPressure-twcore",
    "type" : "StructureDefinition",
    "url" : "https://twcore.mohw.gov.tw/ig/twcore/StructureDefinition/Observation-bloodPressure-twcore",
    "version" : "0.1.1",
    "name" : "TWCoreObservationBloodPressure"
  },
  {
    "id" : "Observation-bmi-twcore",
    "type" : "StructureDefinition",
    "url" : "https://twcore.mohw.gov.tw/ig/twcore/StructureDefinition/Observation-bmi-twcore",
    "version" : "0.1.1",
    "name" : "TWCoreObservationBMI"
  },
  {
    "id" : "Observation-laboratoryResult-twcore",
    "type" : "StructureDefinition",
    "url" : "https://twcore.mohw.gov.tw/ig/twcore/StructureDefinition/Observation-laboratoryResult-twcore",
    "version" : "0.1.1",
    "name" : "TWCoreObservationLaboratoryResult"
  },
  {
    "id" : "Observation-vitalSigns-twcore",
    "type" : "StructureDefinition",
    "url" : "https://twcore.mohw.gov.tw/ig/twcore/StructureDefinition/Observation-vitalSigns-twcore",
    "version" : "0.1.1",
    "name" : "TWCoreObservationVitalSigns"
  },
  {
    "id" : "Organization-co-twcore",
    "type" : "StructureDefinition",
    "url" : "https://twcore.mohw.gov.tw/ig/twcore/StructureDefinition/Organization-co-twcore",
    "version" : "0.1.1",
    "name" : "TWCoreOrganizationCo"
  },
  {
    "id" : "Organization-govt-twcore",
    "type" : "StructureDefinition",
    "url" : "https://twcore.mohw.gov.tw/ig/twcore/StructureDefinition/Organization-govt-twcore",
    "version" : "0.1.1",
    "name" : "TWCoreOrganizationGovt"
  },
  {
    "id" : "Organization-hosp-twcore",
    "type" : "StructureDefinition",
    "url" : "https://twcore.mohw.gov.tw/ig/twcore/StructureDefinition/Organization-hosp-twcore",
    "version" : "0.1.1",
    "name" : "TWCoreOrganizationHosp"
  },
  {
    "id" : "Organization-twcore",
    "type" : "StructureDefinition",
    "url" : "https://twcore.mohw.gov.tw/ig/twcore/StructureDefinition/Organization-twcore",
    "version" : "0.1.1",
    "name" : "TWCoreOrganization"
  },
  {
    "id" : "Patient-twcore",
    "type" : "StructureDefinition",
    "url" : "https://twcore.mohw.gov.tw/ig/twcore/StructureDefinition/Patient-twcore",
    "version" : "0.1.1",
    "name" : "TWCorePatient"
  },
  {
    "id" : "Practitioner-twcore",
    "type" : "StructureDefinition",
    "url" : "https://twcore.mohw.gov.tw/ig/twcore/StructureDefinition/Practitioner-twcore",
    "version" : "0.1.1",
    "name" : "TWCorePractitioner"
  },
  {
    "id" : "Procedure-twcore",
    "type" : "StructureDefinition",
    "url" : "https://twcore.mohw.gov.tw/ig/twcore/StructureDefinition/Procedure-twcore",
    "version" : "0.1.1",
    "name" : "TWCoreProcedure"
  },
  {
    "id" : "TWCondition",
    "type" : "StructureDefinition",
    "url" : "https://twcore.mohw.gov.tw/ig/twcore/StructureDefinition/TWCondition",
    "version" : "0.1.1",
    "name" : "TWConditionModel"
  },
  {
    "id" : "TWDiagnosticReport",
    "type" : "StructureDefinition",
    "url" : "https://twcore.mohw.gov.tw/ig/twcore/StructureDefinition/TWDiagnosticReport",
    "version" : "0.1.1",
    "name" : "TWDiagnosticReportModel"
  },
  {
    "id" : "TWEncounter",
    "type" : "StructureDefinition",
    "url" : "https://twcore.mohw.gov.tw/ig/twcore/StructureDefinition/TWEncounter",
    "version" : "0.1.1",
    "name" : "TWEncounterModel"
  },
  {
    "id" : "TWMedication",
    "type" : "StructureDefinition",
    "url" : "https://twcore.mohw.gov.tw/ig/twcore/StructureDefinition/TWMedication",
    "version" : "0.1.1",
    "name" : "TWMedicationModel"
  },
  {
    "id" : "TWMedicationRequest",
    "type" : "StructureDefinition",
    "url" : "https://twcore.mohw.gov.tw/ig/twcore/StructureDefinition/TWMedicationRequest",
    "version" : "0.1.1",
    "name" : "TWMedicationRequestModel"
  },
  {
    "id" : "TWObservation",
    "type" : "StructureDefinition",
    "url" : "https://twcore.mohw.gov.tw/ig/twcore/StructureDefinition/TWObservation",
    "version" : "0.1.1",
    "name" : "TWObservationModel"
  },
  {
    "id" : "TWOrganization",
    "type" : "StructureDefinition",
    "url" : "https://twcore.mohw.gov.tw/ig/twcore/StructureDefinition/TWOrganization",
    "version" : "0.1.1",
    "name" : "TWOrganizationModel"
  },
  {
    "id" : "TWPatient",
    "type" : "StructureDefinition",
    "url" : "https://twcore.mohw.gov.tw/ig/twcore/StructureDefinition/TWPatient",
    "version" : "0.1.1",
    "name" : "TWPatientModel"
  },
  {
    "id" : "TWPractitioner",
    "type" : "StructureDefinition",
    "url" : "https://twcore.mohw.gov.tw/ig/twcore/StructureDefinition/TWPractitioner",
    "version" : "0.1.1",
    "name" : "TWPractitionerModel"
  },
  {
    "id" : "TWProcedure",
    "type" : "StructureDefinition",
    "url" : "https://twcore.mohw.gov.tw/ig/twcore/StructureDefinition/TWProcedure",
    "version" : "0.1.1",
    "name" : "TWProcedureModel"
  },
  {
    "id" : "identifier-suffix",
    "type" : "StructureDefinition",
    "url" : "https://twcore.mohw.gov.tw/ig/twcore/StructureDefinition/identifier-suffix",
    "version" : "0.1.1",
    "name" : "IdentifierSuffix"
  },
  {
    "id" : "person-age",
    "type" : "StructureDefinition",
    "url" : "https://twcore.mohw.gov.tw/ig/twcore/StructureDefinition/person-age",
    "version" : "0.1.1",
    "name" : "PersonAge"
  },
  {
    "id" : "tw-alley",
    "type" : "StructureDefinition",
    "url" : "https://twcore.mohw.gov.tw/ig/twcore/StructureDefinition/tw-alley",
    "version" : "0.1.1",
    "name" : "TWAlley"
  },
  {
    "id" : "tw-floor",
    "type" : "StructureDefinition",
    "url" : "https://twcore.mohw.gov.tw/ig/twcore/StructureDefinition/tw-floor",
    "version" : "0.1.1",
    "name" : "TWFloor"
  },
  {
    "id" : "tw-lane",
    "type" : "StructureDefinition",
    "url" : "https://twcore.mohw.gov.tw/ig/twcore/StructureDefinition/tw-lane",
    "version" : "0.1.1",
    "name" : "TWLane"
  },
  {
    "id" : "tw-neighborhood",
    "type" : "StructureDefinition",
    "url" : "https://twcore.mohw.gov.tw/ig/twcore/StructureDefinition/tw-neighborhood",
    "version" : "0.1.1",
    "name" : "TWNeighborhood"
  },
  {
    "id" : "tw-number",
    "type" : "StructureDefinition",
    "url" : "https://twcore.mohw.gov.tw/ig/twcore/StructureDefinition/tw-number",
    "version" : "0.1.1",
    "name" : "TWNumber"
  },
  {
    "id" : "tw-postal-code",
    "type" : "StructureDefinition",
    "url" : "https://twcore.mohw.gov.tw/ig/twcore/StructureDefinition/tw-postal-code",
    "version" : "0.1.1",
    "name" : "TWPostalCode"
  },
  {
    "id" : "tw-room",
    "type" : "StructureDefinition",
    "url" : "https://twcore.mohw.gov.tw/ig/twcore/StructureDefinition/tw-room",
    "version" : "0.1.1",
    "name" : "TWRoom"
  },
  {
    "id" : "tw-section",
    "type" : "StructureDefinition",
    "url" : "https://twcore.mohw.gov.tw/ig/twcore/StructureDefinition/tw-section",
    "version" : "0.1.1",
    "name" : "TWSection"
  },
  {
    "id" : "tw-village",
    "type" : "StructureDefinition",
    "url" : "https://twcore.mohw.gov.tw/ig/twcore/StructureDefinition/tw-village",
    "version" : "0.1.1",
    "name" : "TWVillage"
  },
  {
    "id" : "condition-code-sct-tw",
    "type" : "ValueSet",
    "url" : "https://twcore.mohw.gov.tw/ig/twcore/ValueSet/condition-code-sct-tw",
    "version" : "2022-07-31",
    "name" : "TWConditionCodeSCT"
  },
  {
    "id" : "health-professional-tw",
    "type" : "ValueSet",
    "url" : "https://twcore.mohw.gov.tw/ig/twcore/ValueSet/health-professional-tw",
    "version" : "2022-01-28",
    "name" : "TWHealthProfessional"
  },
  {
    "id" : "icd-10-cm-2014-tw",
    "type" : "ValueSet",
    "url" : "https://twcore.mohw.gov.tw/ig/twcore/ValueSet/icd-10-cm-2014-tw",
    "version" : "2017-07-19",
    "name" : "TW2014ICD10CM"
  },
  {
    "id" : "icd-10-cm-2021-tw",
    "type" : "ValueSet",
    "url" : "https://twcore.mohw.gov.tw/ig/twcore/ValueSet/icd-10-cm-2021-tw",
    "version" : "2022-07-29",
    "name" : "TW2021ICD10CM"
  },
  {
    "id" : "icd-10-pcs-2014-tw",
    "type" : "ValueSet",
    "url" : "https://twcore.mohw.gov.tw/ig/twcore/ValueSet/icd-10-pcs-2014-tw",
    "version" : "2017-07-19",
    "name" : "TW2014ICD10PCS"
  },
  {
    "id" : "icd-10-pcs-2021-tw",
    "type" : "ValueSet",
    "url" : "https://twcore.mohw.gov.tw/ig/twcore/ValueSet/icd-10-pcs-2021-tw",
    "version" : "2022-07-29",
    "name" : "TW2021ICD10PCS"
  },
  {
    "id" : "icd-9-cm-2001-tw",
    "type" : "ValueSet",
    "url" : "https://twcore.mohw.gov.tw/ig/twcore/ValueSet/icd-9-cm-2001-tw",
    "version" : "2023-05-09",
    "name" : "TW2001ICD9CM"
  },
  {
    "id" : "identifier-type-tw",
    "type" : "ValueSet",
    "url" : "https://twcore.mohw.gov.tw/ig/twcore/ValueSet/identifier-type-tw",
    "version" : "0.1.1",
    "name" : "TWIdentifierType"
  },
  {
    "id" : "laboratory-category-tw",
    "type" : "ValueSet",
    "url" : "https://twcore.mohw.gov.tw/ig/twcore/ValueSet/laboratory-category-tw",
    "version" : "2022-07-01",
    "name" : "TWLaboratoryCategory"
  },
  {
    "id" : "loinc-observation-code",
    "type" : "ValueSet",
    "url" : "https://twcore.mohw.gov.tw/ig/twcore/ValueSet/loinc-observation-code",
    "version" : "2.73",
    "name" : "LOINCObservationCode"
  },
  {
    "id" : "medcation-atc-tw",
    "type" : "ValueSet",
    "url" : "https://twcore.mohw.gov.tw/ig/twcore/ValueSet/medcation-atc-tw",
    "version" : "2022-10-24",
    "name" : "TWMedcationATC"
  },
  {
    "id" : "medical-service-payment-tw",
    "type" : "ValueSet",
    "url" : "https://twcore.mohw.gov.tw/ig/twcore/ValueSet/medical-service-payment-tw",
    "version" : "2022-10-07",
    "name" : "TWMedicalServicePayment"
  },
  {
    "id" : "medication-fda-tw",
    "type" : "ValueSet",
    "url" : "https://twcore.mohw.gov.tw/ig/twcore/ValueSet/medication-fda-tw",
    "version" : "0.1.1",
    "name" : "TWMedicationFDA"
  },
  {
    "id" : "medication-frequency-tw",
    "type" : "ValueSet",
    "url" : "https://twcore.mohw.gov.tw/ig/twcore/ValueSet/medication-frequency-tw",
    "version" : "2022-01-28",
    "name" : "TWMedicationFrequency"
  },
  {
    "id" : "medication-nhi-tw",
    "type" : "ValueSet",
    "url" : "https://twcore.mohw.gov.tw/ig/twcore/ValueSet/medication-nhi-tw",
    "version" : "2022-07-28",
    "name" : "TWMedicationNHI"
  },
  {
    "id" : "medication-path-tw",
    "type" : "ValueSet",
    "url" : "https://twcore.mohw.gov.tw/ig/twcore/ValueSet/medication-path-tw",
    "version" : "2022-01-28",
    "name" : "TWMedicationPath"
  },
  {
    "id" : "medication-rxnorm-tw",
    "type" : "ValueSet",
    "url" : "https://twcore.mohw.gov.tw/ig/twcore/ValueSet/medication-rxnorm-tw",
    "version" : "3.0.0",
    "name" : "TWMedicationRXNORM"
  },
  {
    "id" : "organization-identifier-tw",
    "type" : "ValueSet",
    "url" : "https://twcore.mohw.gov.tw/ig/twcore/ValueSet/organization-identifier-tw",
    "version" : "2022-07-31",
    "name" : "TWOrganizationIdentifier"
  },
  {
    "id" : "postal-code3-tw",
    "type" : "ValueSet",
    "url" : "https://twcore.mohw.gov.tw/ig/twcore/ValueSet/postal-code3-tw",
    "version" : "2015-01-22",
    "name" : "TWPostalCode3"
  },
  {
    "id" : "postal-code5-tw",
    "type" : "ValueSet",
    "url" : "https://twcore.mohw.gov.tw/ig/twcore/ValueSet/postal-code5-tw",
    "version" : "2022-06-21",
    "name" : "TWPostalCode5"
  },
  {
    "id" : "postal-code6-tw",
    "type" : "ValueSet",
    "url" : "https://twcore.mohw.gov.tw/ig/twcore/ValueSet/postal-code6-tw",
    "version" : "2020-10-22",
    "name" : "TWPostalCode6"
  },
  {
    "id" : "v3-orderableDrugForm",
    "type" : "ValueSet",
    "url" : "https://twcore.mohw.gov.tw/ig/twcore/ValueSet/v3-orderableDrugForm",
    "version" : "2.1.0",
    "name" : "OrderableDrugForm"
  },
  {
    "id" : "vital-signs-tw",
    "type" : "ValueSet",
    "url" : "https://twcore.mohw.gov.tw/ig/twcore/ValueSet/vital-signs-tw",
    "version" : "0.1.1",
    "name" : "TWVitalSigns"
  }
]
