<?xml version="1.0" encoding="UTF-8"?>

<CapabilityStatement xmlns="http://hl7.org/fhir">
  <id value="CapabilityStatementTWCoreServer"/>
  <text>
    <status value="extensions"/><div xmlns="http://www.w3.org/1999/xhtml">Placeholder</div>
  </text>
  <url value="https://twcore.mohw.gov.tw/ig/twcore/CapabilityStatement/CapabilityStatementTWCoreServer"/>
  <version value="0.1.1"/>
  <name value="CapabilityStatementTWCoreServer"/>
  <title value="臺灣核心-伺服端(TW Core Server)"/>
  <status value="active"/>
  <experimental value="false"/>
  <date value="2022-08-31"/>
  <publisher value="衛生福利部"/>
  <contact>
    <name value="衛生福利部"/>
    <telecom>
      <system value="url"/>
      <value value="https://www.mohw.gov.tw/"/>
    </telecom>
    <telecom>
      <system value="email"/>
      <value value="CCYU@mohw.gov.tw"/>
    </telecom>
  </contact>
  <description value="臺灣核心實作指引(TW Core IG)伺服端(Server)之能力聲明 &#xA;- 2023/8/25異動說明： &#xA;各Profile及查詢參數的強制程度，從 *必須(SHALL)* 改為 *建議應該(SHOULD)*，因實務專案未必需要滿足每個Profile及其查詢參數的要求，有的專案只需部分滿足要求即可達成專案目標，各專案可依其需求於繼承TW core IG之專案IG另行設定強制程度。"/>
  <kind value="requirements"/>
  <fhirVersion value="4.0.1"/>
  <format value="xml"/>
  <format value="json"/>
  <patchFormat value="application/json-patch+json"/>
  <implementationGuide value="https://twcore.mohw.gov.tw/ig/twcore/ImplementationGuide/tw.gov.mohw.twcore"/>
  <rest>
    <mode value="server"/>
    <documentation value="臺灣核心-伺服端(TW Core Server) 必須 (SHALL)&#xA;1.  可透過FHIR RESTful API查詢的Resources&#xA;2.  根據FHIR規範實作RESTful&#xA;3.  HTTP回傳狀態碼&#xA; - (Status 400)：無效參數(invalid parameter)&#xA; - (Status 401/4xx)：未經授權的請求(unauthorized request)&#xA; - (Status 403)：未充分授權的資料存取範圍(insufficient premission scope)&#xA; - (Status 404)：未知的resource(unknown resource)&#xA;4.  Server提供的API操作皆支援JSON格式&#xA;臺灣核心-伺服端(TW Core Server) 建議應該(SHOULD)&#xA;1.  Server提供的API操作皆支援XML格式&#xA;2.  可識別每個新增到Server的實例(instance)之 meta.profile是否為TW Core Profiles Defining URL，並確認實例是否依循profile製作。【註：實例是指依據profile實作，將真實資料以JSON、XML或Turtle格式存放的檔案】&#xA;3.  支援每個profile的查詢參數&#xA;安全性&#xA;1.  Server必須(SHALL)透過回傳 HTTP 401「未授權」， HTTP 403「禁止」，或 HTTP 404 「未找到」，來拒絕任何未經授權的請求&#xA;系統互動能力：&#xA; - 可能可以(MAY)支援交易(transaction)&#xA; - 可能可以(MAY)支援批次(batch)&#xA; - 可能可以(MAY)支援查詢系統(search-system)"/>
    <resource>
      <type value="Condition"/>
      <profile value="https://twcore.mohw.gov.tw/ig/twcore/StructureDefinition/Condition-twcore">
        <extension url="http://hl7.org/fhir/StructureDefinition/capabilitystatement-expectation">
          <valueCode value="SHOULD"/>
        </extension>
      </profile>
      <interaction>
        <extension url="http://hl7.org/fhir/StructureDefinition/capabilitystatement-expectation">
          <valueCode value="SHOULD"/>
        </extension>
        <code value="search-type"/>
      </interaction>
      <interaction>
        <extension url="http://hl7.org/fhir/StructureDefinition/capabilitystatement-expectation">
          <valueCode value="SHOULD"/>
        </extension>
        <code value="read"/>
      </interaction>
      <interaction>
        <extension url="http://hl7.org/fhir/StructureDefinition/capabilitystatement-expectation">
          <valueCode value="SHOULD"/>
        </extension>
        <code value="vread"/>
      </interaction>
      <interaction>
        <extension url="http://hl7.org/fhir/StructureDefinition/capabilitystatement-expectation">
          <valueCode value="SHOULD"/>
        </extension>
        <code value="create"/>
      </interaction>
      <interaction>
        <extension url="http://hl7.org/fhir/StructureDefinition/capabilitystatement-expectation">
          <valueCode value="SHOULD"/>
        </extension>
        <code value="update"/>
      </interaction>
      <interaction>
        <extension url="http://hl7.org/fhir/StructureDefinition/capabilitystatement-expectation">
          <valueCode value="SHOULD"/>
        </extension>
        <code value="delete"/>
      </interaction>
      <interaction>
        <extension url="http://hl7.org/fhir/StructureDefinition/capabilitystatement-expectation">
          <valueCode value="MAY"/>
        </extension>
        <code value="patch"/>
      </interaction>
      <referencePolicy value="resolves"/>
      <searchParam>
        <extension url="http://hl7.org/fhir/StructureDefinition/capabilitystatement-expectation">
          <valueCode value="SHOULD"/>
        </extension>
        <name value="clinical-status"/>
        <definition value="https://twcore.mohw.gov.tw/ig/twcore/SearchParameter/Condition-clinical-status"/>
        <type value="token"/>
      </searchParam>
      <searchParam>
        <extension url="http://hl7.org/fhir/StructureDefinition/capabilitystatement-expectation">
          <valueCode value="SHOULD"/>
        </extension>
        <name value="code"/>
        <definition value="https://twcore.mohw.gov.tw/ig/twcore/SearchParameter/Condition-code"/>
        <type value="token"/>
      </searchParam>
      <searchParam>
        <extension url="http://hl7.org/fhir/StructureDefinition/capabilitystatement-expectation">
          <valueCode value="SHOULD"/>
        </extension>
        <name value="subject"/>
        <definition value="https://twcore.mohw.gov.tw/ig/twcore/SearchParameter/Condition-subject"/>
        <type value="reference"/>
      </searchParam>
      <searchParam>
        <extension url="http://hl7.org/fhir/StructureDefinition/capabilitystatement-expectation">
          <valueCode value="SHOULD"/>
        </extension>
        <name value="onset-date"/>
        <definition value="https://twcore.mohw.gov.tw/ig/twcore/SearchParameter/Condition-onset-date"/>
        <type value="date"/>
      </searchParam>
      <searchParam>
        <extension url="http://hl7.org/fhir/StructureDefinition/capabilitystatement-expectation">
          <valueCode value="SHOULD"/>
        </extension>
        <name value="abatement-date"/>
        <definition value="https://twcore.mohw.gov.tw/ig/twcore/SearchParameter/Condition-abatement-date"/>
        <type value="date"/>
      </searchParam>
      <searchParam>
        <extension url="http://hl7.org/fhir/StructureDefinition/capabilitystatement-expectation">
          <valueCode value="SHOULD"/>
        </extension>
        <name value="severity"/>
        <definition value="https://twcore.mohw.gov.tw/ig/twcore/SearchParameter/Condition-severity"/>
        <type value="token"/>
      </searchParam>
      <searchParam>
        <extension url="http://hl7.org/fhir/StructureDefinition/capabilitystatement-expectation">
          <valueCode value="SHOULD"/>
        </extension>
        <name value="_id"/>
        <definition value="https://twcore.mohw.gov.tw/ig/twcore/SearchParameter/Condition-id"/>
        <type value="token"/>
      </searchParam>
    </resource>
    <resource>
      <type value="DiagnosticReport"/>
      <profile value="https://twcore.mohw.gov.tw/ig/twcore/StructureDefinition/DiagnosticReport-twcore">
        <extension url="http://hl7.org/fhir/StructureDefinition/capabilitystatement-expectation">
          <valueCode value="SHOULD"/>
        </extension>
      </profile>
      <interaction>
        <extension url="http://hl7.org/fhir/StructureDefinition/capabilitystatement-expectation">
          <valueCode value="SHOULD"/>
        </extension>
        <code value="search-type"/>
      </interaction>
      <interaction>
        <extension url="http://hl7.org/fhir/StructureDefinition/capabilitystatement-expectation">
          <valueCode value="SHOULD"/>
        </extension>
        <code value="read"/>
      </interaction>
      <interaction>
        <extension url="http://hl7.org/fhir/StructureDefinition/capabilitystatement-expectation">
          <valueCode value="SHOULD"/>
        </extension>
        <code value="vread"/>
      </interaction>
      <interaction>
        <extension url="http://hl7.org/fhir/StructureDefinition/capabilitystatement-expectation">
          <valueCode value="SHOULD"/>
        </extension>
        <code value="create"/>
      </interaction>
      <interaction>
        <extension url="http://hl7.org/fhir/StructureDefinition/capabilitystatement-expectation">
          <valueCode value="SHOULD"/>
        </extension>
        <code value="update"/>
      </interaction>
      <interaction>
        <extension url="http://hl7.org/fhir/StructureDefinition/capabilitystatement-expectation">
          <valueCode value="SHOULD"/>
        </extension>
        <code value="delete"/>
      </interaction>
      <interaction>
        <extension url="http://hl7.org/fhir/StructureDefinition/capabilitystatement-expectation">
          <valueCode value="MAY"/>
        </extension>
        <code value="patch"/>
      </interaction>
      <referencePolicy value="resolves"/>
      <searchParam>
        <extension url="http://hl7.org/fhir/StructureDefinition/capabilitystatement-expectation">
          <valueCode value="SHOULD"/>
        </extension>
        <name value="status"/>
        <definition value="https://twcore.mohw.gov.tw/ig/twcore/SearchParameter/DiagnosticReport-status"/>
        <type value="token"/>
      </searchParam>
      <searchParam>
        <extension url="http://hl7.org/fhir/StructureDefinition/capabilitystatement-expectation">
          <valueCode value="SHOULD"/>
        </extension>
        <name value="subject"/>
        <definition value="https://twcore.mohw.gov.tw/ig/twcore/SearchParameter/DiagnosticReport-subject"/>
        <type value="reference"/>
      </searchParam>
      <searchParam>
        <extension url="http://hl7.org/fhir/StructureDefinition/capabilitystatement-expectation">
          <valueCode value="SHOULD"/>
        </extension>
        <name value="category"/>
        <definition value="https://twcore.mohw.gov.tw/ig/twcore/SearchParameter/DiagnosticReport-category"/>
        <type value="token"/>
      </searchParam>
      <searchParam>
        <extension url="http://hl7.org/fhir/StructureDefinition/capabilitystatement-expectation">
          <valueCode value="SHOULD"/>
        </extension>
        <name value="code"/>
        <definition value="https://twcore.mohw.gov.tw/ig/twcore/SearchParameter/DiagnosticReport-code"/>
        <type value="token"/>
      </searchParam>
      <searchParam>
        <extension url="http://hl7.org/fhir/StructureDefinition/capabilitystatement-expectation">
          <valueCode value="SHOULD"/>
        </extension>
        <name value="date"/>
        <definition value="https://twcore.mohw.gov.tw/ig/twcore/SearchParameter/DiagnosticReport-date"/>
        <type value="date"/>
      </searchParam>
      <searchParam>
        <extension url="http://hl7.org/fhir/StructureDefinition/capabilitystatement-expectation">
          <valueCode value="SHOULD"/>
        </extension>
        <name value="_id"/>
        <definition value="https://twcore.mohw.gov.tw/ig/twcore/SearchParameter/DiagnosticReport-id"/>
        <type value="token"/>
      </searchParam>
    </resource>
    <resource>
      <type value="Encounter"/>
      <profile value="https://twcore.mohw.gov.tw/ig/twcore/StructureDefinition/Encounter-twcore">
        <extension url="http://hl7.org/fhir/StructureDefinition/capabilitystatement-expectation">
          <valueCode value="SHOULD"/>
        </extension>
      </profile>
      <interaction>
        <extension url="http://hl7.org/fhir/StructureDefinition/capabilitystatement-expectation">
          <valueCode value="SHOULD"/>
        </extension>
        <code value="search-type"/>
      </interaction>
      <interaction>
        <extension url="http://hl7.org/fhir/StructureDefinition/capabilitystatement-expectation">
          <valueCode value="SHOULD"/>
        </extension>
        <code value="read"/>
      </interaction>
      <interaction>
        <extension url="http://hl7.org/fhir/StructureDefinition/capabilitystatement-expectation">
          <valueCode value="SHOULD"/>
        </extension>
        <code value="vread"/>
      </interaction>
      <interaction>
        <extension url="http://hl7.org/fhir/StructureDefinition/capabilitystatement-expectation">
          <valueCode value="SHOULD"/>
        </extension>
        <code value="create"/>
      </interaction>
      <interaction>
        <extension url="http://hl7.org/fhir/StructureDefinition/capabilitystatement-expectation">
          <valueCode value="SHOULD"/>
        </extension>
        <code value="update"/>
      </interaction>
      <interaction>
        <extension url="http://hl7.org/fhir/StructureDefinition/capabilitystatement-expectation">
          <valueCode value="SHOULD"/>
        </extension>
        <code value="delete"/>
      </interaction>
      <interaction>
        <extension url="http://hl7.org/fhir/StructureDefinition/capabilitystatement-expectation">
          <valueCode value="MAY"/>
        </extension>
        <code value="patch"/>
      </interaction>
      <referencePolicy value="resolves"/>
      <searchParam>
        <extension url="http://hl7.org/fhir/StructureDefinition/capabilitystatement-expectation">
          <valueCode value="SHOULD"/>
        </extension>
        <name value="class"/>
        <definition value="https://twcore.mohw.gov.tw/ig/twcore/SearchParameter/Encounter-class"/>
        <type value="token"/>
      </searchParam>
      <searchParam>
        <extension url="http://hl7.org/fhir/StructureDefinition/capabilitystatement-expectation">
          <valueCode value="SHOULD"/>
        </extension>
        <name value="date"/>
        <definition value="https://twcore.mohw.gov.tw/ig/twcore/SearchParameter/Encounter-date"/>
        <type value="date"/>
      </searchParam>
      <searchParam>
        <extension url="http://hl7.org/fhir/StructureDefinition/capabilitystatement-expectation">
          <valueCode value="SHOULD"/>
        </extension>
        <name value="identifier"/>
        <definition value="https://twcore.mohw.gov.tw/ig/twcore/SearchParameter/Encounter-identifier"/>
        <type value="token"/>
      </searchParam>
      <searchParam>
        <extension url="http://hl7.org/fhir/StructureDefinition/capabilitystatement-expectation">
          <valueCode value="SHOULD"/>
        </extension>
        <name value="location"/>
        <definition value="https://twcore.mohw.gov.tw/ig/twcore/SearchParameter/Encounter-location"/>
        <type value="reference"/>
      </searchParam>
      <searchParam>
        <extension url="http://hl7.org/fhir/StructureDefinition/capabilitystatement-expectation">
          <valueCode value="SHOULD"/>
        </extension>
        <name value="subject"/>
        <definition value="https://twcore.mohw.gov.tw/ig/twcore/SearchParameter/Encounter-subject"/>
        <type value="reference"/>
      </searchParam>
      <searchParam>
        <extension url="http://hl7.org/fhir/StructureDefinition/capabilitystatement-expectation">
          <valueCode value="SHOULD"/>
        </extension>
        <name value="status"/>
        <definition value="https://twcore.mohw.gov.tw/ig/twcore/SearchParameter/Encounter-status"/>
        <type value="token"/>
      </searchParam>
      <searchParam>
        <extension url="http://hl7.org/fhir/StructureDefinition/capabilitystatement-expectation">
          <valueCode value="SHOULD"/>
        </extension>
        <name value="_id"/>
        <definition value="https://twcore.mohw.gov.tw/ig/twcore/SearchParameter/Encounter-id"/>
        <type value="token"/>
      </searchParam>
    </resource>
    <resource>
      <type value="Medication"/>
      <profile value="https://twcore.mohw.gov.tw/ig/twcore/StructureDefinition/Medication-twcore">
        <extension url="http://hl7.org/fhir/StructureDefinition/capabilitystatement-expectation">
          <valueCode value="SHOULD"/>
        </extension>
      </profile>
      <interaction>
        <extension url="http://hl7.org/fhir/StructureDefinition/capabilitystatement-expectation">
          <valueCode value="SHOULD"/>
        </extension>
        <code value="search-type"/>
      </interaction>
      <interaction>
        <extension url="http://hl7.org/fhir/StructureDefinition/capabilitystatement-expectation">
          <valueCode value="SHOULD"/>
        </extension>
        <code value="read"/>
      </interaction>
      <interaction>
        <extension url="http://hl7.org/fhir/StructureDefinition/capabilitystatement-expectation">
          <valueCode value="SHOULD"/>
        </extension>
        <code value="vread"/>
      </interaction>
      <interaction>
        <extension url="http://hl7.org/fhir/StructureDefinition/capabilitystatement-expectation">
          <valueCode value="SHOULD"/>
        </extension>
        <code value="create"/>
      </interaction>
      <interaction>
        <extension url="http://hl7.org/fhir/StructureDefinition/capabilitystatement-expectation">
          <valueCode value="SHOULD"/>
        </extension>
        <code value="update"/>
      </interaction>
      <interaction>
        <extension url="http://hl7.org/fhir/StructureDefinition/capabilitystatement-expectation">
          <valueCode value="SHOULD"/>
        </extension>
        <code value="delete"/>
      </interaction>
      <interaction>
        <extension url="http://hl7.org/fhir/StructureDefinition/capabilitystatement-expectation">
          <valueCode value="MAY"/>
        </extension>
        <code value="patch"/>
      </interaction>
      <referencePolicy value="resolves"/>
      <searchParam>
        <extension url="http://hl7.org/fhir/StructureDefinition/capabilitystatement-expectation">
          <valueCode value="SHOULD"/>
        </extension>
        <name value="code"/>
        <definition value="https://twcore.mohw.gov.tw/ig/twcore/SearchParameter/Medication-code"/>
        <type value="token"/>
      </searchParam>
      <searchParam>
        <extension url="http://hl7.org/fhir/StructureDefinition/capabilitystatement-expectation">
          <valueCode value="SHOULD"/>
        </extension>
        <name value="_id"/>
        <definition value="https://twcore.mohw.gov.tw/ig/twcore/SearchParameter/Medication-id"/>
        <type value="token"/>
      </searchParam>
    </resource>
    <resource>
      <type value="MedicationRequest"/>
      <profile value="https://twcore.mohw.gov.tw/ig/twcore/StructureDefinition/MedicationRequest-twcore">
        <extension url="http://hl7.org/fhir/StructureDefinition/capabilitystatement-expectation">
          <valueCode value="SHOULD"/>
        </extension>
      </profile>
      <interaction>
        <extension url="http://hl7.org/fhir/StructureDefinition/capabilitystatement-expectation">
          <valueCode value="SHOULD"/>
        </extension>
        <code value="search-type"/>
      </interaction>
      <interaction>
        <extension url="http://hl7.org/fhir/StructureDefinition/capabilitystatement-expectation">
          <valueCode value="SHOULD"/>
        </extension>
        <code value="read"/>
      </interaction>
      <interaction>
        <extension url="http://hl7.org/fhir/StructureDefinition/capabilitystatement-expectation">
          <valueCode value="SHOULD"/>
        </extension>
        <code value="vread"/>
      </interaction>
      <interaction>
        <extension url="http://hl7.org/fhir/StructureDefinition/capabilitystatement-expectation">
          <valueCode value="SHOULD"/>
        </extension>
        <code value="create"/>
      </interaction>
      <interaction>
        <extension url="http://hl7.org/fhir/StructureDefinition/capabilitystatement-expectation">
          <valueCode value="SHOULD"/>
        </extension>
        <code value="update"/>
      </interaction>
      <interaction>
        <extension url="http://hl7.org/fhir/StructureDefinition/capabilitystatement-expectation">
          <valueCode value="SHOULD"/>
        </extension>
        <code value="delete"/>
      </interaction>
      <interaction>
        <extension url="http://hl7.org/fhir/StructureDefinition/capabilitystatement-expectation">
          <valueCode value="MAY"/>
        </extension>
        <code value="patch"/>
      </interaction>
      <referencePolicy value="resolves"/>
      <searchParam>
        <extension url="http://hl7.org/fhir/StructureDefinition/capabilitystatement-expectation">
          <valueCode value="SHOULD"/>
        </extension>
        <name value="status"/>
        <definition value="https://twcore.mohw.gov.tw/ig/twcore/SearchParameter/MedicationRequest-status"/>
        <type value="token"/>
      </searchParam>
      <searchParam>
        <extension url="http://hl7.org/fhir/StructureDefinition/capabilitystatement-expectation">
          <valueCode value="SHOULD"/>
        </extension>
        <name value="intent"/>
        <definition value="https://twcore.mohw.gov.tw/ig/twcore/SearchParameter/MedicationRequest-intent"/>
        <type value="token"/>
      </searchParam>
      <searchParam>
        <extension url="http://hl7.org/fhir/StructureDefinition/capabilitystatement-expectation">
          <valueCode value="SHOULD"/>
        </extension>
        <name value="subject"/>
        <definition value="https://twcore.mohw.gov.tw/ig/twcore/SearchParameter/MedicationRequest-subject"/>
        <type value="reference"/>
      </searchParam>
      <searchParam>
        <extension url="http://hl7.org/fhir/StructureDefinition/capabilitystatement-expectation">
          <valueCode value="SHOULD"/>
        </extension>
        <name value="encounter"/>
        <definition value="https://twcore.mohw.gov.tw/ig/twcore/SearchParameter/MedicationRequest-encounter"/>
        <type value="reference"/>
      </searchParam>
      <searchParam>
        <extension url="http://hl7.org/fhir/StructureDefinition/capabilitystatement-expectation">
          <valueCode value="SHOULD"/>
        </extension>
        <name value="authoredon"/>
        <definition value="https://twcore.mohw.gov.tw/ig/twcore/SearchParameter/MedicationRequest-authoredon"/>
        <type value="date"/>
      </searchParam>
      <searchParam>
        <extension url="http://hl7.org/fhir/StructureDefinition/capabilitystatement-expectation">
          <valueCode value="SHOULD"/>
        </extension>
        <name value="_id"/>
        <definition value="https://twcore.mohw.gov.tw/ig/twcore/SearchParameter/MedicationRequest-id"/>
        <type value="token"/>
      </searchParam>
    </resource>
    <resource>
      <type value="Observation"/>
      <profile value="https://twcore.mohw.gov.tw/ig/twcore/StructureDefinition/Observation-laboratoryResult-twcore">
        <extension url="http://hl7.org/fhir/StructureDefinition/capabilitystatement-expectation">
          <valueCode value="SHOULD"/>
        </extension>
      </profile>
      <supportedProfile value="https://twcore.mohw.gov.tw/ig/twcore/StructureDefinition/Observation-vitalSigns-twcore">
        <extension url="http://hl7.org/fhir/StructureDefinition/capabilitystatement-expectation">
          <valueCode value="SHOULD"/>
        </extension>
      </supportedProfile>
      <supportedProfile value="https://twcore.mohw.gov.tw/ig/twcore/StructureDefinition/Observation-bloodPressure-twcore">
        <extension url="http://hl7.org/fhir/StructureDefinition/capabilitystatement-expectation">
          <valueCode value="SHOULD"/>
        </extension>
      </supportedProfile>
      <supportedProfile value="https://twcore.mohw.gov.tw/ig/twcore/StructureDefinition/Observation-bmi-twcore">
        <extension url="http://hl7.org/fhir/StructureDefinition/capabilitystatement-expectation">
          <valueCode value="SHOULD"/>
        </extension>
      </supportedProfile>
      <interaction>
        <extension url="http://hl7.org/fhir/StructureDefinition/capabilitystatement-expectation">
          <valueCode value="SHOULD"/>
        </extension>
        <code value="search-type"/>
      </interaction>
      <interaction>
        <extension url="http://hl7.org/fhir/StructureDefinition/capabilitystatement-expectation">
          <valueCode value="SHOULD"/>
        </extension>
        <code value="read"/>
      </interaction>
      <interaction>
        <extension url="http://hl7.org/fhir/StructureDefinition/capabilitystatement-expectation">
          <valueCode value="SHOULD"/>
        </extension>
        <code value="vread"/>
      </interaction>
      <interaction>
        <extension url="http://hl7.org/fhir/StructureDefinition/capabilitystatement-expectation">
          <valueCode value="SHOULD"/>
        </extension>
        <code value="create"/>
      </interaction>
      <interaction>
        <extension url="http://hl7.org/fhir/StructureDefinition/capabilitystatement-expectation">
          <valueCode value="SHOULD"/>
        </extension>
        <code value="update"/>
      </interaction>
      <interaction>
        <extension url="http://hl7.org/fhir/StructureDefinition/capabilitystatement-expectation">
          <valueCode value="SHOULD"/>
        </extension>
        <code value="delete"/>
      </interaction>
      <interaction>
        <extension url="http://hl7.org/fhir/StructureDefinition/capabilitystatement-expectation">
          <valueCode value="MAY"/>
        </extension>
        <code value="patch"/>
      </interaction>
      <referencePolicy value="resolves"/>
      <searchParam>
        <extension url="http://hl7.org/fhir/StructureDefinition/capabilitystatement-expectation">
          <valueCode value="SHOULD"/>
        </extension>
        <name value="status"/>
        <definition value="https://twcore.mohw.gov.tw/ig/twcore/SearchParameter/Observation-status"/>
        <type value="token"/>
      </searchParam>
      <searchParam>
        <extension url="http://hl7.org/fhir/StructureDefinition/capabilitystatement-expectation">
          <valueCode value="SHOULD"/>
        </extension>
        <name value="category"/>
        <definition value="https://twcore.mohw.gov.tw/ig/twcore/SearchParameter/Observation-category"/>
        <type value="token"/>
      </searchParam>
      <searchParam>
        <extension url="http://hl7.org/fhir/StructureDefinition/capabilitystatement-expectation">
          <valueCode value="SHOULD"/>
        </extension>
        <name value="code"/>
        <definition value="https://twcore.mohw.gov.tw/ig/twcore/SearchParameter/Observation-code"/>
        <type value="token"/>
      </searchParam>
      <searchParam>
        <extension url="http://hl7.org/fhir/StructureDefinition/capabilitystatement-expectation">
          <valueCode value="SHOULD"/>
        </extension>
        <name value="performer"/>
        <definition value="https://twcore.mohw.gov.tw/ig/twcore/SearchParameter/Observation-performer"/>
        <type value="reference"/>
      </searchParam>
      <searchParam>
        <extension url="http://hl7.org/fhir/StructureDefinition/capabilitystatement-expectation">
          <valueCode value="SHOULD"/>
        </extension>
        <name value="subject"/>
        <definition value="https://twcore.mohw.gov.tw/ig/twcore/SearchParameter/Observation-subject"/>
        <type value="reference"/>
      </searchParam>
      <searchParam>
        <extension url="http://hl7.org/fhir/StructureDefinition/capabilitystatement-expectation">
          <valueCode value="SHOULD"/>
        </extension>
        <name value="date"/>
        <definition value="https://twcore.mohw.gov.tw/ig/twcore/SearchParameter/Observation-date"/>
        <type value="date"/>
      </searchParam>
      <searchParam>
        <extension url="http://hl7.org/fhir/StructureDefinition/capabilitystatement-expectation">
          <valueCode value="SHOULD"/>
        </extension>
        <name value="_id"/>
        <definition value="https://twcore.mohw.gov.tw/ig/twcore/SearchParameter/Observation-id"/>
        <type value="token"/>
      </searchParam>
    </resource>
    <resource>
      <type value="Organization"/>
      <profile value="https://twcore.mohw.gov.tw/ig/twcore/StructureDefinition/Organization-twcore">
        <extension url="http://hl7.org/fhir/StructureDefinition/capabilitystatement-expectation">
          <valueCode value="SHOULD"/>
        </extension>
      </profile>
      <supportedProfile value="https://twcore.mohw.gov.tw/ig/twcore/StructureDefinition/Organization-govt-twcore">
        <extension url="http://hl7.org/fhir/StructureDefinition/capabilitystatement-expectation">
          <valueCode value="SHOULD"/>
        </extension>
      </supportedProfile>
      <supportedProfile value="https://twcore.mohw.gov.tw/ig/twcore/StructureDefinition/Organization-hosp-twcore">
        <extension url="http://hl7.org/fhir/StructureDefinition/capabilitystatement-expectation">
          <valueCode value="SHOULD"/>
        </extension>
      </supportedProfile>
      <supportedProfile value="https://twcore.mohw.gov.tw/ig/twcore/StructureDefinition/Organization-co-twcore">
        <extension url="http://hl7.org/fhir/StructureDefinition/capabilitystatement-expectation">
          <valueCode value="SHOULD"/>
        </extension>
      </supportedProfile>
      <interaction>
        <extension url="http://hl7.org/fhir/StructureDefinition/capabilitystatement-expectation">
          <valueCode value="SHOULD"/>
        </extension>
        <code value="search-type"/>
      </interaction>
      <interaction>
        <extension url="http://hl7.org/fhir/StructureDefinition/capabilitystatement-expectation">
          <valueCode value="SHOULD"/>
        </extension>
        <code value="read"/>
      </interaction>
      <interaction>
        <extension url="http://hl7.org/fhir/StructureDefinition/capabilitystatement-expectation">
          <valueCode value="SHOULD"/>
        </extension>
        <code value="vread"/>
      </interaction>
      <interaction>
        <extension url="http://hl7.org/fhir/StructureDefinition/capabilitystatement-expectation">
          <valueCode value="SHOULD"/>
        </extension>
        <code value="create"/>
      </interaction>
      <interaction>
        <extension url="http://hl7.org/fhir/StructureDefinition/capabilitystatement-expectation">
          <valueCode value="SHOULD"/>
        </extension>
        <code value="update"/>
      </interaction>
      <interaction>
        <extension url="http://hl7.org/fhir/StructureDefinition/capabilitystatement-expectation">
          <valueCode value="SHOULD"/>
        </extension>
        <code value="delete"/>
      </interaction>
      <interaction>
        <extension url="http://hl7.org/fhir/StructureDefinition/capabilitystatement-expectation">
          <valueCode value="MAY"/>
        </extension>
        <code value="patch"/>
      </interaction>
      <referencePolicy value="resolves"/>
      <searchParam>
        <extension url="http://hl7.org/fhir/StructureDefinition/capabilitystatement-expectation">
          <valueCode value="SHOULD"/>
        </extension>
        <name value="identifier"/>
        <definition value="https://twcore.mohw.gov.tw/ig/twcore/SearchParameter/Organization-identifier"/>
        <type value="token"/>
      </searchParam>
      <searchParam>
        <extension url="http://hl7.org/fhir/StructureDefinition/capabilitystatement-expectation">
          <valueCode value="SHOULD"/>
        </extension>
        <name value="name"/>
        <definition value="https://twcore.mohw.gov.tw/ig/twcore/SearchParameter/Organization-name"/>
        <type value="string"/>
      </searchParam>
      <searchParam>
        <extension url="http://hl7.org/fhir/StructureDefinition/capabilitystatement-expectation">
          <valueCode value="SHOULD"/>
        </extension>
        <name value="type"/>
        <definition value="https://twcore.mohw.gov.tw/ig/twcore/SearchParameter/Organization-type"/>
        <type value="token"/>
      </searchParam>
      <searchParam>
        <extension url="http://hl7.org/fhir/StructureDefinition/capabilitystatement-expectation">
          <valueCode value="SHOULD"/>
        </extension>
        <name value="_id"/>
        <definition value="https://twcore.mohw.gov.tw/ig/twcore/SearchParameter/Organization-id"/>
        <type value="token"/>
      </searchParam>
    </resource>
    <resource>
      <type value="Patient"/>
      <profile value="https://twcore.mohw.gov.tw/ig/twcore/StructureDefinition/Patient-twcore">
        <extension url="http://hl7.org/fhir/StructureDefinition/capabilitystatement-expectation">
          <valueCode value="SHOULD"/>
        </extension>
      </profile>
      <interaction>
        <extension url="http://hl7.org/fhir/StructureDefinition/capabilitystatement-expectation">
          <valueCode value="SHOULD"/>
        </extension>
        <code value="search-type"/>
      </interaction>
      <interaction>
        <extension url="http://hl7.org/fhir/StructureDefinition/capabilitystatement-expectation">
          <valueCode value="SHOULD"/>
        </extension>
        <code value="read"/>
      </interaction>
      <interaction>
        <extension url="http://hl7.org/fhir/StructureDefinition/capabilitystatement-expectation">
          <valueCode value="SHOULD"/>
        </extension>
        <code value="vread"/>
      </interaction>
      <interaction>
        <extension url="http://hl7.org/fhir/StructureDefinition/capabilitystatement-expectation">
          <valueCode value="SHOULD"/>
        </extension>
        <code value="create"/>
      </interaction>
      <interaction>
        <extension url="http://hl7.org/fhir/StructureDefinition/capabilitystatement-expectation">
          <valueCode value="SHOULD"/>
        </extension>
        <code value="update"/>
      </interaction>
      <interaction>
        <extension url="http://hl7.org/fhir/StructureDefinition/capabilitystatement-expectation">
          <valueCode value="SHOULD"/>
        </extension>
        <code value="delete"/>
      </interaction>
      <interaction>
        <extension url="http://hl7.org/fhir/StructureDefinition/capabilitystatement-expectation">
          <valueCode value="MAY"/>
        </extension>
        <code value="patch"/>
      </interaction>
      <referencePolicy value="resolves"/>
      <searchParam>
        <extension url="http://hl7.org/fhir/StructureDefinition/capabilitystatement-expectation">
          <valueCode value="SHOULD"/>
        </extension>
        <name value="birthdate"/>
        <definition value="https://twcore.mohw.gov.tw/ig/twcore/SearchParameter/Patient-birthdate"/>
        <type value="date"/>
      </searchParam>
      <searchParam>
        <extension url="http://hl7.org/fhir/StructureDefinition/capabilitystatement-expectation">
          <valueCode value="SHOULD"/>
        </extension>
        <name value="gender"/>
        <definition value="https://twcore.mohw.gov.tw/ig/twcore/SearchParameter/Patient-gender"/>
        <type value="token"/>
      </searchParam>
      <searchParam>
        <extension url="http://hl7.org/fhir/StructureDefinition/capabilitystatement-expectation">
          <valueCode value="SHOULD"/>
        </extension>
        <name value="identifier"/>
        <definition value="https://twcore.mohw.gov.tw/ig/twcore/SearchParameter/Patient-identifier"/>
        <type value="token"/>
      </searchParam>
      <searchParam>
        <extension url="http://hl7.org/fhir/StructureDefinition/capabilitystatement-expectation">
          <valueCode value="SHOULD"/>
        </extension>
        <name value="name"/>
        <definition value="https://twcore.mohw.gov.tw/ig/twcore/SearchParameter/Patient-name"/>
        <type value="string"/>
      </searchParam>
      <searchParam>
        <extension url="http://hl7.org/fhir/StructureDefinition/capabilitystatement-expectation">
          <valueCode value="SHOULD"/>
        </extension>
        <name value="_id"/>
        <definition value="https://twcore.mohw.gov.tw/ig/twcore/SearchParameter/Patient-id"/>
        <type value="token"/>
      </searchParam>
    </resource>
    <resource>
      <type value="Practitioner"/>
      <profile value="https://twcore.mohw.gov.tw/ig/twcore/StructureDefinition/Practitioner-twcore">
        <extension url="http://hl7.org/fhir/StructureDefinition/capabilitystatement-expectation">
          <valueCode value="SHOULD"/>
        </extension>
      </profile>
      <interaction>
        <extension url="http://hl7.org/fhir/StructureDefinition/capabilitystatement-expectation">
          <valueCode value="SHOULD"/>
        </extension>
        <code value="search-type"/>
      </interaction>
      <interaction>
        <extension url="http://hl7.org/fhir/StructureDefinition/capabilitystatement-expectation">
          <valueCode value="SHOULD"/>
        </extension>
        <code value="read"/>
      </interaction>
      <interaction>
        <extension url="http://hl7.org/fhir/StructureDefinition/capabilitystatement-expectation">
          <valueCode value="SHOULD"/>
        </extension>
        <code value="vread"/>
      </interaction>
      <interaction>
        <extension url="http://hl7.org/fhir/StructureDefinition/capabilitystatement-expectation">
          <valueCode value="SHOULD"/>
        </extension>
        <code value="create"/>
      </interaction>
      <interaction>
        <extension url="http://hl7.org/fhir/StructureDefinition/capabilitystatement-expectation">
          <valueCode value="SHOULD"/>
        </extension>
        <code value="update"/>
      </interaction>
      <interaction>
        <extension url="http://hl7.org/fhir/StructureDefinition/capabilitystatement-expectation">
          <valueCode value="SHOULD"/>
        </extension>
        <code value="delete"/>
      </interaction>
      <interaction>
        <extension url="http://hl7.org/fhir/StructureDefinition/capabilitystatement-expectation">
          <valueCode value="MAY"/>
        </extension>
        <code value="patch"/>
      </interaction>
      <referencePolicy value="resolves"/>
      <searchParam>
        <extension url="http://hl7.org/fhir/StructureDefinition/capabilitystatement-expectation">
          <valueCode value="SHOULD"/>
        </extension>
        <name value="_id"/>
        <definition value="https://twcore.mohw.gov.tw/ig/twcore/SearchParameter/Practitioner-id"/>
        <type value="token"/>
      </searchParam>
      <searchParam>
        <extension url="http://hl7.org/fhir/StructureDefinition/capabilitystatement-expectation">
          <valueCode value="SHOULD"/>
        </extension>
        <name value="identifier"/>
        <definition value="https://twcore.mohw.gov.tw/ig/twcore/SearchParameter/Practitioner-identifier"/>
        <type value="token"/>
      </searchParam>
      <searchParam>
        <extension url="http://hl7.org/fhir/StructureDefinition/capabilitystatement-expectation">
          <valueCode value="SHOULD"/>
        </extension>
        <name value="name"/>
        <definition value="https://twcore.mohw.gov.tw/ig/twcore/SearchParameter/Practitioner-name"/>
        <type value="string"/>
      </searchParam>
    </resource>
    <resource>
      <type value="Procedure"/>
      <profile value="https://twcore.mohw.gov.tw/ig/twcore/StructureDefinition/Procedure-twcore">
        <extension url="http://hl7.org/fhir/StructureDefinition/capabilitystatement-expectation">
          <valueCode value="SHOULD"/>
        </extension>
      </profile>
      <interaction>
        <extension url="http://hl7.org/fhir/StructureDefinition/capabilitystatement-expectation">
          <valueCode value="SHOULD"/>
        </extension>
        <code value="search-type"/>
      </interaction>
      <interaction>
        <extension url="http://hl7.org/fhir/StructureDefinition/capabilitystatement-expectation">
          <valueCode value="SHOULD"/>
        </extension>
        <code value="read"/>
      </interaction>
      <interaction>
        <extension url="http://hl7.org/fhir/StructureDefinition/capabilitystatement-expectation">
          <valueCode value="SHOULD"/>
        </extension>
        <code value="vread"/>
      </interaction>
      <interaction>
        <extension url="http://hl7.org/fhir/StructureDefinition/capabilitystatement-expectation">
          <valueCode value="SHOULD"/>
        </extension>
        <code value="create"/>
      </interaction>
      <interaction>
        <extension url="http://hl7.org/fhir/StructureDefinition/capabilitystatement-expectation">
          <valueCode value="SHOULD"/>
        </extension>
        <code value="update"/>
      </interaction>
      <interaction>
        <extension url="http://hl7.org/fhir/StructureDefinition/capabilitystatement-expectation">
          <valueCode value="SHOULD"/>
        </extension>
        <code value="delete"/>
      </interaction>
      <interaction>
        <extension url="http://hl7.org/fhir/StructureDefinition/capabilitystatement-expectation">
          <valueCode value="MAY"/>
        </extension>
        <code value="patch"/>
      </interaction>
      <referencePolicy value="resolves"/>
      <searchParam>
        <extension url="http://hl7.org/fhir/StructureDefinition/capabilitystatement-expectation">
          <valueCode value="SHOULD"/>
        </extension>
        <name value="code"/>
        <definition value="https://twcore.mohw.gov.tw/ig/twcore/SearchParameter/Procedure-code"/>
        <type value="token"/>
      </searchParam>
      <searchParam>
        <extension url="http://hl7.org/fhir/StructureDefinition/capabilitystatement-expectation">
          <valueCode value="SHOULD"/>
        </extension>
        <name value="status"/>
        <definition value="https://twcore.mohw.gov.tw/ig/twcore/SearchParameter/Procedure-status"/>
        <type value="token"/>
      </searchParam>
      <searchParam>
        <extension url="http://hl7.org/fhir/StructureDefinition/capabilitystatement-expectation">
          <valueCode value="SHOULD"/>
        </extension>
        <name value="subject"/>
        <definition value="https://twcore.mohw.gov.tw/ig/twcore/SearchParameter/Procedure-subject"/>
        <type value="reference"/>
      </searchParam>
      <searchParam>
        <extension url="http://hl7.org/fhir/StructureDefinition/capabilitystatement-expectation">
          <valueCode value="SHOULD"/>
        </extension>
        <name value="date"/>
        <definition value="https://twcore.mohw.gov.tw/ig/twcore/SearchParameter/Procedure-date"/>
        <type value="date"/>
      </searchParam>
      <searchParam>
        <extension url="http://hl7.org/fhir/StructureDefinition/capabilitystatement-expectation">
          <valueCode value="SHOULD"/>
        </extension>
        <name value="_id"/>
        <definition value="https://twcore.mohw.gov.tw/ig/twcore/SearchParameter/Procedure-id"/>
        <type value="token"/>
      </searchParam>
    </resource>
  </rest>
</CapabilityStatement>