<?xml version="1.0" encoding="UTF-8"?>

<CodeSystem xmlns="http://hl7.org/fhir">
  <id value="health-professional-tw"/>
  <text>
    <status value="generated"/><div xmlns="http://www.w3.org/1999/xhtml">Placeholder</div>
  </text>
  <url value="https://twcore.mohw.gov.tw/ig/twcore/CodeSystem/health-professional-tw"/>
  <version value="2022-01-28"/>
  <name value="TWHealthProfessional"/>
  <title value="臺灣醫事人員類別"/>
  <status value="active"/>
  <experimental value="false"/>
  <date value="2022-01-28"/>
  <contact>
    <name value="衛生福利部"/>
    <telecom>
      <system value="url"/>
      <value value="https://www.mohw.gov.tw/"/>
    </telecom>
    <telecom>
      <system value="email"/>
      <value value="CCYU@mohw.gov.tw"/>
    </telecom>
  </contact>
  <description value="臺灣醫事人員類別，參照至[https://www.google.com/url?client=internal-element-cse&amp;cx=012254495936870409035:lzvyrg0mtim&amp;q=https://www.mohw.gov.tw/dl-40452-1441ca2e-cde9-4345-b681-f9a20d5176b5.html&amp;sa=U&amp;ved=2ahUKEwjg5MCYrZn5AhUTI6YKHV6mC_s4FBAWegQIBBAC&amp;usg=AOvVaw1q62t2W0hhdi0WC6e_nh1m](https://www.google.com/url?client=internal-element-cse&amp;cx=012254495936870409035:lzvyrg0mtim&amp;q=https://www.mohw.gov.tw/dl-40452-1441ca2e-cde9-4345-b681-f9a20d5176b5.html&amp;sa=U&amp;ved=2ahUKEwjg5MCYrZn5AhUTI6YKHV6mC_s4FBAWegQIBBAC&amp;usg=AOvVaw1q62t2W0hhdi0WC6e_nh1m)  &#xD;&#xA;代碼出版日期：2022-01-28；資料所屬單位：衛生福利部醫事司。&#xD;&#xA;&#xD;&#xA;*因原始資料無代碼版本資訊，故使用其「更新日期」作為版本資訊。*"/>
  <copyright value="衛生福利部統計處"/>
  <caseSensitive value="true"/>
  <content value="complete"/>
  <count value="32"/>
  <concept>
    <code value="1"/>
    <display value="語言治療師"/>
  </concept>
  <concept>
    <code value="2"/>
    <display value="牙體技術師"/>
  </concept>
  <concept>
    <code value="3"/>
    <display value="聽力師"/>
  </concept>
  <concept>
    <code value="4"/>
    <display value="牙體技術生"/>
  </concept>
  <concept>
    <code value="5"/>
    <display value="驗光師"/>
  </concept>
  <concept>
    <code value="6"/>
    <display value="驗光生"/>
  </concept>
  <concept>
    <code value="A"/>
    <display value="西醫師"/>
  </concept>
  <concept>
    <code value="B"/>
    <display value="中醫師"/>
  </concept>
  <concept>
    <code value="C"/>
    <display value="牙醫師"/>
  </concept>
  <concept>
    <code value="D"/>
    <display value="藥師"/>
  </concept>
  <concept>
    <code value="E"/>
    <display value="藥劑生"/>
  </concept>
  <concept>
    <code value="F"/>
    <display value="護理師"/>
  </concept>
  <concept>
    <code value="G"/>
    <display value="護士"/>
  </concept>
  <concept>
    <code value="H"/>
    <display value="助產士"/>
  </concept>
  <concept>
    <code value="I"/>
    <display value="助產師"/>
  </concept>
  <concept>
    <code value="J"/>
    <display value="醫事檢驗師"/>
  </concept>
  <concept>
    <code value="K"/>
    <display value="醫事檢驗生"/>
  </concept>
  <concept>
    <code value="L"/>
    <display value="鑲牙生"/>
  </concept>
  <concept>
    <code value="M"/>
    <display value="中藥員"/>
  </concept>
  <concept>
    <code value="N"/>
    <display value="齒模員"/>
  </concept>
  <concept>
    <code value="O"/>
    <display value="非醫事人員"/>
  </concept>
  <concept>
    <code value="P"/>
    <display value="接骨員"/>
  </concept>
  <concept>
    <code value="Q"/>
    <display value="物理治療師"/>
  </concept>
  <concept>
    <code value="R"/>
    <display value="職能治療師"/>
  </concept>
  <concept>
    <code value="S"/>
    <display value="醫事放射師"/>
  </concept>
  <concept>
    <code value="T"/>
    <display value="醫事放射士"/>
  </concept>
  <concept>
    <code value="U"/>
    <display value="物理治療生"/>
  </concept>
  <concept>
    <code value="V"/>
    <display value="呼吸治療師"/>
  </concept>
  <concept>
    <code value="W"/>
    <display value="職能治療生"/>
  </concept>
  <concept>
    <code value="X"/>
    <display value="諮商心理師"/>
  </concept>
  <concept>
    <code value="Y"/>
    <display value="臨床心理師"/>
  </concept>
  <concept>
    <code value="Z"/>
    <display value="營養師"/>
  </concept>
</CodeSystem>