{
  "resourceType" : "CodeSystem",
  "id" : "medication-frequency-tw",
  "text" : {
    "status" : "generated",
    "div" : "<div xmlns=\"http://www.w3.org/1999/xhtml\">Placeholder</div>"
  },
  "url" : "https://twcore.mohw.gov.tw/ig/twcore/CodeSystem/medication-frequency-tw",
  "version" : "2022-01-28",
  "name" : "TWMedicationFrequency",
  "title" : "臺灣藥品使用頻率",
  "status" : "active",
  "experimental" : false,
  "date" : "2014-03-05",
  "contact" : [{
    "name" : "衛生福利部",
    "telecom" : [{
      "system" : "url",
      "value" : "https://www.mohw.gov.tw/"
    },
    {
      "system" : "email",
      "value" : "CCYU@mohw.gov.tw"
    }]
  }],
  "description" : "臺灣藥品使用頻率，參照至[https://dep.mohw.gov.tw/dos/lp-2503-113-xCat-DOS_dc002.html](https://dep.mohw.gov.tw/dos/lp-2503-113-xCat-DOS_dc002.html)-[Health06_全民健保處方及治療醫令明細檔_藥局](https://www.mohw.gov.tw/dl-16099-93a2fb9d-25a4-4e80-9508-88f5b317f6f9.html)  \r\n代碼出版日期：2014-03-05；資料所屬單位：衛生福利部統計處。\r\n\r\n*因原始資料無代碼版本資訊，故使用其「更新日期」作為版本資訊。*",
  "copyright" : "衛生福利部統計處",
  "caseSensitive" : true,
  "content" : "complete",
  "count" : 33,
  "property" : [{
    "code" : "frequency",
    "description" : "藥品使用頻率",
    "type" : "string"
  }],
  "concept" : [{
    "code" : "QW(x,y,z..)",
    "display" : "每星期x,y,z…使用(x,y,z為一至六、日)",
    "property" : [{
      "code" : "frequency",
      "valueString" : "非每日常規使用頻率"
    }]
  },
  {
    "code" : "yWzD",
    "display" : "每y星期用z天(y,z=1,2,3….)",
    "property" : [{
      "code" : "frequency",
      "valueString" : "非每日常規使用頻率"
    }]
  },
  {
    "code" : "MCDxDy",
    "display" : "月經第x天至第y天使用(x,y=1,2,3….)",
    "property" : [{
      "code" : "frequency",
      "valueString" : "非每日常規使用頻率"
    }]
  },
  {
    "code" : "QxD",
    "display" : "每x日一次(x=2,3,4,….)",
    "property" : [{
      "code" : "frequency",
      "valueString" : "非每日常規使用頻率"
    }]
  },
  {
    "code" : "QxW",
    "display" : "每x星期一次(x,y=1,2,3,4,….)",
    "property" : [{
      "code" : "frequency",
      "valueString" : "非每日常規使用頻率"
    }]
  },
  {
    "code" : "QxM",
    "display" : "每x月一次(x,y=1,2,3,4,….)",
    "property" : [{
      "code" : "frequency",
      "valueString" : "非每日常規使用頻率"
    }]
  },
  {
    "code" : "QW",
    "display" : "每週一次",
    "property" : [{
      "code" : "frequency",
      "valueString" : "非每日常規使用頻率"
    }]
  },
  {
    "code" : "BIW",
    "display" : "每週二次",
    "property" : [{
      "code" : "frequency",
      "valueString" : "非每日常規使用頻率"
    }]
  },
  {
    "code" : "TIW",
    "display" : "每週三次",
    "property" : [{
      "code" : "frequency",
      "valueString" : "非每日常規使用頻率"
    }]
  },
  {
    "code" : "STAT",
    "display" : "立刻使用",
    "property" : [{
      "code" : "frequency",
      "valueString" : "非每日常規使用頻率"
    }]
  },
  {
    "code" : "ASORDER",
    "display" : "依照醫師指示使用",
    "property" : [{
      "code" : "frequency",
      "valueString" : "每日常規使用頻率"
    }]
  },
  {
    "code" : "QxH",
    "display" : "每x小時使用一次(x=1,2,3,4…)",
    "property" : [{
      "code" : "frequency",
      "valueString" : "每日常規使用頻率"
    }]
  },
  {
    "code" : "QxMN",
    "display" : "每x分鐘使用一次(x=1,2,3,4…)",
    "property" : [{
      "code" : "frequency",
      "valueString" : "每日常規使用頻率"
    }]
  },
  {
    "code" : "QD",
    "display" : "每日一次",
    "property" : [{
      "code" : "frequency",
      "valueString" : "每日常規使用頻率"
    }]
  },
  {
    "code" : "QDAM",
    "display" : "每日一次上午使用",
    "property" : [{
      "code" : "frequency",
      "valueString" : "每日常規使用頻率"
    }]
  },
  {
    "code" : "QDPM",
    "display" : "每日一次下午使用",
    "property" : [{
      "code" : "frequency",
      "valueString" : "每日常規使用頻率"
    }]
  },
  {
    "code" : "QDHS",
    "display" : "每日一次睡前使用",
    "property" : [{
      "code" : "frequency",
      "valueString" : "每日常規使用頻率"
    }]
  },
  {
    "code" : "QN",
    "display" : "每晚使用一次",
    "property" : [{
      "code" : "frequency",
      "valueString" : "每日常規使用頻率"
    }]
  },
  {
    "code" : "BID",
    "display" : "每日二次",
    "property" : [{
      "code" : "frequency",
      "valueString" : "每日常規使用頻率"
    }]
  },
  {
    "code" : "QAM&HS",
    "display" : "上午使用一次且睡前一次",
    "property" : [{
      "code" : "frequency",
      "valueString" : "每日常規使用頻率"
    }]
  },
  {
    "code" : "QPM&HS",
    "display" : "下午使用一次且睡前一次",
    "property" : [{
      "code" : "frequency",
      "valueString" : "每日常規使用頻率"
    }]
  },
  {
    "code" : "QAM&PM",
    "display" : "每日上、下午各使用一次",
    "property" : [{
      "code" : "frequency",
      "valueString" : "每日常規使用頻率"
    }]
  },
  {
    "code" : "TID",
    "display" : "每日三次",
    "property" : [{
      "code" : "frequency",
      "valueString" : "每日常規使用頻率"
    }]
  },
  {
    "code" : "BID&HS",
    "display" : "每日二次且睡前一次",
    "property" : [{
      "code" : "frequency",
      "valueString" : "每日常規使用頻率"
    }]
  },
  {
    "code" : "QID",
    "display" : "每日四次",
    "property" : [{
      "code" : "frequency",
      "valueString" : "每日常規使用頻率"
    }]
  },
  {
    "code" : "TID&HS",
    "display" : "每日三次且睡前一次",
    "property" : [{
      "code" : "frequency",
      "valueString" : "每日常規使用頻率"
    }]
  },
  {
    "code" : "AC",
    "display" : "飯前",
    "property" : [{
      "code" : "frequency",
      "valueString" : "服用時間"
    }]
  },
  {
    "code" : "ACxH",
    "display" : "飯前x小時使用",
    "property" : [{
      "code" : "frequency",
      "valueString" : "服用時間"
    }]
  },
  {
    "code" : "ACxM",
    "display" : "飯前x分鐘使用",
    "property" : [{
      "code" : "frequency",
      "valueString" : "服用時間"
    }]
  },
  {
    "code" : "PC",
    "display" : "飯後",
    "property" : [{
      "code" : "frequency",
      "valueString" : "服用時間"
    }]
  },
  {
    "code" : "PCxH",
    "display" : "飯後x小時使用",
    "property" : [{
      "code" : "frequency",
      "valueString" : "服用時間"
    }]
  },
  {
    "code" : "PCxM",
    "display" : "飯後x分鐘使用",
    "property" : [{
      "code" : "frequency",
      "valueString" : "服用時間"
    }]
  },
  {
    "code" : "prn",
    "display" : "需要時使用",
    "property" : [{
      "code" : "frequency",
      "valueString" : "prn"
    }]
  }]
}