<?xml version="1.0" encoding="UTF-8"?>

<CodeSystem xmlns="http://hl7.org/fhir">
  <id value="medcation-atc-tw"/>
  <text>
    <status value="generated"/><div xmlns="http://www.w3.org/1999/xhtml">Placeholder</div>
  </text>
  <url value="https://twcore.mohw.gov.tw/ig/twcore/CodeSystem/medcation-atc-tw"/>
  <version value="2022-10-24"/>
  <name value="TWMedcationATC"/>
  <title value="臺灣藥品藥理治療分類ATC碼"/>
  <status value="active"/>
  <experimental value="false"/>
  <date value="2014-09-19"/>
  <contact>
    <name value="衛生福利部"/>
    <telecom>
      <system value="url"/>
      <value value="https://www.mohw.gov.tw/"/>
    </telecom>
    <telecom>
      <system value="email"/>
      <value value="CCYU@mohw.gov.tw"/>
    </telecom>
  </contact>
  <description value="臺灣藥品藥理治療分類ATC碼，參照至[https://data.gov.tw/dataset/9119](https://data.gov.tw/dataset/9119)，資料提供單位：衛生福利部食品藥物管理署。  &#xD;&#xA;此代碼為WHO ATC(http://www.whocc.no/atc)中未涵蓋之代碼，為符合國內代碼使用，故將未被定義之代碼另外呈現。  &#xD;&#xA;&#xD;&#xA;*因原始資料無代碼版本資訊，故使用其「更新日期」作為版本資訊。*"/>
  <copyright value="衛生福利部食品藥物管理署"/>
  <caseSensitive value="true"/>
  <content value="complete"/>
  <count value="27"/>
  <concept>
    <code value="A10BD27"/>
    <display value="metformin, linagliptin and empagliflozin"/>
  </concept>
  <concept>
    <code value="A16AB22"/>
    <display value="avalglucosidase alfa"/>
  </concept>
  <concept>
    <code value="C03DA05"/>
    <display value="finerenone"/>
  </concept>
  <concept>
    <code value="D11AH08"/>
    <display value="abrocitinib"/>
  </concept>
  <concept>
    <code value="G04BD14"/>
    <display value="imidafenacin"/>
  </concept>
  <concept>
    <code value="H01BA06"/>
    <display value="argipressin"/>
  </concept>
  <concept>
    <code value="J05AB04"/>
    <display value="ribavirin"/>
  </concept>
  <concept>
    <code value="J05AX11"/>
    <display value="elvitegravir"/>
  </concept>
  <concept>
    <code value="J05AX12"/>
    <display value="dolutegravir"/>
  </concept>
  <concept>
    <code value="J05AX67"/>
    <display value="ombitasvir, paritaprevir and ritonavir"/>
  </concept>
  <concept>
    <code value="J05AX68"/>
    <display value="elbasvir and grazoprevir"/>
  </concept>
  <concept>
    <code value="L01FX18"/>
    <display value="amivantamab"/>
  </concept>
  <concept>
    <code value="L01XE01"/>
    <display value="imatinib"/>
  </concept>
  <concept>
    <code value="L01XE03"/>
    <display value="erlotinib"/>
  </concept>
  <concept>
    <code value="L01XE06"/>
    <display value="dasatinib"/>
  </concept>
  <concept>
    <code value="L01XE10"/>
    <display value="everolimus"/>
  </concept>
  <concept>
    <code value="L01XE11"/>
    <display value="pazopanib"/>
  </concept>
  <concept>
    <code value="L01XE31"/>
    <display value="nintedanib"/>
  </concept>
  <concept>
    <code value="L01XX14"/>
    <display value="tretinoin"/>
  </concept>
  <concept>
    <code value="L01XX17"/>
    <display value="topotecan"/>
  </concept>
  <concept>
    <code value="L01XX19"/>
    <display value="irinotecan"/>
  </concept>
  <concept>
    <code value="L01XX32"/>
    <display value="bortezomib"/>
  </concept>
  <concept>
    <code value="L01XX73"/>
    <display value="sotorasib"/>
  </concept>
  <concept>
    <code value="L04AA52"/>
    <display value="ofatumumab"/>
  </concept>
  <concept>
    <code value="N05CM21"/>
    <display value="lemborexant"/>
  </concept>
  <concept>
    <code value="H01AC08"/>
    <display value="somatrogon"/>
  </concept>
  <concept>
    <code value="L01EX22"/>
    <display value="selpercatinib"/>
  </concept>
</CodeSystem>