<?xml version="1.0" encoding="UTF-8"?>

<CodeSystem xmlns="http://hl7.org/fhir">
  <id value="icd-10-pcs-2014-tw"/>
  <text>
    <status value="generated"/><div xmlns="http://www.w3.org/1999/xhtml">Placeholder</div>
  </text>
  <url value="https://twcore.mohw.gov.tw/ig/twcore/CodeSystem/icd-10-pcs-2014-tw"/>
  <version value="2017-07-19"/>
  <name value="TW2014ICD10PCS"/>
  <title value="臺灣2014年中文版ICD-10-PCS"/>
  <status value="active"/>
  <experimental value="false"/>
  <date value="2014-07-17"/>
  <contact>
    <name value="衛生福利部"/>
    <telecom>
      <system value="url"/>
      <value value="https://www.mohw.gov.tw/"/>
    </telecom>
    <telecom>
      <system value="email"/>
      <value value="CCYU@mohw.gov.tw"/>
    </telecom>
  </contact>
  <description value="臺灣2014年中文版ICD-10-PCS，參照至[https://www.nhi.gov.tw/Content_List.aspx?n=3C0BD93EC042CC67&amp;topn=23C660CAACAA159D](https://www.nhi.gov.tw/Content_List.aspx?n=3C0BD93EC042CC67&amp;topn=23C660CAACAA159D)。    &#xA;代碼出版日期：2014-07-17；資料所屬單位：衛生福利部中央健康保險署。&#xA;&#xA;*因原始資料無代碼版本資訊，故使用其法規「公布日期」作為版本資訊。*  &#xA;&#xA;因代碼量較大會使載入頁面時間較長，為方便使用者瀏覽，此處僅擷取部分代碼，完整代碼可至全國專門術語服務平台([https://twcore.mohw.gov.tw/tsfhir/CodeSystem/icd-10-pcs-2014-tw](https://twcore.mohw.gov.tw/ts/codesystemRead.jsp?id=icd-10-pcs-2014-tw&amp;status=active&amp;version=2017-07-19&amp;metaId=1&amp;codeStatus=use&amp;show=Y){:target=&quot;_blank&quot;})查閱"/>
  <copyright value="World Health Organization (WHO)"/>
  <caseSensitive value="true"/>
  <content value="complete"/>
  <count value="84"/>
  <concept>
    <code value="0016070"/>
    <display value="開放性腦室至鼻咽繞道術，使用自體組織替代物"/>
  </concept>
  <concept>
    <code value="0016071"/>
    <display value="開放性腦室至乳突竇繞道術，使用自體組織替代物"/>
  </concept>
  <concept>
    <code value="0016072"/>
    <display value="開放性腦室至心房繞道術，使用自體組織替代物"/>
  </concept>
  <concept>
    <code value="0016073"/>
    <display value="開放性腦室至血管繞道術，使用自體組織替代物"/>
  </concept>
  <concept>
    <code value="0016074"/>
    <display value="開放性腦室至肋膜腔繞道術，使用自體組織替代物"/>
  </concept>
  <concept>
    <code value="0016075"/>
    <display value="開放性腦室至腸繞道術，使用自體組織替代物"/>
  </concept>
  <concept>
    <code value="0016076"/>
    <display value="開放性腦室至腹腔繞道術，使用自體組織替代物"/>
  </concept>
  <concept>
    <code value="0016077"/>
    <display value="開放性腦室至泌尿道繞道術，使用自體組織替代物"/>
  </concept>
  <concept>
    <code value="0016078"/>
    <display value="開放性腦室至骨髓繞道術，使用自體組織替代物"/>
  </concept>
  <concept>
    <code value="001607B"/>
    <display value="開放性腦室至腦池繞道術，使用自體組織替代物"/>
  </concept>
  <concept>
    <code value="00160J0"/>
    <display value="開放性腦室至鼻咽繞道術，使用合成替代物"/>
  </concept>
  <concept>
    <code value="00160J1"/>
    <display value="開放性腦室至乳突竇繞道術，使用合成替代物"/>
  </concept>
  <concept>
    <code value="00160J2"/>
    <display value="開放性腦室至心房繞道術，使用合成替代物"/>
  </concept>
  <concept>
    <code value="00160J3"/>
    <display value="開放性腦室至血管繞道術，使用合成替代物"/>
  </concept>
  <concept>
    <code value="00160J4"/>
    <display value="開放性腦室至肋膜腔繞道術，使用合成替代物"/>
  </concept>
  <concept>
    <code value="00160J5"/>
    <display value="開放性腦室至腸繞道術，使用合成替代物"/>
  </concept>
  <concept>
    <code value="00160J6"/>
    <display value="開放性腦室至腹腔繞道術，使用合成替代物"/>
  </concept>
  <concept>
    <code value="00160J7"/>
    <display value="開放性腦室至泌尿道繞道術，使用合成替代物"/>
  </concept>
  <concept>
    <code value="00160J8"/>
    <display value="開放性腦室至骨髓繞道術，使用合成替代物"/>
  </concept>
  <concept>
    <code value="00160JB"/>
    <display value="開放性腦室至腦池繞道術，使用合成替代物"/>
  </concept>
  <concept>
    <code value="00160K0"/>
    <display value="開放性腦室至鼻咽繞道術，使用非自體組織替代物"/>
  </concept>
  <concept>
    <code value="00160K1"/>
    <display value="開放性腦室至乳突竇繞道術，使用非自體組織替代物"/>
  </concept>
  <concept>
    <code value="00160K2"/>
    <display value="開放性腦室至心房繞道術，使用非自體組織替代物"/>
  </concept>
  <concept>
    <code value="00160K3"/>
    <display value="開放性腦室至血管繞道術，使用非自體組織替代物"/>
  </concept>
  <concept>
    <code value="00160K4"/>
    <display value="開放性腦室至肋膜腔繞道術，使用非自體組織替代物"/>
  </concept>
  <concept>
    <code value="00160K5"/>
    <display value="開放性腦室至腸繞道術，使用非自體組織替代物"/>
  </concept>
  <concept>
    <code value="00160K6"/>
    <display value="開放性腦室至腹腔繞道術，使用非自體組織替代物"/>
  </concept>
  <concept>
    <code value="00160K7"/>
    <display value="開放性腦室至泌尿道繞道術，使用非自體組織替代物"/>
  </concept>
  <concept>
    <code value="00160K8"/>
    <display value="開放性腦室至骨髓繞道術，使用非自體組織替代物"/>
  </concept>
  <concept>
    <code value="00160KB"/>
    <display value="開放性腦室至腦池繞道術，使用非自體組織替代物"/>
  </concept>
  <concept>
    <code value="0016370"/>
    <display value="經皮腦室至鼻咽繞道術，使用自體組織替代物"/>
  </concept>
  <concept>
    <code value="0016371"/>
    <display value="經皮腦室至乳突竇繞道術，使用自體組織替代物"/>
  </concept>
  <concept>
    <code value="0016372"/>
    <display value="經皮腦室至心房繞道術，使用自體組織替代物"/>
  </concept>
  <concept>
    <code value="0016373"/>
    <display value="經皮腦室至血管繞道術，使用自體組織替代物"/>
  </concept>
  <concept>
    <code value="0016374"/>
    <display value="經皮腦室至肋膜腔繞道術，使用自體組織替代物"/>
  </concept>
  <concept>
    <code value="0016375"/>
    <display value="經皮腦室至腸繞道術，使用自體組織替代物"/>
  </concept>
  <concept>
    <code value="0016376"/>
    <display value="經皮腦室至腹腔繞道術，使用自體組織替代物"/>
  </concept>
  <concept>
    <code value="0016377"/>
    <display value="經皮腦室至泌尿道繞道術，使用自體組織替代物"/>
  </concept>
  <concept>
    <code value="0016378"/>
    <display value="經皮腦室至骨髓繞道術，使用自體組織替代物"/>
  </concept>
  <concept>
    <code value="001637B"/>
    <display value="經皮腦室至腦池繞道術，使用自體組織替代物"/>
  </concept>
  <concept>
    <code value="00163J0"/>
    <display value="經皮腦室至鼻咽繞道術，使用合成替代物"/>
  </concept>
  <concept>
    <code value="00163J1"/>
    <display value="經皮腦室至乳突竇繞道術，使用合成替代物"/>
  </concept>
  <concept>
    <code value="00163J2"/>
    <display value="經皮腦室至心房繞道術，使用合成替代物"/>
  </concept>
  <concept>
    <code value="00163J3"/>
    <display value="經皮腦室至血管繞道術，使用合成替代物"/>
  </concept>
  <concept>
    <code value="00163J4"/>
    <display value="經皮腦室至肋膜腔繞道術，使用合成替代物"/>
  </concept>
  <concept>
    <code value="00163J5"/>
    <display value="經皮腦室至腸繞道術，使用合成替代物"/>
  </concept>
  <concept>
    <code value="00163J6"/>
    <display value="經皮腦室至腹腔繞道術，使用合成替代物"/>
  </concept>
  <concept>
    <code value="00163J7"/>
    <display value="經皮腦室至泌尿道繞道術，使用合成替代物"/>
  </concept>
  <concept>
    <code value="00163J8"/>
    <display value="經皮腦室至骨髓繞道術，使用合成替代物"/>
  </concept>
  <concept>
    <code value="00163JB"/>
    <display value="經皮腦室至腦池繞道術，使用合成替代物"/>
  </concept>
  <concept>
    <code value="00163K0"/>
    <display value="經皮腦室至鼻咽繞道術，使用非自體組織替代物"/>
  </concept>
  <concept>
    <code value="00163K1"/>
    <display value="經皮腦室至乳突竇繞道術，使用非自體組織替代物"/>
  </concept>
  <concept>
    <code value="00163K2"/>
    <display value="經皮腦室至心房繞道術，使用非自體組織替代物"/>
  </concept>
  <concept>
    <code value="00163K3"/>
    <display value="經皮腦室至血管繞道術，使用非自體組織替代物"/>
  </concept>
  <concept>
    <code value="00163K4"/>
    <display value="經皮腦室至肋膜腔繞道術，使用非自體組織替代物"/>
  </concept>
  <concept>
    <code value="00163K5"/>
    <display value="經皮腦室至腸繞道術，使用非自體組織替代物"/>
  </concept>
  <concept>
    <code value="00163K6"/>
    <display value="經皮腦室至腹腔繞道術，使用非自體組織替代物"/>
  </concept>
  <concept>
    <code value="00163K7"/>
    <display value="經皮腦室至泌尿道繞道術，使用非自體組織替代物"/>
  </concept>
  <concept>
    <code value="00163K8"/>
    <display value="經皮腦室至骨髓繞道術，使用非自體組織替代物"/>
  </concept>
  <concept>
    <code value="00163KB"/>
    <display value="經皮腦室至腦池繞道術，使用非自體組織替代物"/>
  </concept>
  <concept>
    <code value="001U074"/>
    <display value="開放性椎管至肋膜腔繞道術，使用自體組織替代物"/>
  </concept>
  <concept>
    <code value="001U076"/>
    <display value="開放性椎管至腹腔繞道術，使用自體組織替代物"/>
  </concept>
  <concept>
    <code value="001U077"/>
    <display value="開放性椎管至泌尿道繞道術，使用自體組織替代物"/>
  </concept>
  <concept>
    <code value="001U079"/>
    <display value="開放性椎管至輸卵管繞道術，使用自體組織替代物"/>
  </concept>
  <concept>
    <code value="001U0J4"/>
    <display value="開放性椎管至肋膜腔繞道術，使用合成替代物"/>
  </concept>
  <concept>
    <code value="001U0J6"/>
    <display value="開放性椎管至腹腔繞道術，使用合成替代物"/>
  </concept>
  <concept>
    <code value="001U0J7"/>
    <display value="開放性椎管至泌尿道繞道術，使用合成替代物"/>
  </concept>
  <concept>
    <code value="001U0J9"/>
    <display value="開放性椎管至輸卵管繞道術，使用合成替代物"/>
  </concept>
  <concept>
    <code value="001U0K4"/>
    <display value="開放性椎管至肋膜腔繞道術，使用非自體組織替代物"/>
  </concept>
  <concept>
    <code value="001U0K6"/>
    <display value="開放性椎管至腹腔繞道術，使用非自體組織替代物"/>
  </concept>
  <concept>
    <code value="001U0K7"/>
    <display value="開放性椎管至泌尿道繞道術，使用非自體組織替代物"/>
  </concept>
  <concept>
    <code value="001U0K9"/>
    <display value="開放性椎管至輸卵管繞道術，使用非自體組織替代物"/>
  </concept>
  <concept>
    <code value="001U374"/>
    <display value="經皮椎管至肋膜腔繞道術，使用自體組織替代物"/>
  </concept>
  <concept>
    <code value="001U376"/>
    <display value="經皮椎管至腹腔繞道術，使用自體組織替代物"/>
  </concept>
  <concept>
    <code value="001U377"/>
    <display value="經皮椎管至泌尿道繞道術，使用自體組織替代物"/>
  </concept>
  <concept>
    <code value="001U379"/>
    <display value="經皮椎管至輸卵管繞道術，使用自體組織替代物"/>
  </concept>
  <concept>
    <code value="001U3J4"/>
    <display value="經皮椎管至肋膜腔繞道術，使用合成替代物"/>
  </concept>
  <concept>
    <code value="001U3J6"/>
    <display value="經皮椎管至腹腔繞道術，使用合成替代物"/>
  </concept>
  <concept>
    <code value="001U3J7"/>
    <display value="經皮椎管至泌尿道繞道術，使用合成替代物"/>
  </concept>
  <concept>
    <code value="001U3J9"/>
    <display value="經皮椎管至輸卵管繞道術，使用合成替代物"/>
  </concept>
  <concept>
    <code value="001U3K4"/>
    <display value="經皮椎管至肋膜腔繞道術，使用非自體組織替代物"/>
  </concept>
  <concept>
    <code value="001U3K6"/>
    <display value="經皮椎管至腹腔繞道術，使用非自體組織替代物"/>
  </concept>
  <concept>
    <code value="001U3K7"/>
    <display value="經皮椎管至泌尿道繞道術，使用非自體組織替代物"/>
  </concept>
  <concept>
    <code value="001U3K9"/>
    <display value="經皮椎管至輸卵管繞道術，使用非自體組織替代物"/>
  </concept>
</CodeSystem>