<?xml version="1.0" encoding="UTF-8"?>

<CodeSystem xmlns="http://hl7.org/fhir">
  <id value="medication-device-fda-tw"/>
  <text>
    <status value="generated"/><div xmlns="http://www.w3.org/1999/xhtml">Placeholder</div>
  </text>
  <url value="https://twcore.mohw.gov.tw/ig/twcore/CodeSystem/medication-device-fda-tw"/>
  <version value="2022-08-08"/>
  <name value="TWMedicationDeviceFDA"/>
  <title value="臺灣醫療器材許可證"/>
  <status value="active"/>
  <experimental value="false"/>
  <date value="2022-08-08"/>
  <contact>
    <name value="衛生福利部"/>
    <telecom>
      <system value="url"/>
      <value value="https://www.mohw.gov.tw/"/>
    </telecom>
    <telecom>
      <system value="email"/>
      <value value="CCYU@mohw.gov.tw"/>
    </telecom>
  </contact>
  <description value="臺灣醫療器材許可證，參照自[https://data.fda.gov.tw/frontsite/data/DataAction.do?method=doDetail&amp;infoId=68](https://data.fda.gov.tw/frontsite/data/DataAction.do?method=doDetail&amp;infoId=68)  &#xA;代碼出版日期：2022-08-08；資料所屬單位：衛生福利部食品藥物管理署。&#xA;&#xA;*因原始資料無代碼版本資訊，故使用其「更新日期」作為版本資訊。*  &#xA;&#xA;因代碼量較大會使載入頁面時間較長，為方便使用者瀏覽，此處僅擷取部分代碼，完整代碼可至全國專門術語服務平台([https://twcore.mohw.gov.tw/tsfhir/CodeSystem/medication-device-fda-tw](https://twcore.mohw.gov.tw/ts/codesystemRead.jsp?id=medication-device-fda-tw&amp;status=active&amp;version=2022-08-08&amp;metaId=1&amp;codeStatus=use&amp;show=Y){:target=&quot;_blank&quot;})查閱"/>
  <copyright value="衛生福利部食品藥物管理署"/>
  <caseSensitive value="true"/>
  <content value="complete"/>
  <count value="72"/>
  <concept>
    <code value="衛部醫器輸字第032535號"/>
    <display value="&quot;靈威特&quot;麥克費爾電池式動力系統"/>
  </concept>
  <concept>
    <code value="衛部醫器輸字第032536號"/>
    <display value="&quot;美萊格&quot;蒸氣滅菌器"/>
  </concept>
  <concept>
    <code value="衛部醫器輸字第032537號"/>
    <display value="&quot;雷柏瑞&quot;膀胱注射針"/>
  </concept>
  <concept>
    <code value="衛部醫器輸字第032538號"/>
    <display value="&quot;史得勞曼&quot;牙科植體系統(骨高度全錐型)-癒合用配件"/>
  </concept>
  <concept>
    <code value="衛部醫器輸字第032539號"/>
    <display value="&quot;史賽克&quot;排煙筆及其電極"/>
  </concept>
  <concept>
    <code value="衛部醫器輸字第032540號"/>
    <display value="&quot;奧林柏斯&quot;電燒灼裝置"/>
  </concept>
  <concept>
    <code value="衛部醫器輸字第032541號"/>
    <display value="&quot;奧林柏斯&quot;高頻切除電極"/>
  </concept>
  <concept>
    <code value="衛部醫器輸字第032542號"/>
    <display value="3M舒適繃含藥型"/>
  </concept>
  <concept>
    <code value="衛部醫器輸字第032543號"/>
    <display value="&quot;史得勞曼&quot;多功能支台齒"/>
  </concept>
  <concept>
    <code value="衛部醫器輸字第032544號"/>
    <display value="&quot;柏朗&quot;雅氏後路椎間盤融合系統"/>
  </concept>
  <concept>
    <code value="衛部醫器輸字第032545號"/>
    <display value="&quot;悅廷和&quot;蒸氣滅菌器"/>
  </concept>
  <concept>
    <code value="衛部醫器輸字第032546號"/>
    <display value="&quot;史泰瑞&quot;消化道止血夾系統"/>
  </concept>
  <concept>
    <code value="衛部醫器輸字第032547號"/>
    <display value="&quot;泰妍醫療&quot;貝雷思球囊椎體成形術套組"/>
  </concept>
  <concept>
    <code value="衛部醫器輸字第032548號"/>
    <display value="&quot;柯惠&quot;索尼西迅彎鉗無線超音波刀系統"/>
  </concept>
  <concept>
    <code value="衛部醫器輸字第032549號"/>
    <display value="&quot;滴愛畢&quot;間歇自我導尿管"/>
  </concept>
  <concept>
    <code value="衛部醫器輸字第032550號"/>
    <display value="&quot;伸特耐-脊椎&quot;司特立頸椎椎間融合器"/>
  </concept>
  <concept>
    <code value="衛部醫器輸字第032551號"/>
    <display value="&quot;恩伊&quot;簡單植軟體系統"/>
  </concept>
  <concept>
    <code value="衛部醫器輸字第032552號"/>
    <display value="&quot;飛利浦&quot;醫療影像傳輸、處理暨儲存系統"/>
  </concept>
  <concept>
    <code value="衛部醫器輸字第032553號"/>
    <display value="&quot;日本光電&quot;床邊生理監視器"/>
  </concept>
  <concept>
    <code value="衛部醫器輸字第032554號"/>
    <display value="&quot;美瑞特&quot;赫思瓣可控式導引鞘管"/>
  </concept>
  <concept>
    <code value="衛部醫器輸字第032555號"/>
    <display value="&quot;銳能&quot;預裝式疏水性非球面人工水晶體推注系統"/>
  </concept>
  <concept>
    <code value="衛部醫器輸字第032556號"/>
    <display value="&quot;博醫來&quot;電腦治療計畫系統"/>
  </concept>
  <concept>
    <code value="衛部醫器輸字第032557號"/>
    <display value="&quot;卡比&quot;艾捷莉幫浦整合系統"/>
  </concept>
  <concept>
    <code value="衛部醫器輸字第032558號"/>
    <display value="&quot;瑞思邁&quot;艾克舒氣道正壓呼吸器"/>
  </concept>
  <concept>
    <code value="衛部醫器輸字第032559號"/>
    <display value="&quot;思倍秀&quot;影像引導導管"/>
  </concept>
  <concept>
    <code value="衛部醫器輸字第032560號"/>
    <display value="&quot;全頌尼科&quot;愛雅莎體外維生系統監視儀"/>
  </concept>
  <concept>
    <code value="衛部醫器輸字第032561號"/>
    <display value="&quot;西門子&quot;磁振造影儀"/>
  </concept>
  <concept>
    <code value="衛部醫器輸字第032562號"/>
    <display value="&quot;蔡司&quot;眼部光學斷層掃描儀"/>
  </concept>
  <concept>
    <code value="衛部醫器輸字第032563號"/>
    <display value="&quot;磊仕&quot;陽壓呼吸系統"/>
  </concept>
  <concept>
    <code value="衛部醫器輸字第032564號"/>
    <display value="&quot;席科特&quot;手術計畫軟體"/>
  </concept>
  <concept>
    <code value="衛部醫器輸字第032565號"/>
    <display value="海豚牙科影像規劃軟體"/>
  </concept>
  <concept>
    <code value="衛部醫器輸字第032566號"/>
    <display value="&quot;恩提愛&quot;瑞艾特導管"/>
  </concept>
  <concept>
    <code value="衛部醫器輸字第032567號"/>
    <display value="&quot;西門子&quot;單光子電腦斷層/電腦斷層掃描儀"/>
  </concept>
  <concept>
    <code value="衛部醫器輸字第032568號"/>
    <display value="&quot;西門子&quot;超音波系統"/>
  </concept>
  <concept>
    <code value="衛部醫器輸字第032569號"/>
    <display value="BD福徠喜預充式導管沖洗器"/>
  </concept>
  <concept>
    <code value="衛部醫器輸字第032570號"/>
    <display value="&quot;蔡司&quot;全飛秒雷射角膜儀"/>
  </concept>
  <concept>
    <code value="衛部醫器輸字第032571號"/>
    <display value="&quot;飛利浦&quot;磁振造影系統"/>
  </concept>
  <concept>
    <code value="衛部醫器輸字第032572號"/>
    <display value="&quot;柯惠&quot;雪莉經口/鼻無氣囊氣管內管"/>
  </concept>
  <concept>
    <code value="衛部醫器輸字第032573號"/>
    <display value="福樂顯連續式輸液套組"/>
  </concept>
  <concept>
    <code value="衛部醫器輸字第032574號"/>
    <display value="&quot;護比自&quot;非接觸式眼壓計/角膜厚度測量儀"/>
  </concept>
  <concept>
    <code value="衛部醫器輸字第032575號"/>
    <display value="&quot;諾寧&quot;多功能血氧測量系統"/>
  </concept>
  <concept>
    <code value="衛部醫器輸字第032576號"/>
    <display value="&quot;摩托拉&quot;心電圖機"/>
  </concept>
  <concept>
    <code value="衛部醫器輸字第032577號"/>
    <display value="&quot;飛利浦&quot;臨床資訊系統"/>
  </concept>
  <concept>
    <code value="衛部醫器輸字第032578號"/>
    <display value="&quot;西門子&quot;磁振造影儀"/>
  </concept>
  <concept>
    <code value="衛部醫器輸字第032579號"/>
    <display value="三曼西歐影像工作站"/>
  </concept>
  <concept>
    <code value="衛部醫器輸字第032580號"/>
    <display value="希艾斯影像工作站"/>
  </concept>
  <concept>
    <code value="衛部醫器輸字第032581號"/>
    <display value="&quot;柯惠&quot;奈普特呼吸器"/>
  </concept>
  <concept>
    <code value="衛部醫器輸字第032582號"/>
    <display value="&quot;朝日&quot;塞時給雙腔導管"/>
  </concept>
  <concept>
    <code value="衛部醫器輸字第032583號"/>
    <display value="&quot;錫樂&quot;心電圖系統"/>
  </concept>
  <concept>
    <code value="衛部醫器輸字第032584號"/>
    <display value="&quot;瑞思邁&quot;易適面罩"/>
  </concept>
  <concept>
    <code value="衛部醫器輸字第032585號"/>
    <display value="&quot;比提翼&quot;醫療可測量用運動設備"/>
  </concept>
  <concept>
    <code value="衛部醫器輸字第032586號"/>
    <display value="&quot;蔡司&quot;廣角眼底攝影機"/>
  </concept>
  <concept>
    <code value="衛部醫器輸字第032587號"/>
    <display value="&quot;飛利浦&quot;電腦斷層造影系統"/>
  </concept>
  <concept>
    <code value="衛部醫器輸字第032588號"/>
    <display value="&quot;波士頓科技&quot;安博倫電極傳送系統"/>
  </concept>
  <concept>
    <code value="衛部醫器輸字第032589號"/>
    <display value="&quot;環科&quot;醫學影像處理軟體"/>
  </concept>
  <concept>
    <code value="衛部醫器輸字第032590號"/>
    <display value="&quot;亞瑟&quot;立適紅外線雷射治療儀"/>
  </concept>
  <concept>
    <code value="衛部醫器輸字第032591號"/>
    <display value="&quot;美敦力&quot;亞善達植入式脊髓腔內導管"/>
  </concept>
  <concept>
    <code value="衛署醫器輸壹字第000766號"/>
    <display value="亞培新世代4000白血球試劑B"/>
  </concept>
  <concept>
    <code value="衛署醫器輸壹字第000767號"/>
    <display value="&quot;康美-靈威特&quot;鋼針打入器(未滅菌)"/>
  </concept>
  <concept>
    <code value="衛署醫器輸壹字第000768號"/>
    <display value="傑仕第根管長度測量儀"/>
  </concept>
  <concept>
    <code value="衛署醫器輸壹字第000769號"/>
    <display value="康威護膜抹巾(未滅菌)"/>
  </concept>
  <concept>
    <code value="衛署醫器輸壹字第000770號"/>
    <display value="&quot;必帝&quot;生物環境培養系統(未滅菌)"/>
  </concept>
  <concept>
    <code value="衛署醫器輸壹字第000771號"/>
    <display value="優湃彎曲桿菌鑑定套組(滅菌)"/>
  </concept>
  <concept>
    <code value="衛署醫器輸壹字第000772號"/>
    <display value="優湃革蘭氏陰性菌鑑定套組(滅菌)"/>
  </concept>
  <concept>
    <code value="衛署醫器輸壹字第000773號"/>
    <display value="優湃厭氧菌鑑定套組(滅菌)"/>
  </concept>
  <concept>
    <code value="衛署醫器輸壹字第000774號"/>
    <display value="亞培乳酸脫氫酶試劑"/>
  </concept>
  <concept>
    <code value="衛署醫器輸壹字第000775號"/>
    <display value="&quot;理聲&quot;貝爾通助聽器(未滅菌)"/>
  </concept>
  <concept>
    <code value="衛署醫器輸壹字第000776號"/>
    <display value="亞培TDx溶液系統組"/>
  </concept>
  <concept>
    <code value="衛署醫器輸壹字第000777號"/>
    <display value="3M牙科矯正頰側管(未滅菌)"/>
  </concept>
  <concept>
    <code value="衛署醫器輸壹字第000778號"/>
    <display value="韓福瑞視野計"/>
  </concept>
  <concept>
    <code value="衛署醫器輸壹字第000779號"/>
    <display value="&quot;西門子&quot;N抗人類血清之載體脂蛋白B檢驗試劑(未滅菌)"/>
  </concept>
  <concept>
    <code value="衛署醫器輸壹字第000780號"/>
    <display value="日水GAM半固體培養基(未滅菌)"/>
  </concept>
</CodeSystem>