{
  "resourceType" : "CodeSystem",
  "id" : "postal-code3-tw",
  "text" : {
    "status" : "generated",
    "div" : "<div xmlns=\"http://www.w3.org/1999/xhtml\">Placeholder</div>"
  },
  "url" : "https://twcore.mohw.gov.tw/ig/twcore/CodeSystem/postal-code3-tw",
  "version" : "2015-01-22",
  "name" : "TWPostalCode3",
  "title" : "臺灣3碼郵遞區號",
  "status" : "active",
  "experimental" : false,
  "date" : "2015-01-22",
  "contact" : [{
    "name" : "衛生福利部",
    "telecom" : [{
      "system" : "url",
      "value" : "https://www.mohw.gov.tw/"
    },
    {
      "system" : "email",
      "value" : "CCYU@mohw.gov.tw"
    }]
  }],
  "description" : "臺灣3碼郵遞區號，參照自[https://www.post.gov.tw/post/internet/Download/index.jsp?ID=2292](https://www.post.gov.tw/post/internet/Download/index.jsp?ID=2292)。屬性命名以與國際的等級一致為主，未採用中華郵政提供之英文名稱。   \n代碼出版日期：2015-01-22；資料所屬單位：中華郵政。\n\n*因原始資料無代碼版本資訊，故使用其「更新日期」作為版本資訊。*  \n\n因代碼量較大會使載入頁面時間較長，為方便使用者瀏覽，此處僅擷取部分代碼，完整代碼可至全國專門術語服務平台([https://twcore.mohw.gov.tw/tsfhir/CodeSystem/postal-code3-tw](https://twcore.mohw.gov.tw/ts/codesystemRead.jsp?id=postal-code3-tw&status=active&version=2015-01-22&metaId=1&codeStatus=use&show=Y){:target=\"_blank\"})查閱",
  "copyright" : "中華郵政",
  "caseSensitive" : true,
  "content" : "complete",
  "count" : 49,
  "property" : [{
    "code" : "district",
    "description" : "縣市名稱",
    "type" : "string"
  },
  {
    "code" : "city",
    "description" : "鄉鎮市區",
    "type" : "string"
  }],
  "concept" : [{
    "code" : "100",
    "display" : "臺北市中正區",
    "property" : [{
      "code" : "district",
      "valueString" : "臺北市"
    },
    {
      "code" : "city",
      "valueString" : "中正區"
    }]
  },
  {
    "code" : "103",
    "display" : "臺北市大同區",
    "property" : [{
      "code" : "district",
      "valueString" : "臺北市"
    },
    {
      "code" : "city",
      "valueString" : "大同區"
    }]
  },
  {
    "code" : "104",
    "display" : "臺北市中山區",
    "property" : [{
      "code" : "district",
      "valueString" : "臺北市"
    },
    {
      "code" : "city",
      "valueString" : "中山區"
    }]
  },
  {
    "code" : "105",
    "display" : "臺北市松山區",
    "property" : [{
      "code" : "district",
      "valueString" : "臺北市"
    },
    {
      "code" : "city",
      "valueString" : "松山區"
    }]
  },
  {
    "code" : "106",
    "display" : "臺北市大安區",
    "property" : [{
      "code" : "district",
      "valueString" : "臺北市"
    },
    {
      "code" : "city",
      "valueString" : "大安區"
    }]
  },
  {
    "code" : "108",
    "display" : "臺北市萬華區",
    "property" : [{
      "code" : "district",
      "valueString" : "臺北市"
    },
    {
      "code" : "city",
      "valueString" : "萬華區"
    }]
  },
  {
    "code" : "110",
    "display" : "臺北市信義區",
    "property" : [{
      "code" : "district",
      "valueString" : "臺北市"
    },
    {
      "code" : "city",
      "valueString" : "信義區"
    }]
  },
  {
    "code" : "111",
    "display" : "臺北市士林區",
    "property" : [{
      "code" : "district",
      "valueString" : "臺北市"
    },
    {
      "code" : "city",
      "valueString" : "士林區"
    }]
  },
  {
    "code" : "112",
    "display" : "臺北市北投區",
    "property" : [{
      "code" : "district",
      "valueString" : "臺北市"
    },
    {
      "code" : "city",
      "valueString" : "北投區"
    }]
  },
  {
    "code" : "114",
    "display" : "臺北市內湖區",
    "property" : [{
      "code" : "district",
      "valueString" : "臺北市"
    },
    {
      "code" : "city",
      "valueString" : "內湖區"
    }]
  },
  {
    "code" : "115",
    "display" : "臺北市南港區",
    "property" : [{
      "code" : "district",
      "valueString" : "臺北市"
    },
    {
      "code" : "city",
      "valueString" : "南港區"
    }]
  },
  {
    "code" : "116",
    "display" : "臺北市文山區",
    "property" : [{
      "code" : "district",
      "valueString" : "臺北市"
    },
    {
      "code" : "city",
      "valueString" : "文山區"
    }]
  },
  {
    "code" : "200",
    "display" : "基隆市仁愛區",
    "property" : [{
      "code" : "district",
      "valueString" : "基隆市"
    },
    {
      "code" : "city",
      "valueString" : "仁愛區"
    }]
  },
  {
    "code" : "201",
    "display" : "基隆市信義區",
    "property" : [{
      "code" : "district",
      "valueString" : "基隆市"
    },
    {
      "code" : "city",
      "valueString" : "信義區"
    }]
  },
  {
    "code" : "202",
    "display" : "基隆市中正區",
    "property" : [{
      "code" : "district",
      "valueString" : "基隆市"
    },
    {
      "code" : "city",
      "valueString" : "中正區"
    }]
  },
  {
    "code" : "203",
    "display" : "基隆市中山區",
    "property" : [{
      "code" : "district",
      "valueString" : "基隆市"
    },
    {
      "code" : "city",
      "valueString" : "中山區"
    }]
  },
  {
    "code" : "204",
    "display" : "基隆市安樂區",
    "property" : [{
      "code" : "district",
      "valueString" : "基隆市"
    },
    {
      "code" : "city",
      "valueString" : "安樂區"
    }]
  },
  {
    "code" : "205",
    "display" : "基隆市暖暖區",
    "property" : [{
      "code" : "district",
      "valueString" : "基隆市"
    },
    {
      "code" : "city",
      "valueString" : "暖暖區"
    }]
  },
  {
    "code" : "206",
    "display" : "基隆市七堵區",
    "property" : [{
      "code" : "district",
      "valueString" : "基隆市"
    },
    {
      "code" : "city",
      "valueString" : "七堵區"
    }]
  },
  {
    "code" : "207",
    "display" : "新北市萬里區",
    "property" : [{
      "code" : "district",
      "valueString" : "新北市"
    },
    {
      "code" : "city",
      "valueString" : "萬里區"
    }]
  },
  {
    "code" : "208",
    "display" : "新北市金山區",
    "property" : [{
      "code" : "district",
      "valueString" : "新北市"
    },
    {
      "code" : "city",
      "valueString" : "金山區"
    }]
  },
  {
    "code" : "220",
    "display" : "新北市板橋區",
    "property" : [{
      "code" : "district",
      "valueString" : "新北市"
    },
    {
      "code" : "city",
      "valueString" : "板橋區"
    }]
  },
  {
    "code" : "221",
    "display" : "新北市汐止區",
    "property" : [{
      "code" : "district",
      "valueString" : "新北市"
    },
    {
      "code" : "city",
      "valueString" : "汐止區"
    }]
  },
  {
    "code" : "222",
    "display" : "新北市深坑區",
    "property" : [{
      "code" : "district",
      "valueString" : "新北市"
    },
    {
      "code" : "city",
      "valueString" : "深坑區"
    }]
  },
  {
    "code" : "223",
    "display" : "新北市石碇區",
    "property" : [{
      "code" : "district",
      "valueString" : "新北市"
    },
    {
      "code" : "city",
      "valueString" : "石碇區"
    }]
  },
  {
    "code" : "224",
    "display" : "新北市瑞芳區",
    "property" : [{
      "code" : "district",
      "valueString" : "新北市"
    },
    {
      "code" : "city",
      "valueString" : "瑞芳區"
    }]
  },
  {
    "code" : "226",
    "display" : "新北市平溪區",
    "property" : [{
      "code" : "district",
      "valueString" : "新北市"
    },
    {
      "code" : "city",
      "valueString" : "平溪區"
    }]
  },
  {
    "code" : "227",
    "display" : "新北市雙溪區",
    "property" : [{
      "code" : "district",
      "valueString" : "新北市"
    },
    {
      "code" : "city",
      "valueString" : "雙溪區"
    }]
  },
  {
    "code" : "228",
    "display" : "新北市貢寮區",
    "property" : [{
      "code" : "district",
      "valueString" : "新北市"
    },
    {
      "code" : "city",
      "valueString" : "貢寮區"
    }]
  },
  {
    "code" : "231",
    "display" : "新北市新店區",
    "property" : [{
      "code" : "district",
      "valueString" : "新北市"
    },
    {
      "code" : "city",
      "valueString" : "新店區"
    }]
  },
  {
    "code" : "232",
    "display" : "新北市坪林區",
    "property" : [{
      "code" : "district",
      "valueString" : "新北市"
    },
    {
      "code" : "city",
      "valueString" : "坪林區"
    }]
  },
  {
    "code" : "233",
    "display" : "新北市烏來區",
    "property" : [{
      "code" : "district",
      "valueString" : "新北市"
    },
    {
      "code" : "city",
      "valueString" : "烏來區"
    }]
  },
  {
    "code" : "234",
    "display" : "新北市永和區",
    "property" : [{
      "code" : "district",
      "valueString" : "新北市"
    },
    {
      "code" : "city",
      "valueString" : "永和區"
    }]
  },
  {
    "code" : "235",
    "display" : "新北市中和區",
    "property" : [{
      "code" : "district",
      "valueString" : "新北市"
    },
    {
      "code" : "city",
      "valueString" : "中和區"
    }]
  },
  {
    "code" : "236",
    "display" : "新北市土城區",
    "property" : [{
      "code" : "district",
      "valueString" : "新北市"
    },
    {
      "code" : "city",
      "valueString" : "土城區"
    }]
  },
  {
    "code" : "237",
    "display" : "新北市三峽區",
    "property" : [{
      "code" : "district",
      "valueString" : "新北市"
    },
    {
      "code" : "city",
      "valueString" : "三峽區"
    }]
  },
  {
    "code" : "238",
    "display" : "新北市樹林區",
    "property" : [{
      "code" : "district",
      "valueString" : "新北市"
    },
    {
      "code" : "city",
      "valueString" : "樹林區"
    }]
  },
  {
    "code" : "239",
    "display" : "新北市鶯歌區",
    "property" : [{
      "code" : "district",
      "valueString" : "新北市"
    },
    {
      "code" : "city",
      "valueString" : "鶯歌區"
    }]
  },
  {
    "code" : "241",
    "display" : "新北市三重區",
    "property" : [{
      "code" : "district",
      "valueString" : "新北市"
    },
    {
      "code" : "city",
      "valueString" : "三重區"
    }]
  },
  {
    "code" : "242",
    "display" : "新北市新莊區",
    "property" : [{
      "code" : "district",
      "valueString" : "新北市"
    },
    {
      "code" : "city",
      "valueString" : "新莊區"
    }]
  },
  {
    "code" : "243",
    "display" : "新北市泰山區",
    "property" : [{
      "code" : "district",
      "valueString" : "新北市"
    },
    {
      "code" : "city",
      "valueString" : "泰山區"
    }]
  },
  {
    "code" : "244",
    "display" : "新北市林口區",
    "property" : [{
      "code" : "district",
      "valueString" : "新北市"
    },
    {
      "code" : "city",
      "valueString" : "林口區"
    }]
  },
  {
    "code" : "247",
    "display" : "新北市蘆洲區",
    "property" : [{
      "code" : "district",
      "valueString" : "新北市"
    },
    {
      "code" : "city",
      "valueString" : "蘆洲區"
    }]
  },
  {
    "code" : "248",
    "display" : "新北市五股區",
    "property" : [{
      "code" : "district",
      "valueString" : "新北市"
    },
    {
      "code" : "city",
      "valueString" : "五股區"
    }]
  },
  {
    "code" : "249",
    "display" : "新北市八里區",
    "property" : [{
      "code" : "district",
      "valueString" : "新北市"
    },
    {
      "code" : "city",
      "valueString" : "八里區"
    }]
  },
  {
    "code" : "251",
    "display" : "新北市淡水區",
    "property" : [{
      "code" : "district",
      "valueString" : "新北市"
    },
    {
      "code" : "city",
      "valueString" : "淡水區"
    }]
  },
  {
    "code" : "252",
    "display" : "新北市三芝區",
    "property" : [{
      "code" : "district",
      "valueString" : "新北市"
    },
    {
      "code" : "city",
      "valueString" : "三芝區"
    }]
  },
  {
    "code" : "253",
    "display" : "新北市石門區",
    "property" : [{
      "code" : "district",
      "valueString" : "新北市"
    },
    {
      "code" : "city",
      "valueString" : "石門區"
    }]
  },
  {
    "code" : "330",
    "display" : "桃園市桃園區",
    "property" : [{
      "code" : "district",
      "valueString" : "桃園市"
    },
    {
      "code" : "city",
      "valueString" : "桃園區"
    }]
  }]
}