{
  "resourceType" : "CodeSystem",
  "id" : "icd-10-pcs-2014-tw",
  "text" : {
    "status" : "generated",
    "div" : "<div xmlns=\"http://www.w3.org/1999/xhtml\">Placeholder</div>"
  },
  "url" : "https://twcore.mohw.gov.tw/ig/twcore/CodeSystem/icd-10-pcs-2014-tw",
  "version" : "2017-07-19",
  "name" : "TW2014ICD10PCS",
  "title" : "臺灣2014年中文版ICD-10-PCS",
  "status" : "active",
  "experimental" : false,
  "date" : "2014-07-17",
  "contact" : [{
    "name" : "衛生福利部",
    "telecom" : [{
      "system" : "url",
      "value" : "https://www.mohw.gov.tw/"
    },
    {
      "system" : "email",
      "value" : "CCYU@mohw.gov.tw"
    }]
  }],
  "description" : "臺灣2014年中文版ICD-10-PCS，參照至[https://www.nhi.gov.tw/Content_List.aspx?n=3C0BD93EC042CC67&topn=23C660CAACAA159D](https://www.nhi.gov.tw/Content_List.aspx?n=3C0BD93EC042CC67&topn=23C660CAACAA159D)。    \n代碼出版日期：2014-07-17；資料所屬單位：衛生福利部中央健康保險署。\n\n*因原始資料無代碼版本資訊，故使用其法規「公布日期」作為版本資訊。*  \n\n因代碼量較大會使載入頁面時間較長，為方便使用者瀏覽，此處僅擷取部分代碼，完整代碼可至全國專門術語服務平台([https://twcore.mohw.gov.tw/tsfhir/CodeSystem/icd-10-pcs-2014-tw](https://twcore.mohw.gov.tw/ts/codesystemRead.jsp?id=icd-10-pcs-2014-tw&status=active&version=2017-07-19&metaId=1&codeStatus=use&show=Y){:target=\"_blank\"})查閱",
  "copyright" : "World Health Organization (WHO)",
  "caseSensitive" : true,
  "content" : "complete",
  "count" : 84,
  "concept" : [{
    "code" : "0016070",
    "display" : "開放性腦室至鼻咽繞道術，使用自體組織替代物"
  },
  {
    "code" : "0016071",
    "display" : "開放性腦室至乳突竇繞道術，使用自體組織替代物"
  },
  {
    "code" : "0016072",
    "display" : "開放性腦室至心房繞道術，使用自體組織替代物"
  },
  {
    "code" : "0016073",
    "display" : "開放性腦室至血管繞道術，使用自體組織替代物"
  },
  {
    "code" : "0016074",
    "display" : "開放性腦室至肋膜腔繞道術，使用自體組織替代物"
  },
  {
    "code" : "0016075",
    "display" : "開放性腦室至腸繞道術，使用自體組織替代物"
  },
  {
    "code" : "0016076",
    "display" : "開放性腦室至腹腔繞道術，使用自體組織替代物"
  },
  {
    "code" : "0016077",
    "display" : "開放性腦室至泌尿道繞道術，使用自體組織替代物"
  },
  {
    "code" : "0016078",
    "display" : "開放性腦室至骨髓繞道術，使用自體組織替代物"
  },
  {
    "code" : "001607B",
    "display" : "開放性腦室至腦池繞道術，使用自體組織替代物"
  },
  {
    "code" : "00160J0",
    "display" : "開放性腦室至鼻咽繞道術，使用合成替代物"
  },
  {
    "code" : "00160J1",
    "display" : "開放性腦室至乳突竇繞道術，使用合成替代物"
  },
  {
    "code" : "00160J2",
    "display" : "開放性腦室至心房繞道術，使用合成替代物"
  },
  {
    "code" : "00160J3",
    "display" : "開放性腦室至血管繞道術，使用合成替代物"
  },
  {
    "code" : "00160J4",
    "display" : "開放性腦室至肋膜腔繞道術，使用合成替代物"
  },
  {
    "code" : "00160J5",
    "display" : "開放性腦室至腸繞道術，使用合成替代物"
  },
  {
    "code" : "00160J6",
    "display" : "開放性腦室至腹腔繞道術，使用合成替代物"
  },
  {
    "code" : "00160J7",
    "display" : "開放性腦室至泌尿道繞道術，使用合成替代物"
  },
  {
    "code" : "00160J8",
    "display" : "開放性腦室至骨髓繞道術，使用合成替代物"
  },
  {
    "code" : "00160JB",
    "display" : "開放性腦室至腦池繞道術，使用合成替代物"
  },
  {
    "code" : "00160K0",
    "display" : "開放性腦室至鼻咽繞道術，使用非自體組織替代物"
  },
  {
    "code" : "00160K1",
    "display" : "開放性腦室至乳突竇繞道術，使用非自體組織替代物"
  },
  {
    "code" : "00160K2",
    "display" : "開放性腦室至心房繞道術，使用非自體組織替代物"
  },
  {
    "code" : "00160K3",
    "display" : "開放性腦室至血管繞道術，使用非自體組織替代物"
  },
  {
    "code" : "00160K4",
    "display" : "開放性腦室至肋膜腔繞道術，使用非自體組織替代物"
  },
  {
    "code" : "00160K5",
    "display" : "開放性腦室至腸繞道術，使用非自體組織替代物"
  },
  {
    "code" : "00160K6",
    "display" : "開放性腦室至腹腔繞道術，使用非自體組織替代物"
  },
  {
    "code" : "00160K7",
    "display" : "開放性腦室至泌尿道繞道術，使用非自體組織替代物"
  },
  {
    "code" : "00160K8",
    "display" : "開放性腦室至骨髓繞道術，使用非自體組織替代物"
  },
  {
    "code" : "00160KB",
    "display" : "開放性腦室至腦池繞道術，使用非自體組織替代物"
  },
  {
    "code" : "0016370",
    "display" : "經皮腦室至鼻咽繞道術，使用自體組織替代物"
  },
  {
    "code" : "0016371",
    "display" : "經皮腦室至乳突竇繞道術，使用自體組織替代物"
  },
  {
    "code" : "0016372",
    "display" : "經皮腦室至心房繞道術，使用自體組織替代物"
  },
  {
    "code" : "0016373",
    "display" : "經皮腦室至血管繞道術，使用自體組織替代物"
  },
  {
    "code" : "0016374",
    "display" : "經皮腦室至肋膜腔繞道術，使用自體組織替代物"
  },
  {
    "code" : "0016375",
    "display" : "經皮腦室至腸繞道術，使用自體組織替代物"
  },
  {
    "code" : "0016376",
    "display" : "經皮腦室至腹腔繞道術，使用自體組織替代物"
  },
  {
    "code" : "0016377",
    "display" : "經皮腦室至泌尿道繞道術，使用自體組織替代物"
  },
  {
    "code" : "0016378",
    "display" : "經皮腦室至骨髓繞道術，使用自體組織替代物"
  },
  {
    "code" : "001637B",
    "display" : "經皮腦室至腦池繞道術，使用自體組織替代物"
  },
  {
    "code" : "00163J0",
    "display" : "經皮腦室至鼻咽繞道術，使用合成替代物"
  },
  {
    "code" : "00163J1",
    "display" : "經皮腦室至乳突竇繞道術，使用合成替代物"
  },
  {
    "code" : "00163J2",
    "display" : "經皮腦室至心房繞道術，使用合成替代物"
  },
  {
    "code" : "00163J3",
    "display" : "經皮腦室至血管繞道術，使用合成替代物"
  },
  {
    "code" : "00163J4",
    "display" : "經皮腦室至肋膜腔繞道術，使用合成替代物"
  },
  {
    "code" : "00163J5",
    "display" : "經皮腦室至腸繞道術，使用合成替代物"
  },
  {
    "code" : "00163J6",
    "display" : "經皮腦室至腹腔繞道術，使用合成替代物"
  },
  {
    "code" : "00163J7",
    "display" : "經皮腦室至泌尿道繞道術，使用合成替代物"
  },
  {
    "code" : "00163J8",
    "display" : "經皮腦室至骨髓繞道術，使用合成替代物"
  },
  {
    "code" : "00163JB",
    "display" : "經皮腦室至腦池繞道術，使用合成替代物"
  },
  {
    "code" : "00163K0",
    "display" : "經皮腦室至鼻咽繞道術，使用非自體組織替代物"
  },
  {
    "code" : "00163K1",
    "display" : "經皮腦室至乳突竇繞道術，使用非自體組織替代物"
  },
  {
    "code" : "00163K2",
    "display" : "經皮腦室至心房繞道術，使用非自體組織替代物"
  },
  {
    "code" : "00163K3",
    "display" : "經皮腦室至血管繞道術，使用非自體組織替代物"
  },
  {
    "code" : "00163K4",
    "display" : "經皮腦室至肋膜腔繞道術，使用非自體組織替代物"
  },
  {
    "code" : "00163K5",
    "display" : "經皮腦室至腸繞道術，使用非自體組織替代物"
  },
  {
    "code" : "00163K6",
    "display" : "經皮腦室至腹腔繞道術，使用非自體組織替代物"
  },
  {
    "code" : "00163K7",
    "display" : "經皮腦室至泌尿道繞道術，使用非自體組織替代物"
  },
  {
    "code" : "00163K8",
    "display" : "經皮腦室至骨髓繞道術，使用非自體組織替代物"
  },
  {
    "code" : "00163KB",
    "display" : "經皮腦室至腦池繞道術，使用非自體組織替代物"
  },
  {
    "code" : "001U074",
    "display" : "開放性椎管至肋膜腔繞道術，使用自體組織替代物"
  },
  {
    "code" : "001U076",
    "display" : "開放性椎管至腹腔繞道術，使用自體組織替代物"
  },
  {
    "code" : "001U077",
    "display" : "開放性椎管至泌尿道繞道術，使用自體組織替代物"
  },
  {
    "code" : "001U079",
    "display" : "開放性椎管至輸卵管繞道術，使用自體組織替代物"
  },
  {
    "code" : "001U0J4",
    "display" : "開放性椎管至肋膜腔繞道術，使用合成替代物"
  },
  {
    "code" : "001U0J6",
    "display" : "開放性椎管至腹腔繞道術，使用合成替代物"
  },
  {
    "code" : "001U0J7",
    "display" : "開放性椎管至泌尿道繞道術，使用合成替代物"
  },
  {
    "code" : "001U0J9",
    "display" : "開放性椎管至輸卵管繞道術，使用合成替代物"
  },
  {
    "code" : "001U0K4",
    "display" : "開放性椎管至肋膜腔繞道術，使用非自體組織替代物"
  },
  {
    "code" : "001U0K6",
    "display" : "開放性椎管至腹腔繞道術，使用非自體組織替代物"
  },
  {
    "code" : "001U0K7",
    "display" : "開放性椎管至泌尿道繞道術，使用非自體組織替代物"
  },
  {
    "code" : "001U0K9",
    "display" : "開放性椎管至輸卵管繞道術，使用非自體組織替代物"
  },
  {
    "code" : "001U374",
    "display" : "經皮椎管至肋膜腔繞道術，使用自體組織替代物"
  },
  {
    "code" : "001U376",
    "display" : "經皮椎管至腹腔繞道術，使用自體組織替代物"
  },
  {
    "code" : "001U377",
    "display" : "經皮椎管至泌尿道繞道術，使用自體組織替代物"
  },
  {
    "code" : "001U379",
    "display" : "經皮椎管至輸卵管繞道術，使用自體組織替代物"
  },
  {
    "code" : "001U3J4",
    "display" : "經皮椎管至肋膜腔繞道術，使用合成替代物"
  },
  {
    "code" : "001U3J6",
    "display" : "經皮椎管至腹腔繞道術，使用合成替代物"
  },
  {
    "code" : "001U3J7",
    "display" : "經皮椎管至泌尿道繞道術，使用合成替代物"
  },
  {
    "code" : "001U3J9",
    "display" : "經皮椎管至輸卵管繞道術，使用合成替代物"
  },
  {
    "code" : "001U3K4",
    "display" : "經皮椎管至肋膜腔繞道術，使用非自體組織替代物"
  },
  {
    "code" : "001U3K6",
    "display" : "經皮椎管至腹腔繞道術，使用非自體組織替代物"
  },
  {
    "code" : "001U3K7",
    "display" : "經皮椎管至泌尿道繞道術，使用非自體組織替代物"
  },
  {
    "code" : "001U3K9",
    "display" : "經皮椎管至輸卵管繞道術，使用非自體組織替代物"
  }]
}