{
  "resourceType" : "CodeSystem",
  "id" : "icd-10-pcs-2021-tw",
  "text" : {
    "status" : "generated",
    "div" : "<div xmlns=\"http://www.w3.org/1999/xhtml\">Placeholder</div>"
  },
  "url" : "https://twcore.mohw.gov.tw/ig/twcore/CodeSystem/icd-10-pcs-2021-tw",
  "version" : "2022-07-29",
  "name" : "TW2021ICD10PCS",
  "title" : "臺灣2021年中文版ICD-10-PCS",
  "status" : "active",
  "experimental" : false,
  "date" : "2022-07-29",
  "contact" : [{
    "name" : "衛生福利部",
    "telecom" : [{
      "system" : "url",
      "value" : "https://www.mohw.gov.tw/"
    },
    {
      "system" : "email",
      "value" : "CCYU@mohw.gov.tw"
    }]
  }],
  "description" : "臺灣2021年中文版ICD-10-PCS，參照至[https://www.nhi.gov.tw/Content_List.aspx?n=3C0BD93EC042CC67&topn=23C660CAACAA159D](https://www.nhi.gov.tw/Content_List.aspx?n=3C0BD93EC042CC67&topn=23C660CAACAA159D)。    \n代碼出版日期：2022-07-29；資料所屬單位：衛生福利部中央健康保險署。\n\n*因原始資料無代碼版本資訊，故使用其法規「公布日期」作為版本資訊。*  \n\n因代碼量較大會使載入頁面時間較長，為方便使用者瀏覽，此處僅擷取部分代碼，完整代碼可至全國專門術語服務平台([https://twcore.mohw.gov.tw/tsfhir/CodeSystem/icd-10-pcs-2021-tw](https://twcore.mohw.gov.tw/ts/codesystemRead.jsp?id=icd-10-pcs-2021-tw&status=active&version=2022-07-29&metaId=1&codeStatus=use&show=Y){:target=\"_blank\"})查閱",
  "copyright" : "World Health Organization (WHO)",
  "caseSensitive" : true,
  "content" : "complete",
  "count" : 422,
  "concept" : [{
    "code" : "BQ3JY0Z",
    "display" : "右側跟骨減弱及增強磁振造影，使用其他顯影劑"
  },
  {
    "code" : "BQ3JYZZ",
    "display" : "右側跟骨磁振造影，使用其他顯影劑"
  },
  {
    "code" : "BQ3JZZZ",
    "display" : "右側跟骨磁振造影"
  },
  {
    "code" : "BQ3KY0Z",
    "display" : "左側跟骨減弱及增強磁振造影，使用其他顯影劑"
  },
  {
    "code" : "BQ3KYZZ",
    "display" : "左側跟骨磁振造影，使用其他顯影劑"
  },
  {
    "code" : "BQ3KZZZ",
    "display" : "左側跟骨磁振造影"
  },
  {
    "code" : "BQ3LY0Z",
    "display" : "右足減弱及增強磁振造影，使用其他顯影劑"
  },
  {
    "code" : "BQ3LYZZ",
    "display" : "右足磁振造影，使用其他顯影劑"
  },
  {
    "code" : "BQ3LZZZ",
    "display" : "右足磁振造影"
  },
  {
    "code" : "BQ3MY0Z",
    "display" : "左足減弱及增強磁振造影，使用其他顯影劑"
  },
  {
    "code" : "BQ3MYZZ",
    "display" : "左足磁振造影，使用其他顯影劑"
  },
  {
    "code" : "BQ3MZZZ",
    "display" : "左足磁振造影"
  },
  {
    "code" : "BQ3PY0Z",
    "display" : "右趾減弱及增強磁振造影，使用其他顯影劑"
  },
  {
    "code" : "BQ3PYZZ",
    "display" : "右趾磁振造影，使用其他顯影劑"
  },
  {
    "code" : "BQ3PZZZ",
    "display" : "右趾磁振造影"
  },
  {
    "code" : "BQ3QY0Z",
    "display" : "左趾減弱及增強磁振造影，使用其他顯影劑"
  },
  {
    "code" : "BQ3QYZZ",
    "display" : "左趾磁振造影，使用其他顯影劑"
  },
  {
    "code" : "BQ3QZZZ",
    "display" : "左趾磁振造影"
  },
  {
    "code" : "BQ3VY0Z",
    "display" : "右側髕骨減弱及增強磁振造影，使用其他顯影劑"
  },
  {
    "code" : "BQ3VYZZ",
    "display" : "右側髕骨磁振造影，使用其他顯影劑"
  },
  {
    "code" : "BQ3VZZZ",
    "display" : "右側髕骨磁振造影"
  },
  {
    "code" : "BQ3WY0Z",
    "display" : "左側髕骨減弱及增強磁振造影，使用其他顯影劑"
  },
  {
    "code" : "BQ3WYZZ",
    "display" : "左側髕骨磁振造影，使用其他顯影劑"
  },
  {
    "code" : "BQ3WZZZ",
    "display" : "左側髕骨磁振造影"
  },
  {
    "code" : "BQ40ZZZ",
    "display" : "右髖關節超音波"
  },
  {
    "code" : "BQ41ZZZ",
    "display" : "左髖關節超音波"
  },
  {
    "code" : "BQ42ZZZ",
    "display" : "雙髖關節超音波"
  },
  {
    "code" : "BQ47ZZZ",
    "display" : "右膝超音波"
  },
  {
    "code" : "BQ48ZZZ",
    "display" : "左膝超音波"
  },
  {
    "code" : "BQ49ZZZ",
    "display" : "雙膝超音波"
  },
  {
    "code" : "BR00ZZ1",
    "display" : "頸椎骨質密度一般放射線攝影"
  },
  {
    "code" : "BR00ZZZ",
    "display" : "頸椎一般放射線攝影"
  },
  {
    "code" : "BR010ZZ",
    "display" : "頸椎間盤一般放射線攝影，使用高滲透壓顯影劑"
  },
  {
    "code" : "BR011ZZ",
    "display" : "頸椎間盤一般放射線攝影，使用低滲透壓顯影劑"
  },
  {
    "code" : "BR01YZZ",
    "display" : "頸椎間盤一般放射線攝影，使用其他顯影劑"
  },
  {
    "code" : "BR01ZZZ",
    "display" : "頸椎間盤一般放射線攝影"
  },
  {
    "code" : "BR020ZZ",
    "display" : "胸椎間盤一般放射線攝影，使用高滲透壓顯影劑"
  },
  {
    "code" : "BR021ZZ",
    "display" : "胸椎間盤一般放射線攝影，使用低滲透壓顯影劑"
  },
  {
    "code" : "BR02YZZ",
    "display" : "胸椎間盤一般放射線攝影，使用其他顯影劑"
  },
  {
    "code" : "BR02ZZZ",
    "display" : "胸椎間盤一般放射線攝影"
  },
  {
    "code" : "BR030ZZ",
    "display" : "腰椎間盤一般放射線攝影，使用高滲透壓顯影劑"
  },
  {
    "code" : "BR031ZZ",
    "display" : "腰椎間盤一般放射線攝影，使用低滲透壓顯影劑"
  },
  {
    "code" : "BR03YZZ",
    "display" : "腰椎間盤一般放射線攝影，使用其他顯影劑"
  },
  {
    "code" : "BR03ZZZ",
    "display" : "腰椎間盤一般放射線攝影"
  },
  {
    "code" : "BR040ZZ",
    "display" : "頸椎小面關節一般放射線攝影，使用高滲透壓顯影劑"
  },
  {
    "code" : "BR041ZZ",
    "display" : "頸椎小面關節一般放射線攝影，使用低滲透壓顯影劑"
  },
  {
    "code" : "BR04YZZ",
    "display" : "頸椎小面關節一般放射線攝影，使用其他顯影劑"
  },
  {
    "code" : "BR04ZZZ",
    "display" : "頸椎小面關節一般放射線攝影"
  },
  {
    "code" : "BR050ZZ",
    "display" : "胸椎小面關節一般放射線攝影，使用高滲透壓顯影劑"
  },
  {
    "code" : "BR051ZZ",
    "display" : "胸椎小面關節一般放射線攝影，使用低滲透壓顯影劑"
  },
  {
    "code" : "BR05YZZ",
    "display" : "胸椎小面關節一般放射線攝影，使用其他顯影劑"
  },
  {
    "code" : "BR05ZZZ",
    "display" : "胸椎小面關節一般放射線攝影"
  },
  {
    "code" : "BR060ZZ",
    "display" : "腰椎小面關節一般放射線攝影，使用高滲透壓顯影劑"
  },
  {
    "code" : "BR061ZZ",
    "display" : "腰椎小面關節一般放射線攝影，使用低滲透壓顯影劑"
  },
  {
    "code" : "BR06YZZ",
    "display" : "腰椎小面關節一般放射線攝影，使用其他顯影劑"
  },
  {
    "code" : "BR06ZZZ",
    "display" : "腰椎小面關節一般放射線攝影"
  },
  {
    "code" : "BR07ZZ1",
    "display" : "胸椎骨質密度一般放射線攝影"
  },
  {
    "code" : "BR07ZZZ",
    "display" : "胸椎一般放射線攝影"
  },
  {
    "code" : "BR08ZZZ",
    "display" : "胸腰椎關節一般放射線攝影"
  },
  {
    "code" : "BR09ZZ1",
    "display" : "腰椎骨質密度一般放射線攝影"
  },
  {
    "code" : "BR09ZZZ",
    "display" : "腰椎一般放射線攝影"
  },
  {
    "code" : "BR0BZZZ",
    "display" : "腰薦關節一般放射線攝影"
  },
  {
    "code" : "BR0CZZZ",
    "display" : "骨盆一般放射線攝影"
  },
  {
    "code" : "BR0D0ZZ",
    "display" : "薦髂關節一般放射線攝影，使用高滲透壓顯影劑"
  },
  {
    "code" : "BR0D1ZZ",
    "display" : "薦髂關節一般放射線攝影，使用低滲透壓顯影劑"
  },
  {
    "code" : "BR0DYZZ",
    "display" : "薦髂關節一般放射線攝影，使用其他顯影劑"
  },
  {
    "code" : "BR0DZZZ",
    "display" : "薦髂關節一般放射線攝影"
  },
  {
    "code" : "BR0FZZZ",
    "display" : "薦骨和尾骨一般放射線攝影"
  },
  {
    "code" : "BR0GZZ1",
    "display" : "全脊骨骨質密度一般放射線攝影"
  },
  {
    "code" : "BR0GZZZ",
    "display" : "全脊骨一般放射線攝影"
  },
  {
    "code" : "BR0HZZZ",
    "display" : "胸骨一般放射線攝影"
  },
  {
    "code" : "BR100ZZ",
    "display" : "頸椎透視攝影，使用高滲透壓顯影劑"
  },
  {
    "code" : "BR101ZZ",
    "display" : "頸椎透視攝影，使用低滲透壓顯影劑"
  },
  {
    "code" : "BR10YZZ",
    "display" : "頸椎透視攝影，使用其他顯影劑"
  },
  {
    "code" : "BR10ZZZ",
    "display" : "頸椎透視攝影"
  },
  {
    "code" : "BR110ZZ",
    "display" : "頸椎間盤透視攝影，使用高滲透壓顯影劑"
  },
  {
    "code" : "BR111ZZ",
    "display" : "頸椎間盤透視攝影，使用低滲透壓顯影劑"
  },
  {
    "code" : "BR11YZZ",
    "display" : "頸椎間盤透視攝影，使用其他顯影劑"
  },
  {
    "code" : "BR11ZZZ",
    "display" : "頸椎間盤透視攝影"
  },
  {
    "code" : "BR120ZZ",
    "display" : "胸椎間盤透視攝影，使用高滲透壓顯影劑"
  },
  {
    "code" : "BR121ZZ",
    "display" : "胸椎間盤透視攝影，使用低滲透壓顯影劑"
  },
  {
    "code" : "BR12YZZ",
    "display" : "胸椎間盤透視攝影，使用其他顯影劑"
  },
  {
    "code" : "BR12ZZZ",
    "display" : "胸椎間盤透視攝影"
  },
  {
    "code" : "BR130ZZ",
    "display" : "腰椎間盤透視攝影，使用高滲透壓顯影劑"
  },
  {
    "code" : "BR131ZZ",
    "display" : "腰椎間盤透視攝影，使用低滲透壓顯影劑"
  },
  {
    "code" : "BR13YZZ",
    "display" : "腰椎間盤透視攝影，使用其他顯影劑"
  },
  {
    "code" : "BR13ZZZ",
    "display" : "腰椎間盤透視攝影"
  },
  {
    "code" : "BR140ZZ",
    "display" : "頸椎小面關節透視攝影，使用高滲透壓顯影劑"
  },
  {
    "code" : "BR141ZZ",
    "display" : "頸椎小面關節透視攝影，使用低滲透壓顯影劑"
  },
  {
    "code" : "BR14YZZ",
    "display" : "頸椎小面關節透視攝影，使用其他顯影劑"
  },
  {
    "code" : "BR14ZZZ",
    "display" : "頸椎小面關節透視攝影"
  },
  {
    "code" : "BR150ZZ",
    "display" : "胸椎小面關節透視攝影，使用高滲透壓顯影劑"
  },
  {
    "code" : "BR151ZZ",
    "display" : "胸椎小面關節透視攝影，使用低滲透壓顯影劑"
  },
  {
    "code" : "BR15YZZ",
    "display" : "胸椎小面關節透視攝影，使用其他顯影劑"
  },
  {
    "code" : "BR15ZZZ",
    "display" : "胸椎小面關節透視攝影"
  },
  {
    "code" : "BR160ZZ",
    "display" : "腰椎小面關節透視攝影，使用高滲透壓顯影劑"
  },
  {
    "code" : "BR161ZZ",
    "display" : "腰椎小面關節透視攝影，使用低滲透壓顯影劑"
  },
  {
    "code" : "BR16YZZ",
    "display" : "腰椎小面關節透視攝影，使用其他顯影劑"
  },
  {
    "code" : "BR16ZZZ",
    "display" : "腰椎小面關節透視攝影"
  },
  {
    "code" : "BR170ZZ",
    "display" : "胸椎透視攝影，使用高滲透壓顯影劑"
  },
  {
    "code" : "BR171ZZ",
    "display" : "胸椎透視攝影，使用低滲透壓顯影劑"
  },
  {
    "code" : "BR17YZZ",
    "display" : "胸椎透視攝影，使用其他顯影劑"
  },
  {
    "code" : "BR17ZZZ",
    "display" : "胸椎透視攝影"
  },
  {
    "code" : "BR180ZZ",
    "display" : "胸腰椎關節透視攝影，使用高滲透壓顯影劑"
  },
  {
    "code" : "BR181ZZ",
    "display" : "胸腰椎關節透視攝影，使用低滲透壓顯影劑"
  },
  {
    "code" : "BR18YZZ",
    "display" : "胸腰椎關節透視攝影，使用其他顯影劑"
  },
  {
    "code" : "BR18ZZZ",
    "display" : "胸腰椎關節透視攝影"
  },
  {
    "code" : "BR190ZZ",
    "display" : "腰椎透視攝影，使用高滲透壓顯影劑"
  },
  {
    "code" : "BR191ZZ",
    "display" : "腰椎透視攝影，使用低滲透壓顯影劑"
  },
  {
    "code" : "BR19YZZ",
    "display" : "腰椎透視攝影，使用其他顯影劑"
  },
  {
    "code" : "BR19ZZZ",
    "display" : "腰椎透視攝影"
  },
  {
    "code" : "BR1B0ZZ",
    "display" : "腰薦關節透視攝影，使用高滲透壓顯影劑"
  },
  {
    "code" : "BR1B1ZZ",
    "display" : "腰薦關節透視攝影，使用低滲透壓顯影劑"
  },
  {
    "code" : "BR1BYZZ",
    "display" : "腰薦關節透視攝影，使用其他顯影劑"
  },
  {
    "code" : "BR1BZZZ",
    "display" : "腰薦關節透視攝影"
  },
  {
    "code" : "BR1C0ZZ",
    "display" : "骨盆透視攝影，使用高滲透壓顯影劑"
  },
  {
    "code" : "BR1C1ZZ",
    "display" : "骨盆透視攝影，使用低滲透壓顯影劑"
  },
  {
    "code" : "BR1CYZZ",
    "display" : "骨盆透視攝影，使用其他顯影劑"
  },
  {
    "code" : "BR1CZZZ",
    "display" : "骨盆透視攝影"
  },
  {
    "code" : "BR1D0ZZ",
    "display" : "薦髂關節透視攝影，使用高滲透壓顯影劑"
  },
  {
    "code" : "BR1D1ZZ",
    "display" : "薦髂關節透視攝影，使用低滲透壓顯影劑"
  },
  {
    "code" : "BR1DYZZ",
    "display" : "薦髂關節透視攝影，使用其他顯影劑"
  },
  {
    "code" : "BR1DZZZ",
    "display" : "薦髂關節透視攝影"
  },
  {
    "code" : "BR1F0ZZ",
    "display" : "薦骨和尾骨透視攝影，使用高滲透壓顯影劑"
  },
  {
    "code" : "BR1F1ZZ",
    "display" : "薦骨和尾骨透視攝影，使用低滲透壓顯影劑"
  },
  {
    "code" : "BR1FYZZ",
    "display" : "薦骨和尾骨透視攝影，使用其他顯影劑"
  },
  {
    "code" : "BR1FZZZ",
    "display" : "薦骨和尾骨透視攝影"
  },
  {
    "code" : "BR1G0ZZ",
    "display" : "全脊骨透視攝影，使用高滲透壓顯影劑"
  },
  {
    "code" : "BR1G1ZZ",
    "display" : "全脊骨透視攝影，使用低滲透壓顯影劑"
  },
  {
    "code" : "BR1GYZZ",
    "display" : "全脊骨透視攝影，使用其他顯影劑"
  },
  {
    "code" : "BR1GZZZ",
    "display" : "全脊骨透視攝影"
  },
  {
    "code" : "BR1H0ZZ",
    "display" : "胸骨透視攝影，使用高滲透壓顯影劑"
  },
  {
    "code" : "BR1H1ZZ",
    "display" : "胸骨透視攝影，使用低滲透壓顯影劑"
  },
  {
    "code" : "BR1HYZZ",
    "display" : "胸骨透視攝影，使用其他顯影劑"
  },
  {
    "code" : "BR1HZZZ",
    "display" : "胸骨透視攝影"
  },
  {
    "code" : "BR200ZZ",
    "display" : "頸椎電腦斷層掃描，使用高滲透壓顯影劑"
  },
  {
    "code" : "BR201ZZ",
    "display" : "頸椎電腦斷層掃描，使用低滲透壓顯影劑"
  },
  {
    "code" : "BR20YZZ",
    "display" : "頸椎電腦斷層掃描，使用其他顯影劑"
  },
  {
    "code" : "BR20ZZZ",
    "display" : "頸椎電腦斷層掃描"
  },
  {
    "code" : "BR270ZZ",
    "display" : "胸椎電腦斷層掃描，使用高滲透壓顯影劑"
  },
  {
    "code" : "BR271ZZ",
    "display" : "胸椎電腦斷層掃描，使用低滲透壓顯影劑"
  },
  {
    "code" : "BR27YZZ",
    "display" : "胸椎電腦斷層掃描，使用其他顯影劑"
  },
  {
    "code" : "BR27ZZZ",
    "display" : "胸椎電腦斷層掃描"
  },
  {
    "code" : "BR290ZZ",
    "display" : "腰椎電腦斷層掃描，使用高滲透壓顯影劑"
  },
  {
    "code" : "BR291ZZ",
    "display" : "腰椎電腦斷層掃描，使用低滲透壓顯影劑"
  },
  {
    "code" : "BR29YZZ",
    "display" : "腰椎電腦斷層掃描，使用其他顯影劑"
  },
  {
    "code" : "BR29ZZZ",
    "display" : "腰椎電腦斷層掃描"
  },
  {
    "code" : "BR2C0ZZ",
    "display" : "骨盆電腦斷層掃描，使用高滲透壓顯影劑"
  },
  {
    "code" : "BR2C1ZZ",
    "display" : "骨盆電腦斷層掃描，使用低滲透壓顯影劑"
  },
  {
    "code" : "BR2CYZZ",
    "display" : "骨盆電腦斷層掃描，使用其他顯影劑"
  },
  {
    "code" : "BR2CZZZ",
    "display" : "骨盆電腦斷層掃描"
  },
  {
    "code" : "BR2D0ZZ",
    "display" : "薦髂關節電腦斷層掃描，使用高滲透壓顯影劑"
  },
  {
    "code" : "BR2D1ZZ",
    "display" : "薦髂關節電腦斷層掃描，使用低滲透壓顯影劑"
  },
  {
    "code" : "BR2DYZZ",
    "display" : "薦髂關節電腦斷層掃描，使用其他顯影劑"
  },
  {
    "code" : "BR2DZZZ",
    "display" : "薦髂關節電腦斷層掃描"
  },
  {
    "code" : "BR2F0ZZ",
    "display" : "薦骨和尾骨電腦斷層掃描，使用高滲透壓顯影劑"
  },
  {
    "code" : "BR2F1ZZ",
    "display" : "薦骨和尾骨電腦斷層掃描，使用低滲透壓顯影劑"
  },
  {
    "code" : "BR2FYZZ",
    "display" : "薦骨和尾骨電腦斷層掃描，使用其他顯影劑"
  },
  {
    "code" : "BR2FZZZ",
    "display" : "薦骨和尾骨電腦斷層掃描"
  },
  {
    "code" : "BR30Y0Z",
    "display" : "頸椎減弱及增強磁振造影，使用其他顯影劑"
  },
  {
    "code" : "BR30YZZ",
    "display" : "頸椎磁振造影，使用其他顯影劑"
  },
  {
    "code" : "BR30ZZZ",
    "display" : "頸椎磁振造影"
  },
  {
    "code" : "BR31Y0Z",
    "display" : "頸椎間盤減弱及增強磁振造影，使用其他顯影劑"
  },
  {
    "code" : "BR31YZZ",
    "display" : "頸椎間盤磁振造影，使用其他顯影劑"
  },
  {
    "code" : "BR31ZZZ",
    "display" : "頸椎間盤磁振造影"
  },
  {
    "code" : "BR32Y0Z",
    "display" : "胸椎間盤減弱及增強磁振造影，使用其他顯影劑"
  },
  {
    "code" : "BR32YZZ",
    "display" : "胸椎間盤磁振造影，使用其他顯影劑"
  },
  {
    "code" : "BR32ZZZ",
    "display" : "胸椎間盤磁振造影"
  },
  {
    "code" : "BR33Y0Z",
    "display" : "腰椎間盤減弱及增強磁振造影，使用其他顯影劑"
  },
  {
    "code" : "BR33YZZ",
    "display" : "腰椎間盤磁振造影，使用其他顯影劑"
  },
  {
    "code" : "BR33ZZZ",
    "display" : "腰椎間盤磁振造影"
  },
  {
    "code" : "BR37Y0Z",
    "display" : "胸椎減弱及增強磁振造影，使用其他顯影劑"
  },
  {
    "code" : "BR37YZZ",
    "display" : "胸椎磁振造影，使用其他顯影劑"
  },
  {
    "code" : "BR37ZZZ",
    "display" : "胸椎磁振造影"
  },
  {
    "code" : "BR39Y0Z",
    "display" : "腰椎減弱及增強磁振造影，使用其他顯影劑"
  },
  {
    "code" : "BR39YZZ",
    "display" : "腰椎磁振造影，使用其他顯影劑"
  },
  {
    "code" : "BR39ZZZ",
    "display" : "腰椎磁振造影"
  },
  {
    "code" : "BR3CY0Z",
    "display" : "骨盆減弱及增強磁振造影，使用其他顯影劑"
  },
  {
    "code" : "BR3CYZZ",
    "display" : "骨盆磁振造影，使用其他顯影劑"
  },
  {
    "code" : "BR3CZZZ",
    "display" : "骨盆磁振造影"
  },
  {
    "code" : "BR3FY0Z",
    "display" : "薦骨和尾骨減弱及增強磁振造影，使用其他顯影劑"
  },
  {
    "code" : "BR3FYZZ",
    "display" : "薦骨和尾骨磁振造影，使用其他顯影劑"
  },
  {
    "code" : "BR3FZZZ",
    "display" : "薦骨和尾骨磁振造影"
  },
  {
    "code" : "BR40ZZZ",
    "display" : "頸椎超音波"
  },
  {
    "code" : "BR47ZZZ",
    "display" : "胸椎超音波"
  },
  {
    "code" : "BR49ZZZ",
    "display" : "腰椎超音波"
  },
  {
    "code" : "BR4FZZZ",
    "display" : "薦骨和尾骨超音波"
  },
  {
    "code" : "BT000ZZ",
    "display" : "膀胱一般放射線攝影，使用高滲透壓顯影劑"
  },
  {
    "code" : "BT001ZZ",
    "display" : "膀胱一般放射線攝影，使用低滲透壓顯影劑"
  },
  {
    "code" : "BT00YZZ",
    "display" : "膀胱一般放射線攝影，使用其他顯影劑"
  },
  {
    "code" : "BT00ZZZ",
    "display" : "膀胱一般放射線攝影"
  },
  {
    "code" : "BT010ZZ",
    "display" : "右腎一般放射線攝影，使用高滲透壓顯影劑"
  },
  {
    "code" : "BT011ZZ",
    "display" : "右腎一般放射線攝影，使用低滲透壓顯影劑"
  },
  {
    "code" : "BT01YZZ",
    "display" : "右腎一般放射線攝影，使用其他顯影劑"
  },
  {
    "code" : "BT01ZZZ",
    "display" : "右腎一般放射線攝影"
  },
  {
    "code" : "BT020ZZ",
    "display" : "左腎一般放射線攝影，使用高滲透壓顯影劑"
  },
  {
    "code" : "BT021ZZ",
    "display" : "左腎一般放射線攝影，使用低滲透壓顯影劑"
  },
  {
    "code" : "BT02YZZ",
    "display" : "左腎一般放射線攝影，使用其他顯影劑"
  },
  {
    "code" : "BT02ZZZ",
    "display" : "左腎一般放射線攝影"
  },
  {
    "code" : "BT030ZZ",
    "display" : "雙側腎臟一般放射線攝影，使用高滲透壓顯影劑"
  },
  {
    "code" : "BT031ZZ",
    "display" : "雙側腎臟一般放射線攝影，使用低滲透壓顯影劑"
  },
  {
    "code" : "BT03YZZ",
    "display" : "雙側腎臟一般放射線攝影，使用其他顯影劑"
  },
  {
    "code" : "BT03ZZZ",
    "display" : "雙側腎臟一般放射線攝影"
  },
  {
    "code" : "BT040ZZ",
    "display" : "腎臟、輸尿管及膀胱一般放射線攝影，使用高滲透壓顯影劑"
  },
  {
    "code" : "BT041ZZ",
    "display" : "腎臟、輸尿管及膀胱一般放射線攝影，使用低滲透壓顯影劑"
  },
  {
    "code" : "BT04YZZ",
    "display" : "腎臟、輸尿管及膀胱一般放射線攝影，使用其他顯影劑"
  },
  {
    "code" : "BT04ZZZ",
    "display" : "腎臟、輸尿管及膀胱一般放射線攝影"
  },
  {
    "code" : "BT050ZZ",
    "display" : "尿道一般放射線攝影，使用高滲透壓顯影劑"
  },
  {
    "code" : "BT051ZZ",
    "display" : "尿道一般放射線攝影，使用低滲透壓顯影劑"
  },
  {
    "code" : "BT05YZZ",
    "display" : "尿道一般放射線攝影，使用其他顯影劑"
  },
  {
    "code" : "BT05ZZZ",
    "display" : "尿道一般放射線攝影"
  },
  {
    "code" : "BT060ZZ",
    "display" : "右輸尿管一般放射線攝影，使用高滲透壓顯影劑"
  },
  {
    "code" : "BT061ZZ",
    "display" : "右輸尿管一般放射線攝影，使用低滲透壓顯影劑"
  },
  {
    "code" : "BT06YZZ",
    "display" : "右輸尿管一般放射線攝影，使用其他顯影劑"
  },
  {
    "code" : "BT06ZZZ",
    "display" : "右輸尿管一般放射線攝影"
  },
  {
    "code" : "BT070ZZ",
    "display" : "左輸尿管一般放射線攝影，使用高滲透壓顯影劑"
  },
  {
    "code" : "BT071ZZ",
    "display" : "左輸尿管一般放射線攝影，使用低滲透壓顯影劑"
  },
  {
    "code" : "BT07YZZ",
    "display" : "左輸尿管一般放射線攝影，使用其他顯影劑"
  },
  {
    "code" : "BT07ZZZ",
    "display" : "左輸尿管一般放射線攝影"
  },
  {
    "code" : "BT080ZZ",
    "display" : "雙側輸尿管一般放射線攝影，使用高滲透壓顯影劑"
  },
  {
    "code" : "BT081ZZ",
    "display" : "雙側輸尿管一般放射線攝影，使用低滲透壓顯影劑"
  },
  {
    "code" : "BT08YZZ",
    "display" : "雙側輸尿管一般放射線攝影，使用其他顯影劑"
  },
  {
    "code" : "BT08ZZZ",
    "display" : "雙側輸尿管一般放射線攝影"
  },
  {
    "code" : "BT0B0ZZ",
    "display" : "膀胱及尿道一般放射線攝影，使用高滲透壓顯影劑"
  },
  {
    "code" : "BT0B1ZZ",
    "display" : "膀胱及尿道一般放射線攝影，使用低滲透壓顯影劑"
  },
  {
    "code" : "BT0BYZZ",
    "display" : "膀胱及尿道一般放射線攝影，使用其他顯影劑"
  },
  {
    "code" : "BT0BZZZ",
    "display" : "膀胱及尿道一般放射線攝影"
  },
  {
    "code" : "BT0C0ZZ",
    "display" : "迴腸導流環一般放射線攝影，使用高滲透壓顯影劑"
  },
  {
    "code" : "BT0C1ZZ",
    "display" : "迴腸導流環一般放射線攝影，使用低滲透壓顯影劑"
  },
  {
    "code" : "BT0CYZZ",
    "display" : "迴腸導流環一般放射線攝影，使用其他顯影劑"
  },
  {
    "code" : "BT0CZZZ",
    "display" : "迴腸導流環一般放射線攝影"
  },
  {
    "code" : "BT100ZZ",
    "display" : "膀胱透視攝影，使用高滲透壓顯影劑"
  },
  {
    "code" : "BT101ZZ",
    "display" : "膀胱透視攝影，使用低滲透壓顯影劑"
  },
  {
    "code" : "BT10YZZ",
    "display" : "膀胱透視攝影，使用其他顯影劑"
  },
  {
    "code" : "BT10ZZZ",
    "display" : "膀胱透視攝影"
  },
  {
    "code" : "BT110ZZ",
    "display" : "右腎透視攝影，使用高滲透壓顯影劑"
  },
  {
    "code" : "BT111ZZ",
    "display" : "右腎透視攝影，使用低滲透壓顯影劑"
  },
  {
    "code" : "BT11YZZ",
    "display" : "右腎透視攝影，使用其他顯影劑"
  },
  {
    "code" : "BT11ZZZ",
    "display" : "右腎透視攝影"
  },
  {
    "code" : "BT120ZZ",
    "display" : "左腎透視攝影，使用高滲透壓顯影劑"
  },
  {
    "code" : "BT121ZZ",
    "display" : "左腎透視攝影，使用低滲透壓顯影劑"
  },
  {
    "code" : "BT12YZZ",
    "display" : "左腎透視攝影，使用其他顯影劑"
  },
  {
    "code" : "BT12ZZZ",
    "display" : "左腎透視攝影"
  },
  {
    "code" : "BT130ZZ",
    "display" : "雙側腎臟透視攝影，使用高滲透壓顯影劑"
  },
  {
    "code" : "BT131ZZ",
    "display" : "雙側腎臟透視攝影，使用低滲透壓顯影劑"
  },
  {
    "code" : "BT13YZZ",
    "display" : "雙側腎臟透視攝影，使用其他顯影劑"
  },
  {
    "code" : "BT13ZZZ",
    "display" : "雙側腎臟透視攝影"
  },
  {
    "code" : "BT140ZZ",
    "display" : "腎臟、輸尿管及膀胱透視攝影，使用高滲透壓顯影劑"
  },
  {
    "code" : "BT141ZZ",
    "display" : "腎臟、輸尿管及膀胱透視攝影，使用低滲透壓顯影劑"
  },
  {
    "code" : "BT14YZZ",
    "display" : "腎臟、輸尿管及膀胱透視攝影，使用其他顯影劑"
  },
  {
    "code" : "BT14ZZZ",
    "display" : "腎臟、輸尿管及膀胱透視攝影"
  },
  {
    "code" : "BT150ZZ",
    "display" : "尿道透視攝影，使用高滲透壓顯影劑"
  },
  {
    "code" : "BT151ZZ",
    "display" : "尿道透視攝影，使用低滲透壓顯影劑"
  },
  {
    "code" : "BT15YZZ",
    "display" : "尿道透視攝影，使用其他顯影劑"
  },
  {
    "code" : "BT15ZZZ",
    "display" : "尿道透視攝影"
  },
  {
    "code" : "BT160ZZ",
    "display" : "右輸尿管透視攝影，使用高滲透壓顯影劑"
  },
  {
    "code" : "BT161ZZ",
    "display" : "右輸尿管透視攝影，使用低滲透壓顯影劑"
  },
  {
    "code" : "BT16YZZ",
    "display" : "右輸尿管透視攝影，使用其他顯影劑"
  },
  {
    "code" : "BT16ZZZ",
    "display" : "右輸尿管透視攝影"
  },
  {
    "code" : "BT170ZZ",
    "display" : "左輸尿管透視攝影，使用高滲透壓顯影劑"
  },
  {
    "code" : "BT171ZZ",
    "display" : "左輸尿管透視攝影，使用低滲透壓顯影劑"
  },
  {
    "code" : "BT17YZZ",
    "display" : "左輸尿管透視攝影，使用其他顯影劑"
  },
  {
    "code" : "BT17ZZZ",
    "display" : "左輸尿管透視攝影"
  },
  {
    "code" : "BT1B0ZZ",
    "display" : "膀胱及尿道透視攝影，使用高滲透壓顯影劑"
  },
  {
    "code" : "BT1B1ZZ",
    "display" : "膀胱及尿道透視攝影，使用低滲透壓顯影劑"
  },
  {
    "code" : "BT1BYZZ",
    "display" : "膀胱及尿道透視攝影，使用其他顯影劑"
  },
  {
    "code" : "BT1BZZZ",
    "display" : "膀胱及尿道透視攝影"
  },
  {
    "code" : "BT1C0ZZ",
    "display" : "迴腸導流環透視攝影，使用高滲透壓顯影劑"
  },
  {
    "code" : "BT1C1ZZ",
    "display" : "迴腸導流環透視攝影，使用低滲透壓顯影劑"
  },
  {
    "code" : "BT1CYZZ",
    "display" : "迴腸導流環透視攝影，使用其他顯影劑"
  },
  {
    "code" : "BT1CZZZ",
    "display" : "迴腸導流環透視攝影"
  },
  {
    "code" : "BT1D0ZZ",
    "display" : "右側腎臟、輸尿管及膀胱透視攝影，使用高滲透壓顯影劑"
  },
  {
    "code" : "BT1D1ZZ",
    "display" : "右側腎臟、輸尿管及膀胱透視攝影，使用低滲透壓顯影劑"
  },
  {
    "code" : "BT1DYZZ",
    "display" : "右側腎臟、輸尿管及膀胱透視攝影，使用其他顯影劑"
  },
  {
    "code" : "BT1DZZZ",
    "display" : "右側腎臟、輸尿管及膀胱透視攝影"
  },
  {
    "code" : "BT1F0ZZ",
    "display" : "左側腎臟、輸尿管及膀胱透視攝影，使用高滲透壓顯影劑"
  },
  {
    "code" : "BT1F1ZZ",
    "display" : "左側腎臟、輸尿管及膀胱透視攝影，使用低滲透壓顯影劑"
  },
  {
    "code" : "BT1FYZZ",
    "display" : "左側腎臟、輸尿管及膀胱透視攝影，使用其他顯影劑"
  },
  {
    "code" : "BT1FZZZ",
    "display" : "左側腎臟、輸尿管及膀胱透視攝影"
  },
  {
    "code" : "BT1G0ZZ",
    "display" : "迴腸迴路、輸尿管及腎臟透視攝影，使用高滲透壓顯影劑"
  },
  {
    "code" : "BT1G1ZZ",
    "display" : "迴腸迴路、輸尿管及腎臟透視攝影，使用低滲透壓顯影劑"
  },
  {
    "code" : "BT1GYZZ",
    "display" : "迴腸迴路、輸尿管及腎臟透視攝影，使用其他顯影劑"
  },
  {
    "code" : "BT1GZZZ",
    "display" : "迴腸迴路、輸尿管及腎臟透視攝影"
  },
  {
    "code" : "BT2000Z",
    "display" : "膀胱減弱及增強電腦斷層掃描，使用高滲透壓顯影劑"
  },
  {
    "code" : "BT200ZZ",
    "display" : "膀胱電腦斷層掃描，使用高滲透壓顯影劑"
  },
  {
    "code" : "BT2010Z",
    "display" : "膀胱減弱及增強電腦斷層掃描，使用低滲透壓顯影劑"
  },
  {
    "code" : "BT201ZZ",
    "display" : "膀胱電腦斷層掃描，使用低滲透壓顯影劑"
  },
  {
    "code" : "BT20Y0Z",
    "display" : "膀胱減弱及增強電腦斷層掃描，使用其他顯影劑"
  },
  {
    "code" : "BT20YZZ",
    "display" : "膀胱電腦斷層掃描，使用其他顯影劑"
  },
  {
    "code" : "BT20ZZZ",
    "display" : "膀胱電腦斷層掃描"
  },
  {
    "code" : "BT2100Z",
    "display" : "右腎減弱及增強電腦斷層掃描，使用高滲透壓顯影劑"
  },
  {
    "code" : "BT210ZZ",
    "display" : "右腎電腦斷層掃描，使用高滲透壓顯影劑"
  },
  {
    "code" : "BT2110Z",
    "display" : "右腎減弱及增強電腦斷層掃描，使用低滲透壓顯影劑"
  },
  {
    "code" : "BT211ZZ",
    "display" : "右腎電腦斷層掃描，使用低滲透壓顯影劑"
  },
  {
    "code" : "BT21Y0Z",
    "display" : "右腎減弱及增強電腦斷層掃描，使用其他顯影劑"
  },
  {
    "code" : "BT21YZZ",
    "display" : "右腎電腦斷層掃描，使用其他顯影劑"
  },
  {
    "code" : "BT21ZZZ",
    "display" : "右腎電腦斷層掃描"
  },
  {
    "code" : "BT2200Z",
    "display" : "左腎減弱及增強電腦斷層掃描，使用高滲透壓顯影劑"
  },
  {
    "code" : "BT220ZZ",
    "display" : "左腎電腦斷層掃描，使用高滲透壓顯影劑"
  },
  {
    "code" : "BT2210Z",
    "display" : "左腎減弱及增強電腦斷層掃描，使用低滲透壓顯影劑"
  },
  {
    "code" : "BT221ZZ",
    "display" : "左腎電腦斷層掃描，使用低滲透壓顯影劑"
  },
  {
    "code" : "BT22Y0Z",
    "display" : "左腎減弱及增強電腦斷層掃描，使用其他顯影劑"
  },
  {
    "code" : "BT22YZZ",
    "display" : "左腎電腦斷層掃描，使用其他顯影劑"
  },
  {
    "code" : "BT22ZZZ",
    "display" : "左腎電腦斷層掃描"
  },
  {
    "code" : "BT2300Z",
    "display" : "雙側腎臟減弱及增強電腦斷層掃描，使用高滲透壓顯影劑"
  },
  {
    "code" : "BT230ZZ",
    "display" : "雙側腎臟電腦斷層掃描，使用高滲透壓顯影劑"
  },
  {
    "code" : "BT2310Z",
    "display" : "雙側腎臟減弱及增強電腦斷層掃描，使用低滲透壓顯影劑"
  },
  {
    "code" : "BT231ZZ",
    "display" : "雙側腎臟電腦斷層掃描，使用低滲透壓顯影劑"
  },
  {
    "code" : "BT23Y0Z",
    "display" : "雙側腎臟減弱及增強電腦斷層掃描，使用其他顯影劑"
  },
  {
    "code" : "BT23YZZ",
    "display" : "雙側腎臟電腦斷層掃描，使用其他顯影劑"
  },
  {
    "code" : "BT23ZZZ",
    "display" : "雙側腎臟電腦斷層掃描"
  },
  {
    "code" : "BT2900Z",
    "display" : "腎臟移植減弱及增強電腦斷層掃描，使用高滲透壓顯影劑"
  },
  {
    "code" : "BT290ZZ",
    "display" : "腎臟移植電腦斷層掃描，使用高滲透壓顯影劑"
  },
  {
    "code" : "BT2910Z",
    "display" : "腎臟移植減弱及增強電腦斷層掃描，使用低滲透壓顯影劑"
  },
  {
    "code" : "BT291ZZ",
    "display" : "腎臟移植電腦斷層掃描，使用低滲透壓顯影劑"
  },
  {
    "code" : "BT29Y0Z",
    "display" : "腎臟移植減弱及增強電腦斷層掃描，使用其他顯影劑"
  },
  {
    "code" : "BT29YZZ",
    "display" : "腎臟移植電腦斷層掃描，使用其他顯影劑"
  },
  {
    "code" : "BT29ZZZ",
    "display" : "腎臟移植電腦斷層掃描"
  },
  {
    "code" : "BT30Y0Z",
    "display" : "膀胱減弱及增強磁振造影，使用其他顯影劑"
  },
  {
    "code" : "BT30YZZ",
    "display" : "膀胱磁振造影，使用其他顯影劑"
  },
  {
    "code" : "BT30ZZZ",
    "display" : "膀胱磁振造影"
  },
  {
    "code" : "BT31Y0Z",
    "display" : "右腎減弱及增強磁振造影，使用其他顯影劑"
  },
  {
    "code" : "BT31YZZ",
    "display" : "右腎磁振造影，使用其他顯影劑"
  },
  {
    "code" : "BT31ZZZ",
    "display" : "右腎磁振造影"
  },
  {
    "code" : "BT32Y0Z",
    "display" : "左腎減弱及增強磁振造影，使用其他顯影劑"
  },
  {
    "code" : "BT32YZZ",
    "display" : "左腎磁振造影，使用其他顯影劑"
  },
  {
    "code" : "BT32ZZZ",
    "display" : "左腎磁振造影"
  },
  {
    "code" : "BT33Y0Z",
    "display" : "雙側腎臟減弱及增強磁振造影，使用其他顯影劑"
  },
  {
    "code" : "BT33YZZ",
    "display" : "雙側腎臟磁振造影，使用其他顯影劑"
  },
  {
    "code" : "BT33ZZZ",
    "display" : "雙側腎臟磁振造影"
  },
  {
    "code" : "BT39Y0Z",
    "display" : "腎臟移植減弱及增強磁振造影，使用其他顯影劑"
  },
  {
    "code" : "BT39YZZ",
    "display" : "腎臟移植磁振造影，使用其他顯影劑"
  },
  {
    "code" : "BT39ZZZ",
    "display" : "腎臟移植磁振造影"
  },
  {
    "code" : "BT40ZZZ",
    "display" : "膀胱超音波"
  },
  {
    "code" : "BT41ZZZ",
    "display" : "右腎超音波"
  },
  {
    "code" : "BT42ZZZ",
    "display" : "左腎超音波"
  },
  {
    "code" : "BT43ZZZ",
    "display" : "雙側腎臟超音波"
  },
  {
    "code" : "BT45ZZZ",
    "display" : "尿道超音波"
  },
  {
    "code" : "BT46ZZZ",
    "display" : "右輸尿管超音波"
  },
  {
    "code" : "BT47ZZZ",
    "display" : "左輸尿管超音波"
  },
  {
    "code" : "BT48ZZZ",
    "display" : "雙側輸尿管超音波"
  },
  {
    "code" : "BT49ZZZ",
    "display" : "腎臟移植超音波"
  },
  {
    "code" : "BT4JZZZ",
    "display" : "腎臟及膀胱超音波"
  },
  {
    "code" : "BU000ZZ",
    "display" : "右側輸卵管一般放射線攝影，使用高滲透壓顯影劑"
  },
  {
    "code" : "BU001ZZ",
    "display" : "右側輸卵管一般放射線攝影，使用低滲透壓顯影劑"
  },
  {
    "code" : "BU00YZZ",
    "display" : "右側輸卵管一般放射線攝影，使用其他顯影劑"
  },
  {
    "code" : "BU010ZZ",
    "display" : "左側輸卵管一般放射線攝影，使用高滲透壓顯影劑"
  },
  {
    "code" : "BU011ZZ",
    "display" : "左側輸卵管一般放射線攝影，使用低滲透壓顯影劑"
  },
  {
    "code" : "BU01YZZ",
    "display" : "左側輸卵管一般放射線攝影，使用其他顯影劑"
  },
  {
    "code" : "BU020ZZ",
    "display" : "雙側輸卵管一般放射線攝影，使用高滲透壓顯影劑"
  },
  {
    "code" : "BU021ZZ",
    "display" : "雙側輸卵管一般放射線攝影，使用低滲透壓顯影劑"
  },
  {
    "code" : "BU02YZZ",
    "display" : "雙側輸卵管一般放射線攝影，使用其他顯影劑"
  },
  {
    "code" : "BU060ZZ",
    "display" : "子宮一般放射線攝影，使用高滲透壓顯影劑"
  },
  {
    "code" : "BU061ZZ",
    "display" : "子宮一般放射線攝影，使用低滲透壓顯影劑"
  },
  {
    "code" : "BU06YZZ",
    "display" : "子宮一般放射線攝影，使用其他顯影劑"
  },
  {
    "code" : "BU080ZZ",
    "display" : "子宮及輸卵管一般放射線攝影，使用高滲透壓顯影劑"
  },
  {
    "code" : "BU081ZZ",
    "display" : "子宮及輸卵管一般放射線攝影，使用低滲透壓顯影劑"
  },
  {
    "code" : "BU08YZZ",
    "display" : "子宮及輸卵管一般放射線攝影，使用其他顯影劑"
  },
  {
    "code" : "BU090ZZ",
    "display" : "陰道一般放射線攝影，使用高滲透壓顯影劑"
  },
  {
    "code" : "BU091ZZ",
    "display" : "陰道一般放射線攝影，使用低滲透壓顯影劑"
  },
  {
    "code" : "BU09YZZ",
    "display" : "陰道一般放射線攝影，使用其他顯影劑"
  },
  {
    "code" : "BU100ZZ",
    "display" : "右側輸卵管透視攝影，使用高滲透壓顯影劑"
  },
  {
    "code" : "BU101ZZ",
    "display" : "右側輸卵管透視攝影，使用低滲透壓顯影劑"
  },
  {
    "code" : "BU10YZZ",
    "display" : "右側輸卵管透視攝影，使用其他顯影劑"
  },
  {
    "code" : "BU10ZZZ",
    "display" : "右側輸卵管透視攝影"
  },
  {
    "code" : "BU110ZZ",
    "display" : "左側輸卵管透視攝影，使用高滲透壓顯影劑"
  },
  {
    "code" : "BU111ZZ",
    "display" : "左側輸卵管透視攝影，使用低滲透壓顯影劑"
  },
  {
    "code" : "BU11YZZ",
    "display" : "左側輸卵管透視攝影，使用其他顯影劑"
  },
  {
    "code" : "BU11ZZZ",
    "display" : "左側輸卵管透視攝影"
  },
  {
    "code" : "BU120ZZ",
    "display" : "雙側輸卵管透視攝影，使用高滲透壓顯影劑"
  },
  {
    "code" : "BU121ZZ",
    "display" : "雙側輸卵管透視攝影，使用低滲透壓顯影劑"
  },
  {
    "code" : "BU12YZZ",
    "display" : "雙側輸卵管透視攝影，使用其他顯影劑"
  },
  {
    "code" : "BU12ZZZ",
    "display" : "雙側輸卵管透視攝影"
  },
  {
    "code" : "BU160ZZ",
    "display" : "子宮透視攝影，使用高滲透壓顯影劑"
  },
  {
    "code" : "BU161ZZ",
    "display" : "子宮透視攝影，使用低滲透壓顯影劑"
  },
  {
    "code" : "BU16YZZ",
    "display" : "子宮透視攝影，使用其他顯影劑"
  },
  {
    "code" : "BU16ZZZ",
    "display" : "子宮透視攝影"
  },
  {
    "code" : "BU180ZZ",
    "display" : "子宮及輸卵管透視攝影，使用高滲透壓顯影劑"
  },
  {
    "code" : "BU181ZZ",
    "display" : "子宮及輸卵管透視攝影，使用低滲透壓顯影劑"
  },
  {
    "code" : "BU18YZZ",
    "display" : "子宮及輸卵管透視攝影，使用其他顯影劑"
  },
  {
    "code" : "BU18ZZZ",
    "display" : "子宮及輸卵管透視攝影"
  },
  {
    "code" : "BU190ZZ",
    "display" : "陰道透視攝影，使用高滲透壓顯影劑"
  },
  {
    "code" : "BU191ZZ",
    "display" : "陰道透視攝影，使用低滲透壓顯影劑"
  },
  {
    "code" : "BU19YZZ",
    "display" : "陰道透視攝影，使用其他顯影劑"
  },
  {
    "code" : "BU19ZZZ",
    "display" : "陰道透視攝影"
  },
  {
    "code" : "BU33Y0Z",
    "display" : "右側卵巢減弱及增強磁振造影，使用其他顯影劑"
  },
  {
    "code" : "BU33YZZ",
    "display" : "右側卵巢磁振造影，使用其他顯影劑"
  },
  {
    "code" : "BU33ZZZ",
    "display" : "右側卵巢磁振造影"
  },
  {
    "code" : "BU34Y0Z",
    "display" : "左側卵巢減弱及增強磁振造影，使用其他顯影劑"
  },
  {
    "code" : "BU34YZZ",
    "display" : "左側卵巢磁振造影，使用其他顯影劑"
  },
  {
    "code" : "BU34ZZZ",
    "display" : "左側卵巢磁振造影"
  },
  {
    "code" : "BU35Y0Z",
    "display" : "雙側卵巢減弱及增強磁振造影，使用其他顯影劑"
  },
  {
    "code" : "BU35YZZ",
    "display" : "雙側卵巢磁振造影，使用其他顯影劑"
  },
  {
    "code" : "BU35ZZZ",
    "display" : "雙側卵巢磁振造影"
  },
  {
    "code" : "BU36Y0Z",
    "display" : "子宮減弱及增強磁振造影，使用其他顯影劑"
  },
  {
    "code" : "BU36YZZ",
    "display" : "子宮磁振造影，使用其他顯影劑"
  },
  {
    "code" : "BU36ZZZ",
    "display" : "子宮磁振造影"
  },
  {
    "code" : "BU39Y0Z",
    "display" : "陰道減弱及增強磁振造影，使用其他顯影劑"
  },
  {
    "code" : "BU39YZZ",
    "display" : "陰道磁振造影，使用其他顯影劑"
  },
  {
    "code" : "BU39ZZZ",
    "display" : "陰道磁振造影"
  },
  {
    "code" : "BU3BY0Z",
    "display" : "受孕子宮減弱及增強磁振造影，使用其他顯影劑"
  },
  {
    "code" : "BU3BYZZ",
    "display" : "受孕子宮磁振造影，使用其他顯影劑"
  },
  {
    "code" : "BU3BZZZ",
    "display" : "受孕子宮磁振造影"
  },
  {
    "code" : "BU3CY0Z",
    "display" : "子宮及卵巢減弱及增強磁振造影，使用其他顯影劑"
  },
  {
    "code" : "BU3CYZZ",
    "display" : "子宮及卵巢磁振造影，使用其他顯影劑"
  },
  {
    "code" : "BU3CZZZ",
    "display" : "子宮及卵巢磁振造影"
  },
  {
    "code" : "BU40YZZ",
    "display" : "右側輸卵管超音波，使用其他顯影劑"
  },
  {
    "code" : "BU40ZZZ",
    "display" : "右側輸卵管超音波"
  },
  {
    "code" : "BU41YZZ",
    "display" : "左側輸卵管超音波，使用其他顯影劑"
  },
  {
    "code" : "BU41ZZZ",
    "display" : "左側輸卵管超音波"
  },
  {
    "code" : "BU42YZZ",
    "display" : "雙側輸卵管超音波，使用其他顯影劑"
  },
  {
    "code" : "BU42ZZZ",
    "display" : "雙側輸卵管超音波"
  },
  {
    "code" : "BU43YZZ",
    "display" : "右側卵巢超音波，使用其他顯影劑"
  },
  {
    "code" : "BU43ZZZ",
    "display" : "右側卵巢超音波"
  },
  {
    "code" : "BU44YZZ",
    "display" : "左側卵巢超音波，使用其他顯影劑"
  },
  {
    "code" : "BU44ZZZ",
    "display" : "左側卵巢超音波"
  },
  {
    "code" : "BU45YZZ",
    "display" : "雙側卵巢超音波，使用其他顯影劑"
  },
  {
    "code" : "BU45ZZZ",
    "display" : "雙側卵巢超音波"
  },
  {
    "code" : "BU46YZZ",
    "display" : "子宮超音波，使用其他顯影劑"
  },
  {
    "code" : "BU46ZZZ",
    "display" : "子宮超音波"
  },
  {
    "code" : "BU4CYZZ",
    "display" : "子宮及卵巢超音波，使用其他顯影劑"
  },
  {
    "code" : "BU4CZZZ",
    "display" : "子宮及卵巢超音波"
  }]
}