{
  "resourceType" : "CodeSystem",
  "id" : "medication-fda-tw",
  "text" : {
    "status" : "generated",
    "div" : "<div xmlns=\"http://www.w3.org/1999/xhtml\">Placeholder</div>"
  },
  "url" : "https://twcore.mohw.gov.tw/ig/twcore/CodeSystem/medication-fda-tw",
  "version" : "2022-08-03",
  "name" : "TWMedicationFDA",
  "title" : "臺灣藥品許可證",
  "status" : "active",
  "experimental" : false,
  "date" : "2022-08-03",
  "contact" : [{
    "name" : "衛生福利部",
    "telecom" : [{
      "system" : "url",
      "value" : "https://www.mohw.gov.tw/"
    },
    {
      "system" : "email",
      "value" : "CCYU@mohw.gov.tw"
    }]
  }],
  "description" : "臺灣藥品許可證，參照自[https://data.fda.gov.tw/frontsite/data/DataAction.do?method=doDetail&infoId=36](https://data.fda.gov.tw/frontsite/data/DataAction.do?method=doDetail&infoId=36)  \n代碼出版日期：2022-08-03；資料所屬單位：衛生福利部食品藥物管理署。\n\n*因原始資料無代碼版本資訊，故使用其「更新日期」作為版本資訊。*  \n\n因代碼量較大會使載入頁面時間較長，為方便使用者瀏覽，此處僅擷取部分代碼，完整代碼可至全國專門術語服務平台([https://twcore.mohw.gov.tw/tsfhir/CodeSystem/medication-fda-tw](https://twcore.mohw.gov.tw/ts/codesystemRead.jsp?id=medication-fda-tw&status=active&version=2022-08-03&metaId=1&codeStatus=use&show=Y){:target=\"_blank\"})查閱",
  "copyright" : "衛生福利部食品藥物管理署",
  "caseSensitive" : true,
  "content" : "complete",
  "count" : 86,
  "concept" : [{
    "code" : "衛署藥輸字第025484號",
    "display" : "尼什枸寧"
  },
  {
    "code" : "衛署藥輸字第025485號",
    "display" : "阿立批挫"
  },
  {
    "code" : "衛署藥輸字第025486號",
    "display" : "釋癲平膜衣錠300毫克"
  },
  {
    "code" : "衛署藥輸字第025487號",
    "display" : "鹽酸服拉沃塞"
  },
  {
    "code" : "衛署藥輸字第025488號",
    "display" : "拉特樂斯"
  },
  {
    "code" : "衛署藥輸字第025489號",
    "display" : "維諾拜注射液"
  },
  {
    "code" : "衛署藥輸字第025490號",
    "display" : "西他普蘭氫溴酸鹽"
  },
  {
    "code" : "衛署藥輸字第025491號",
    "display" : "易達平"
  },
  {
    "code" : "衛署藥輸字第025492號",
    "display" : "舒脈優膜衣錠20/5/12.5毫克"
  },
  {
    "code" : "衛署藥輸字第025493號",
    "display" : "舒脈優膜衣錠40/5/25毫克"
  },
  {
    "code" : "衛署藥輸字第025494號",
    "display" : "舒脈優膜衣錠40/5/12.5毫克"
  },
  {
    "code" : "衛署藥輸字第025495號",
    "display" : "舒脈優膜衣錠40/10/12.5毫克"
  },
  {
    "code" : "衛署藥輸字第025496號",
    "display" : "舒脈優膜衣錠40/10/25毫克"
  },
  {
    "code" : "衛署藥輸字第025497號",
    "display" : "比適易局部溶液(貝他每松)"
  },
  {
    "code" : "衛署藥輸字第025498號",
    "display" : "舒適康糖衣錠"
  },
  {
    "code" : "衛署藥輸字第025499號",
    "display" : "硫酸固可沙明"
  },
  {
    "code" : "衛署藥輸字第025500號",
    "display" : "貝皮質醇二丙酸鹽"
  },
  {
    "code" : "衛署藥輸字第025501號",
    "display" : "適緩壓膜衣錠50/12.5毫克"
  },
  {
    "code" : "衛署藥輸字第025502號",
    "display" : "格胰比瑞"
  },
  {
    "code" : "衛署藥輸字第025503號",
    "display" : "愛逸定膜衣錠"
  },
  {
    "code" : "衛署藥輸字第025504號",
    "display" : "抑畢癌靜脈注射液2毫克/毫升"
  },
  {
    "code" : "衛署藥輸字第025505號",
    "display" : "異布洛芬"
  },
  {
    "code" : "衛署藥輸字第025506號",
    "display" : "L-組織胺酸"
  },
  {
    "code" : "衛署藥輸字第025507號",
    "display" : "愛月定錠"
  },
  {
    "code" : "衛署藥輸字第025508號",
    "display" : "安保立喜錠20毫克"
  },
  {
    "code" : "衛署藥輸字第025509號",
    "display" : "泰莫柔膠囊20毫克"
  },
  {
    "code" : "衛署藥輸字第025510號",
    "display" : "泰莫柔膠囊250毫克"
  },
  {
    "code" : "衛署藥輸字第025511號",
    "display" : "樂爾抵賓鹽酸鹽"
  },
  {
    "code" : "衛署藥輸字第025513號",
    "display" : "葡萄糖酸克羅希西汀液"
  },
  {
    "code" : "衛署藥輸字第025514號",
    "display" : "雙胜胺"
  },
  {
    "code" : "衛署藥輸字第025515號",
    "display" : "宜平素\"山德士\"靜脈注射劑2毫克/毫升"
  },
  {
    "code" : "衛署藥輸字第025516號",
    "display" : "艾妥可那挫"
  },
  {
    "code" : "衛署藥輸字第025517號",
    "display" : "敏畢瘤注射液1毫克/毫升"
  },
  {
    "code" : "衛署藥輸字第025518號",
    "display" : "立剋核-4膜衣錠"
  },
  {
    "code" : "衛署藥輸字第025519號",
    "display" : "立剋核膜衣錠"
  },
  {
    "code" : "衛署藥輸字第025520號",
    "display" : "秋水仙鹼"
  },
  {
    "code" : "衛署藥輸字第025521號",
    "display" : "鹽酸氟希定"
  },
  {
    "code" : "衛署藥輸字第025522號",
    "display" : "止敏吐靜脈注射劑150毫克"
  },
  {
    "code" : "衛署藥輸字第025523號",
    "display" : "艾瑞斯錠"
  },
  {
    "code" : "衛署藥輸字第025524號",
    "display" : "格麗藍口服溶液用粉劑"
  },
  {
    "code" : "衛署藥輸字第025525號",
    "display" : "易錠好發泡錠"
  },
  {
    "code" : "衛署藥輸字第025526號",
    "display" : "鹽酸假麻黃鹼"
  },
  {
    "code" : "衛署藥輸字第025527號",
    "display" : "諾司卡賓"
  },
  {
    "code" : "衛署藥輸字第025528號",
    "display" : "萜品醇"
  },
  {
    "code" : "衛署藥輸字第025529號",
    "display" : "草酸右旋西猷普蘭"
  },
  {
    "code" : "衛署藥輸字第025530號",
    "display" : "維生素E粉劑50%"
  },
  {
    "code" : "衛署藥輸字第025531號",
    "display" : "富泌舒痰顆粒100毫克"
  },
  {
    "code" : "衛署藥輸字第025532號",
    "display" : "左乙拉西坦"
  },
  {
    "code" : "衛署藥輸字第025533號",
    "display" : "\"德國\"昂特欣錠50微公克"
  },
  {
    "code" : "衛署藥輸字第025534號",
    "display" : "戊酸貝皮質醇"
  },
  {
    "code" : "衛署藥輸字第025535號",
    "display" : "消汝妥1毫克"
  },
  {
    "code" : "衛署藥輸字第025536號",
    "display" : "安莫西林三水化合物"
  },
  {
    "code" : "衛署藥輸字第025537號",
    "display" : "糖漸平膜衣錠5毫克"
  },
  {
    "code" : "衛署藥輸字第025538號",
    "display" : "去氫氧迪皮質醇"
  },
  {
    "code" : "衛署藥輸字第025539號",
    "display" : "\"亞培\"得胎隆膜衣錠10毫克"
  },
  {
    "code" : "衛署藥輸字第025540號",
    "display" : "溴化丁基東莨菪鹼"
  },
  {
    "code" : "衛署藥輸字第025541號",
    "display" : "益心樂錠10毫克"
  },
  {
    "code" : "衛署藥輸字第025542號",
    "display" : "艾伊樂30毫克錠劑"
  },
  {
    "code" : "衛部藥製字第061116號",
    "display" : "舒鐵可溶錠125毫克"
  },
  {
    "code" : "衛部藥製字第061120號",
    "display" : "薇己膜衣錠"
  },
  {
    "code" : "衛部藥製字第061121號",
    "display" : "伊托膜衣錠90毫克"
  },
  {
    "code" : "衛部藥製字第061122號",
    "display" : "伊托膜衣錠120毫克"
  },
  {
    "code" : "衛部藥製字第061125號",
    "display" : "\"意欣\"杜索拉凍晶注射劑"
  },
  {
    "code" : "衛部藥製字第061126號",
    "display" : "\"意欣\"醫庇速達注射液2毫克/毫升"
  },
  {
    "code" : "衛部藥製字第061127號",
    "display" : "銀杏通膜衣錠40毫克"
  },
  {
    "code" : "衛部藥製字第R00033號",
    "display" : "士宣氟去氧葡萄糖注射劑"
  },
  {
    "code" : "衛署藥輸字第010637號",
    "display" : "膽必明注射液"
  },
  {
    "code" : "衛署藥輸字第010638號",
    "display" : "好立顯注射液"
  },
  {
    "code" : "衛署藥輸字第010639號",
    "display" : "影速顯注射液"
  },
  {
    "code" : "衛署藥輸字第010640號",
    "display" : "1甲基-4-(5H-二苯並-<A、α>環戊叉)呱啶鹽酸鹽"
  },
  {
    "code" : "衛署藥輸字第010641號",
    "display" : "維骨力膠囊"
  },
  {
    "code" : "衛署藥輸字第010643號",
    "display" : "1-(2-四羥基夫喃)-5-氟尿嘧啶"
  },
  {
    "code" : "衛部藥製字第060448號",
    "display" : "\"新歷芳\"硬空膠囊00號"
  },
  {
    "code" : "衛部藥製字第060449號",
    "display" : "\"新歷芳\"硬空膠囊0號"
  },
  {
    "code" : "衛部藥製字第060450號",
    "display" : "\"新歷芳\"硬空膠囊2號"
  },
  {
    "code" : "衛部藥製字第060451號",
    "display" : "\"新歷芳\"硬空膠囊4號"
  },
  {
    "code" : "衛部藥製字第060452號",
    "display" : "\"新歷芳\"硬空膠囊1號"
  },
  {
    "code" : "衛部藥製字第060453號",
    "display" : "\"新歷芳\"硬空膠囊3號"
  },
  {
    "code" : "衛部藥製字第060454號",
    "display" : "\"信東\"鼻速清錠10毫克"
  },
  {
    "code" : "衛部藥輸字第027198號",
    "display" : "三水阿托伐他汀鈣"
  },
  {
    "code" : "衛部藥輸字第027199號",
    "display" : "希復欣敏"
  },
  {
    "code" : "衛部藥輸字第027200號",
    "display" : "培美曲塞二鈉"
  },
  {
    "code" : "衛部藥輸字第027201號",
    "display" : "留可佛林鈣"
  },
  {
    "code" : "衛部藥輸字第027202號",
    "display" : "日方藥研活力美錠"
  },
  {
    "code" : "衛部藥輸字第027203號",
    "display" : "肺挺膜衣錠150毫克"
  },
  {
    "code" : "衛署菌疫輸字第000740號",
    "display" : "\"科基\"血凝素第八因子注射劑(重組體)250IU/瓶"
  }]
}