{
  "resourceType" : "CodeSystem",
  "id" : "icd-10-cm-2021-tw",
  "text" : {
    "status" : "generated",
    "div" : "<div xmlns=\"http://www.w3.org/1999/xhtml\">Placeholder</div>"
  },
  "url" : "https://twcore.mohw.gov.tw/ig/twcore/CodeSystem/icd-10-cm-2021-tw",
  "version" : "2022-07-29",
  "name" : "TW2021ICD10CM",
  "title" : "臺灣2021年中文版ICD-10-CM",
  "status" : "active",
  "experimental" : false,
  "date" : "2022-07-29",
  "contact" : [{
    "name" : "衛生福利部",
    "telecom" : [{
      "system" : "url",
      "value" : "https://www.mohw.gov.tw/"
    },
    {
      "system" : "email",
      "value" : "CCYU@mohw.gov.tw"
    }]
  }],
  "description" : "臺灣2021年中文版ICD-10-CM，參照至[https://www.nhi.gov.tw/Content_List.aspx?n=3C0BD93EC042CC67&topn=23C660CAACAA159D](https://www.nhi.gov.tw/Content_List.aspx?n=3C0BD93EC042CC67&topn=23C660CAACAA159D)。    \n代碼出版日期：2022-07-29；資料所屬單位：衛生福利部中央健康保險署。\n\n*因原始資料無代碼版本資訊，故使用其法規「公布日期」作為版本資訊。*   \n\n因代碼量較大會使載入頁面時間較長，為方便使用者瀏覽，此處僅擷取部分代碼，完整代碼可至全國專門術語服務平台([https://twcore.mohw.gov.tw/tsfhir/CodeSystem/icd-10-cm-2021-tw](https://twcore.mohw.gov.tw/ts/codesystemRead.jsp?id=icd-10-cm-2021-tw&status=active&version=2022-07-29&metaId=1&codeStatus=use&show=Y){:target=\"_blank\"})查閱",
  "copyright" : "World Health Organization (WHO)",
  "caseSensitive" : true,
  "content" : "complete",
  "count" : 33,
  "concept" : [{
    "code" : "A00",
    "display" : "霍亂"
  },
  {
    "code" : "A00.0",
    "display" : "血清型01 cholerae霍亂弧菌所致之霍亂"
  },
  {
    "code" : "A00.1",
    "display" : "血清型01 eltor霍亂弧菌所致之霍亂"
  },
  {
    "code" : "A00.9",
    "display" : "霍亂"
  },
  {
    "code" : "A01",
    "display" : "傷寒及副傷寒"
  },
  {
    "code" : "A01.0",
    "display" : "傷寒"
  },
  {
    "code" : "A01.00",
    "display" : "傷寒"
  },
  {
    "code" : "A01.01",
    "display" : "傷寒腦膜炎"
  },
  {
    "code" : "A01.02",
    "display" : "傷寒伴有侵及心臟"
  },
  {
    "code" : "A01.03",
    "display" : "傷寒肺炎"
  },
  {
    "code" : "A01.04",
    "display" : "傷寒關節炎"
  },
  {
    "code" : "A01.05",
    "display" : "傷寒骨髓炎"
  },
  {
    "code" : "A01.09",
    "display" : "傷寒熱伴有其他併發症"
  },
  {
    "code" : "A01.1",
    "display" : "A型副傷寒"
  },
  {
    "code" : "A01.2",
    "display" : "B型副傷寒"
  },
  {
    "code" : "A01.3",
    "display" : "C型副傷寒"
  },
  {
    "code" : "A01.4",
    "display" : "副傷寒"
  },
  {
    "code" : "E08.649",
    "display" : "起因於潛在病的糖尿病，伴有低血糖，未伴有昏迷"
  },
  {
    "code" : "E08.65",
    "display" : "起因於潛在病的糖尿病，伴有高血糖"
  },
  {
    "code" : "E08.69",
    "display" : "起因於潛在病的糖尿病，伴有其他特定併發症"
  },
  {
    "code" : "E08.8",
    "display" : "起因於潛在病的糖尿病，伴有未明示之併發症"
  },
  {
    "code" : "E08.9",
    "display" : "起因於潛在病的糖尿病，未伴有併發症"
  },
  {
    "code" : "E09",
    "display" : "藥物或化學物導致之糖尿病"
  },
  {
    "code" : "E09.0",
    "display" : "藥物或化學物導致之糖尿病，伴有高滲透壓"
  },
  {
    "code" : "E09.00",
    "display" : "藥物或化學物導致之糖尿病，伴有高滲透壓，未伴有非酮病之高血糖-高滲透壓的昏迷"
  },
  {
    "code" : "E09.01",
    "display" : "藥物或化學物導致之糖尿病，伴有高滲透壓，伴有昏迷"
  },
  {
    "code" : "E09.1",
    "display" : "藥物或化學物導致之糖尿病，伴有酮酸中毒"
  },
  {
    "code" : "E09.10",
    "display" : "藥物或化學物導致之糖尿病，伴有酮酸中毒，未伴有昏迷"
  },
  {
    "code" : "E09.11",
    "display" : "藥物或化學物導致之糖尿病，伴有酮酸中毒，伴有昏迷"
  },
  {
    "code" : "E09.2",
    "display" : "藥物或化學物導致之糖尿病，伴有腎臟併發症"
  },
  {
    "code" : "E09.21",
    "display" : "藥物或化學物導致之糖尿病，伴有糖尿病的腎臟病變"
  },
  {
    "code" : "E09.22",
    "display" : "藥物或化學物導致之糖尿病，糖尿病的慢性腎臟疾病"
  },
  {
    "code" : "E09.29",
    "display" : "藥物或化學物導致之糖尿病，伴有其他糖尿病的腎臟併發症"
  }]
}