<?xml version="1.0" encoding="UTF-8"?>

<CodeSystem xmlns="http://hl7.org/fhir">
  <id value="medication-fda-tw"/>
  <text>
    <status value="generated"/><div xmlns="http://www.w3.org/1999/xhtml">Placeholder</div>
  </text>
  <url value="https://twcore.mohw.gov.tw/ig/twcore/CodeSystem/medication-fda-tw"/>
  <version value="2022-08-03"/>
  <name value="TWMedicationFDA"/>
  <title value="臺灣藥品許可證"/>
  <status value="active"/>
  <experimental value="false"/>
  <date value="2022-08-03"/>
  <contact>
    <name value="衛生福利部"/>
    <telecom>
      <system value="url"/>
      <value value="https://www.mohw.gov.tw/"/>
    </telecom>
    <telecom>
      <system value="email"/>
      <value value="CCYU@mohw.gov.tw"/>
    </telecom>
  </contact>
  <description value="臺灣藥品許可證，參照自[https://data.fda.gov.tw/frontsite/data/DataAction.do?method=doDetail&amp;infoId=36](https://data.fda.gov.tw/frontsite/data/DataAction.do?method=doDetail&amp;infoId=36)  &#xA;代碼出版日期：2022-08-03；資料所屬單位：衛生福利部食品藥物管理署。&#xA;&#xA;*因原始資料無代碼版本資訊，故使用其「更新日期」作為版本資訊。*  &#xA;&#xA;因代碼量較大會使載入頁面時間較長，為方便使用者瀏覽，此處僅擷取部分代碼，完整代碼可至全國專門術語服務平台([https://twcore.mohw.gov.tw/tsfhir/CodeSystem/medication-fda-tw](https://twcore.mohw.gov.tw/ts/codesystemRead.jsp?id=medication-fda-tw&amp;status=active&amp;version=2022-08-03&amp;metaId=1&amp;codeStatus=use&amp;show=Y){:target=&quot;_blank&quot;})查閱"/>
  <copyright value="衛生福利部食品藥物管理署"/>
  <caseSensitive value="true"/>
  <content value="complete"/>
  <count value="86"/>
  <concept>
    <code value="衛署藥輸字第025484號"/>
    <display value="尼什枸寧"/>
  </concept>
  <concept>
    <code value="衛署藥輸字第025485號"/>
    <display value="阿立批挫"/>
  </concept>
  <concept>
    <code value="衛署藥輸字第025486號"/>
    <display value="釋癲平膜衣錠300毫克"/>
  </concept>
  <concept>
    <code value="衛署藥輸字第025487號"/>
    <display value="鹽酸服拉沃塞"/>
  </concept>
  <concept>
    <code value="衛署藥輸字第025488號"/>
    <display value="拉特樂斯"/>
  </concept>
  <concept>
    <code value="衛署藥輸字第025489號"/>
    <display value="維諾拜注射液"/>
  </concept>
  <concept>
    <code value="衛署藥輸字第025490號"/>
    <display value="西他普蘭氫溴酸鹽"/>
  </concept>
  <concept>
    <code value="衛署藥輸字第025491號"/>
    <display value="易達平"/>
  </concept>
  <concept>
    <code value="衛署藥輸字第025492號"/>
    <display value="舒脈優膜衣錠20/5/12.5毫克"/>
  </concept>
  <concept>
    <code value="衛署藥輸字第025493號"/>
    <display value="舒脈優膜衣錠40/5/25毫克"/>
  </concept>
  <concept>
    <code value="衛署藥輸字第025494號"/>
    <display value="舒脈優膜衣錠40/5/12.5毫克"/>
  </concept>
  <concept>
    <code value="衛署藥輸字第025495號"/>
    <display value="舒脈優膜衣錠40/10/12.5毫克"/>
  </concept>
  <concept>
    <code value="衛署藥輸字第025496號"/>
    <display value="舒脈優膜衣錠40/10/25毫克"/>
  </concept>
  <concept>
    <code value="衛署藥輸字第025497號"/>
    <display value="比適易局部溶液(貝他每松)"/>
  </concept>
  <concept>
    <code value="衛署藥輸字第025498號"/>
    <display value="舒適康糖衣錠"/>
  </concept>
  <concept>
    <code value="衛署藥輸字第025499號"/>
    <display value="硫酸固可沙明"/>
  </concept>
  <concept>
    <code value="衛署藥輸字第025500號"/>
    <display value="貝皮質醇二丙酸鹽"/>
  </concept>
  <concept>
    <code value="衛署藥輸字第025501號"/>
    <display value="適緩壓膜衣錠50/12.5毫克"/>
  </concept>
  <concept>
    <code value="衛署藥輸字第025502號"/>
    <display value="格胰比瑞"/>
  </concept>
  <concept>
    <code value="衛署藥輸字第025503號"/>
    <display value="愛逸定膜衣錠"/>
  </concept>
  <concept>
    <code value="衛署藥輸字第025504號"/>
    <display value="抑畢癌靜脈注射液2毫克/毫升"/>
  </concept>
  <concept>
    <code value="衛署藥輸字第025505號"/>
    <display value="異布洛芬"/>
  </concept>
  <concept>
    <code value="衛署藥輸字第025506號"/>
    <display value="L-組織胺酸"/>
  </concept>
  <concept>
    <code value="衛署藥輸字第025507號"/>
    <display value="愛月定錠"/>
  </concept>
  <concept>
    <code value="衛署藥輸字第025508號"/>
    <display value="安保立喜錠20毫克"/>
  </concept>
  <concept>
    <code value="衛署藥輸字第025509號"/>
    <display value="泰莫柔膠囊20毫克"/>
  </concept>
  <concept>
    <code value="衛署藥輸字第025510號"/>
    <display value="泰莫柔膠囊250毫克"/>
  </concept>
  <concept>
    <code value="衛署藥輸字第025511號"/>
    <display value="樂爾抵賓鹽酸鹽"/>
  </concept>
  <concept>
    <code value="衛署藥輸字第025513號"/>
    <display value="葡萄糖酸克羅希西汀液"/>
  </concept>
  <concept>
    <code value="衛署藥輸字第025514號"/>
    <display value="雙胜胺"/>
  </concept>
  <concept>
    <code value="衛署藥輸字第025515號"/>
    <display value="宜平素&quot;山德士&quot;靜脈注射劑2毫克/毫升"/>
  </concept>
  <concept>
    <code value="衛署藥輸字第025516號"/>
    <display value="艾妥可那挫"/>
  </concept>
  <concept>
    <code value="衛署藥輸字第025517號"/>
    <display value="敏畢瘤注射液1毫克/毫升"/>
  </concept>
  <concept>
    <code value="衛署藥輸字第025518號"/>
    <display value="立剋核-4膜衣錠"/>
  </concept>
  <concept>
    <code value="衛署藥輸字第025519號"/>
    <display value="立剋核膜衣錠"/>
  </concept>
  <concept>
    <code value="衛署藥輸字第025520號"/>
    <display value="秋水仙鹼"/>
  </concept>
  <concept>
    <code value="衛署藥輸字第025521號"/>
    <display value="鹽酸氟希定"/>
  </concept>
  <concept>
    <code value="衛署藥輸字第025522號"/>
    <display value="止敏吐靜脈注射劑150毫克"/>
  </concept>
  <concept>
    <code value="衛署藥輸字第025523號"/>
    <display value="艾瑞斯錠"/>
  </concept>
  <concept>
    <code value="衛署藥輸字第025524號"/>
    <display value="格麗藍口服溶液用粉劑"/>
  </concept>
  <concept>
    <code value="衛署藥輸字第025525號"/>
    <display value="易錠好發泡錠"/>
  </concept>
  <concept>
    <code value="衛署藥輸字第025526號"/>
    <display value="鹽酸假麻黃鹼"/>
  </concept>
  <concept>
    <code value="衛署藥輸字第025527號"/>
    <display value="諾司卡賓"/>
  </concept>
  <concept>
    <code value="衛署藥輸字第025528號"/>
    <display value="萜品醇"/>
  </concept>
  <concept>
    <code value="衛署藥輸字第025529號"/>
    <display value="草酸右旋西猷普蘭"/>
  </concept>
  <concept>
    <code value="衛署藥輸字第025530號"/>
    <display value="維生素E粉劑50%"/>
  </concept>
  <concept>
    <code value="衛署藥輸字第025531號"/>
    <display value="富泌舒痰顆粒100毫克"/>
  </concept>
  <concept>
    <code value="衛署藥輸字第025532號"/>
    <display value="左乙拉西坦"/>
  </concept>
  <concept>
    <code value="衛署藥輸字第025533號"/>
    <display value="&quot;德國&quot;昂特欣錠50微公克"/>
  </concept>
  <concept>
    <code value="衛署藥輸字第025534號"/>
    <display value="戊酸貝皮質醇"/>
  </concept>
  <concept>
    <code value="衛署藥輸字第025535號"/>
    <display value="消汝妥1毫克"/>
  </concept>
  <concept>
    <code value="衛署藥輸字第025536號"/>
    <display value="安莫西林三水化合物"/>
  </concept>
  <concept>
    <code value="衛署藥輸字第025537號"/>
    <display value="糖漸平膜衣錠5毫克"/>
  </concept>
  <concept>
    <code value="衛署藥輸字第025538號"/>
    <display value="去氫氧迪皮質醇"/>
  </concept>
  <concept>
    <code value="衛署藥輸字第025539號"/>
    <display value="&quot;亞培&quot;得胎隆膜衣錠10毫克"/>
  </concept>
  <concept>
    <code value="衛署藥輸字第025540號"/>
    <display value="溴化丁基東莨菪鹼"/>
  </concept>
  <concept>
    <code value="衛署藥輸字第025541號"/>
    <display value="益心樂錠10毫克"/>
  </concept>
  <concept>
    <code value="衛署藥輸字第025542號"/>
    <display value="艾伊樂30毫克錠劑"/>
  </concept>
  <concept>
    <code value="衛部藥製字第061116號"/>
    <display value="舒鐵可溶錠125毫克"/>
  </concept>
  <concept>
    <code value="衛部藥製字第061120號"/>
    <display value="薇己膜衣錠"/>
  </concept>
  <concept>
    <code value="衛部藥製字第061121號"/>
    <display value="伊托膜衣錠90毫克"/>
  </concept>
  <concept>
    <code value="衛部藥製字第061122號"/>
    <display value="伊托膜衣錠120毫克"/>
  </concept>
  <concept>
    <code value="衛部藥製字第061125號"/>
    <display value="&quot;意欣&quot;杜索拉凍晶注射劑"/>
  </concept>
  <concept>
    <code value="衛部藥製字第061126號"/>
    <display value="&quot;意欣&quot;醫庇速達注射液2毫克/毫升"/>
  </concept>
  <concept>
    <code value="衛部藥製字第061127號"/>
    <display value="銀杏通膜衣錠40毫克"/>
  </concept>
  <concept>
    <code value="衛部藥製字第R00033號"/>
    <display value="士宣氟去氧葡萄糖注射劑"/>
  </concept>
  <concept>
    <code value="衛署藥輸字第010637號"/>
    <display value="膽必明注射液"/>
  </concept>
  <concept>
    <code value="衛署藥輸字第010638號"/>
    <display value="好立顯注射液"/>
  </concept>
  <concept>
    <code value="衛署藥輸字第010639號"/>
    <display value="影速顯注射液"/>
  </concept>
  <concept>
    <code value="衛署藥輸字第010640號"/>
    <display value="1甲基-4-(5H-二苯並-&lt;A、α&gt;環戊叉)呱啶鹽酸鹽"/>
  </concept>
  <concept>
    <code value="衛署藥輸字第010641號"/>
    <display value="維骨力膠囊"/>
  </concept>
  <concept>
    <code value="衛署藥輸字第010643號"/>
    <display value="1-(2-四羥基夫喃)-5-氟尿嘧啶"/>
  </concept>
  <concept>
    <code value="衛部藥製字第060448號"/>
    <display value="&quot;新歷芳&quot;硬空膠囊00號"/>
  </concept>
  <concept>
    <code value="衛部藥製字第060449號"/>
    <display value="&quot;新歷芳&quot;硬空膠囊0號"/>
  </concept>
  <concept>
    <code value="衛部藥製字第060450號"/>
    <display value="&quot;新歷芳&quot;硬空膠囊2號"/>
  </concept>
  <concept>
    <code value="衛部藥製字第060451號"/>
    <display value="&quot;新歷芳&quot;硬空膠囊4號"/>
  </concept>
  <concept>
    <code value="衛部藥製字第060452號"/>
    <display value="&quot;新歷芳&quot;硬空膠囊1號"/>
  </concept>
  <concept>
    <code value="衛部藥製字第060453號"/>
    <display value="&quot;新歷芳&quot;硬空膠囊3號"/>
  </concept>
  <concept>
    <code value="衛部藥製字第060454號"/>
    <display value="&quot;信東&quot;鼻速清錠10毫克"/>
  </concept>
  <concept>
    <code value="衛部藥輸字第027198號"/>
    <display value="三水阿托伐他汀鈣"/>
  </concept>
  <concept>
    <code value="衛部藥輸字第027199號"/>
    <display value="希復欣敏"/>
  </concept>
  <concept>
    <code value="衛部藥輸字第027200號"/>
    <display value="培美曲塞二鈉"/>
  </concept>
  <concept>
    <code value="衛部藥輸字第027201號"/>
    <display value="留可佛林鈣"/>
  </concept>
  <concept>
    <code value="衛部藥輸字第027202號"/>
    <display value="日方藥研活力美錠"/>
  </concept>
  <concept>
    <code value="衛部藥輸字第027203號"/>
    <display value="肺挺膜衣錠150毫克"/>
  </concept>
  <concept>
    <code value="衛署菌疫輸字第000740號"/>
    <display value="&quot;科基&quot;血凝素第八因子注射劑(重組體)250IU/瓶"/>
  </concept>
</CodeSystem>