<?xml version="1.0" encoding="UTF-8"?>

<CodeSystem xmlns="http://hl7.org/fhir">
  <id value="postal-code3-tw"/>
  <text>
    <status value="generated"/><div xmlns="http://www.w3.org/1999/xhtml">Placeholder</div>
  </text>
  <url value="https://twcore.mohw.gov.tw/ig/twcore/CodeSystem/postal-code3-tw"/>
  <version value="2015-01-22"/>
  <name value="TWPostalCode3"/>
  <title value="臺灣3碼郵遞區號"/>
  <status value="active"/>
  <experimental value="false"/>
  <date value="2015-01-22"/>
  <contact>
    <name value="衛生福利部"/>
    <telecom>
      <system value="url"/>
      <value value="https://www.mohw.gov.tw/"/>
    </telecom>
    <telecom>
      <system value="email"/>
      <value value="CCYU@mohw.gov.tw"/>
    </telecom>
  </contact>
  <description value="臺灣3碼郵遞區號，參照自[https://www.post.gov.tw/post/internet/Download/index.jsp?ID=2292](https://www.post.gov.tw/post/internet/Download/index.jsp?ID=2292)。屬性命名以與國際的等級一致為主，未採用中華郵政提供之英文名稱。   &#xA;代碼出版日期：2015-01-22；資料所屬單位：中華郵政。&#xA;&#xA;*因原始資料無代碼版本資訊，故使用其「更新日期」作為版本資訊。*  &#xA;&#xA;因代碼量較大會使載入頁面時間較長，為方便使用者瀏覽，此處僅擷取部分代碼，完整代碼可至全國專門術語服務平台([https://twcore.mohw.gov.tw/tsfhir/CodeSystem/postal-code3-tw](https://twcore.mohw.gov.tw/ts/codesystemRead.jsp?id=postal-code3-tw&amp;status=active&amp;version=2015-01-22&amp;metaId=1&amp;codeStatus=use&amp;show=Y){:target=&quot;_blank&quot;})查閱"/>
  <copyright value="中華郵政"/>
  <caseSensitive value="true"/>
  <content value="complete"/>
  <count value="49"/>
  <property>
    <code value="district"/>
    <description value="縣市名稱"/>
    <type value="string"/>
  </property>
  <property>
    <code value="city"/>
    <description value="鄉鎮市區"/>
    <type value="string"/>
  </property>
  <concept>
    <code value="100"/>
    <display value="臺北市中正區"/>
    <property>
      <code value="district"/>
      <valueString value="臺北市"/>
    </property>
    <property>
      <code value="city"/>
      <valueString value="中正區"/>
    </property>
  </concept>
  <concept>
    <code value="103"/>
    <display value="臺北市大同區"/>
    <property>
      <code value="district"/>
      <valueString value="臺北市"/>
    </property>
    <property>
      <code value="city"/>
      <valueString value="大同區"/>
    </property>
  </concept>
  <concept>
    <code value="104"/>
    <display value="臺北市中山區"/>
    <property>
      <code value="district"/>
      <valueString value="臺北市"/>
    </property>
    <property>
      <code value="city"/>
      <valueString value="中山區"/>
    </property>
  </concept>
  <concept>
    <code value="105"/>
    <display value="臺北市松山區"/>
    <property>
      <code value="district"/>
      <valueString value="臺北市"/>
    </property>
    <property>
      <code value="city"/>
      <valueString value="松山區"/>
    </property>
  </concept>
  <concept>
    <code value="106"/>
    <display value="臺北市大安區"/>
    <property>
      <code value="district"/>
      <valueString value="臺北市"/>
    </property>
    <property>
      <code value="city"/>
      <valueString value="大安區"/>
    </property>
  </concept>
  <concept>
    <code value="108"/>
    <display value="臺北市萬華區"/>
    <property>
      <code value="district"/>
      <valueString value="臺北市"/>
    </property>
    <property>
      <code value="city"/>
      <valueString value="萬華區"/>
    </property>
  </concept>
  <concept>
    <code value="110"/>
    <display value="臺北市信義區"/>
    <property>
      <code value="district"/>
      <valueString value="臺北市"/>
    </property>
    <property>
      <code value="city"/>
      <valueString value="信義區"/>
    </property>
  </concept>
  <concept>
    <code value="111"/>
    <display value="臺北市士林區"/>
    <property>
      <code value="district"/>
      <valueString value="臺北市"/>
    </property>
    <property>
      <code value="city"/>
      <valueString value="士林區"/>
    </property>
  </concept>
  <concept>
    <code value="112"/>
    <display value="臺北市北投區"/>
    <property>
      <code value="district"/>
      <valueString value="臺北市"/>
    </property>
    <property>
      <code value="city"/>
      <valueString value="北投區"/>
    </property>
  </concept>
  <concept>
    <code value="114"/>
    <display value="臺北市內湖區"/>
    <property>
      <code value="district"/>
      <valueString value="臺北市"/>
    </property>
    <property>
      <code value="city"/>
      <valueString value="內湖區"/>
    </property>
  </concept>
  <concept>
    <code value="115"/>
    <display value="臺北市南港區"/>
    <property>
      <code value="district"/>
      <valueString value="臺北市"/>
    </property>
    <property>
      <code value="city"/>
      <valueString value="南港區"/>
    </property>
  </concept>
  <concept>
    <code value="116"/>
    <display value="臺北市文山區"/>
    <property>
      <code value="district"/>
      <valueString value="臺北市"/>
    </property>
    <property>
      <code value="city"/>
      <valueString value="文山區"/>
    </property>
  </concept>
  <concept>
    <code value="200"/>
    <display value="基隆市仁愛區"/>
    <property>
      <code value="district"/>
      <valueString value="基隆市"/>
    </property>
    <property>
      <code value="city"/>
      <valueString value="仁愛區"/>
    </property>
  </concept>
  <concept>
    <code value="201"/>
    <display value="基隆市信義區"/>
    <property>
      <code value="district"/>
      <valueString value="基隆市"/>
    </property>
    <property>
      <code value="city"/>
      <valueString value="信義區"/>
    </property>
  </concept>
  <concept>
    <code value="202"/>
    <display value="基隆市中正區"/>
    <property>
      <code value="district"/>
      <valueString value="基隆市"/>
    </property>
    <property>
      <code value="city"/>
      <valueString value="中正區"/>
    </property>
  </concept>
  <concept>
    <code value="203"/>
    <display value="基隆市中山區"/>
    <property>
      <code value="district"/>
      <valueString value="基隆市"/>
    </property>
    <property>
      <code value="city"/>
      <valueString value="中山區"/>
    </property>
  </concept>
  <concept>
    <code value="204"/>
    <display value="基隆市安樂區"/>
    <property>
      <code value="district"/>
      <valueString value="基隆市"/>
    </property>
    <property>
      <code value="city"/>
      <valueString value="安樂區"/>
    </property>
  </concept>
  <concept>
    <code value="205"/>
    <display value="基隆市暖暖區"/>
    <property>
      <code value="district"/>
      <valueString value="基隆市"/>
    </property>
    <property>
      <code value="city"/>
      <valueString value="暖暖區"/>
    </property>
  </concept>
  <concept>
    <code value="206"/>
    <display value="基隆市七堵區"/>
    <property>
      <code value="district"/>
      <valueString value="基隆市"/>
    </property>
    <property>
      <code value="city"/>
      <valueString value="七堵區"/>
    </property>
  </concept>
  <concept>
    <code value="207"/>
    <display value="新北市萬里區"/>
    <property>
      <code value="district"/>
      <valueString value="新北市"/>
    </property>
    <property>
      <code value="city"/>
      <valueString value="萬里區"/>
    </property>
  </concept>
  <concept>
    <code value="208"/>
    <display value="新北市金山區"/>
    <property>
      <code value="district"/>
      <valueString value="新北市"/>
    </property>
    <property>
      <code value="city"/>
      <valueString value="金山區"/>
    </property>
  </concept>
  <concept>
    <code value="220"/>
    <display value="新北市板橋區"/>
    <property>
      <code value="district"/>
      <valueString value="新北市"/>
    </property>
    <property>
      <code value="city"/>
      <valueString value="板橋區"/>
    </property>
  </concept>
  <concept>
    <code value="221"/>
    <display value="新北市汐止區"/>
    <property>
      <code value="district"/>
      <valueString value="新北市"/>
    </property>
    <property>
      <code value="city"/>
      <valueString value="汐止區"/>
    </property>
  </concept>
  <concept>
    <code value="222"/>
    <display value="新北市深坑區"/>
    <property>
      <code value="district"/>
      <valueString value="新北市"/>
    </property>
    <property>
      <code value="city"/>
      <valueString value="深坑區"/>
    </property>
  </concept>
  <concept>
    <code value="223"/>
    <display value="新北市石碇區"/>
    <property>
      <code value="district"/>
      <valueString value="新北市"/>
    </property>
    <property>
      <code value="city"/>
      <valueString value="石碇區"/>
    </property>
  </concept>
  <concept>
    <code value="224"/>
    <display value="新北市瑞芳區"/>
    <property>
      <code value="district"/>
      <valueString value="新北市"/>
    </property>
    <property>
      <code value="city"/>
      <valueString value="瑞芳區"/>
    </property>
  </concept>
  <concept>
    <code value="226"/>
    <display value="新北市平溪區"/>
    <property>
      <code value="district"/>
      <valueString value="新北市"/>
    </property>
    <property>
      <code value="city"/>
      <valueString value="平溪區"/>
    </property>
  </concept>
  <concept>
    <code value="227"/>
    <display value="新北市雙溪區"/>
    <property>
      <code value="district"/>
      <valueString value="新北市"/>
    </property>
    <property>
      <code value="city"/>
      <valueString value="雙溪區"/>
    </property>
  </concept>
  <concept>
    <code value="228"/>
    <display value="新北市貢寮區"/>
    <property>
      <code value="district"/>
      <valueString value="新北市"/>
    </property>
    <property>
      <code value="city"/>
      <valueString value="貢寮區"/>
    </property>
  </concept>
  <concept>
    <code value="231"/>
    <display value="新北市新店區"/>
    <property>
      <code value="district"/>
      <valueString value="新北市"/>
    </property>
    <property>
      <code value="city"/>
      <valueString value="新店區"/>
    </property>
  </concept>
  <concept>
    <code value="232"/>
    <display value="新北市坪林區"/>
    <property>
      <code value="district"/>
      <valueString value="新北市"/>
    </property>
    <property>
      <code value="city"/>
      <valueString value="坪林區"/>
    </property>
  </concept>
  <concept>
    <code value="233"/>
    <display value="新北市烏來區"/>
    <property>
      <code value="district"/>
      <valueString value="新北市"/>
    </property>
    <property>
      <code value="city"/>
      <valueString value="烏來區"/>
    </property>
  </concept>
  <concept>
    <code value="234"/>
    <display value="新北市永和區"/>
    <property>
      <code value="district"/>
      <valueString value="新北市"/>
    </property>
    <property>
      <code value="city"/>
      <valueString value="永和區"/>
    </property>
  </concept>
  <concept>
    <code value="235"/>
    <display value="新北市中和區"/>
    <property>
      <code value="district"/>
      <valueString value="新北市"/>
    </property>
    <property>
      <code value="city"/>
      <valueString value="中和區"/>
    </property>
  </concept>
  <concept>
    <code value="236"/>
    <display value="新北市土城區"/>
    <property>
      <code value="district"/>
      <valueString value="新北市"/>
    </property>
    <property>
      <code value="city"/>
      <valueString value="土城區"/>
    </property>
  </concept>
  <concept>
    <code value="237"/>
    <display value="新北市三峽區"/>
    <property>
      <code value="district"/>
      <valueString value="新北市"/>
    </property>
    <property>
      <code value="city"/>
      <valueString value="三峽區"/>
    </property>
  </concept>
  <concept>
    <code value="238"/>
    <display value="新北市樹林區"/>
    <property>
      <code value="district"/>
      <valueString value="新北市"/>
    </property>
    <property>
      <code value="city"/>
      <valueString value="樹林區"/>
    </property>
  </concept>
  <concept>
    <code value="239"/>
    <display value="新北市鶯歌區"/>
    <property>
      <code value="district"/>
      <valueString value="新北市"/>
    </property>
    <property>
      <code value="city"/>
      <valueString value="鶯歌區"/>
    </property>
  </concept>
  <concept>
    <code value="241"/>
    <display value="新北市三重區"/>
    <property>
      <code value="district"/>
      <valueString value="新北市"/>
    </property>
    <property>
      <code value="city"/>
      <valueString value="三重區"/>
    </property>
  </concept>
  <concept>
    <code value="242"/>
    <display value="新北市新莊區"/>
    <property>
      <code value="district"/>
      <valueString value="新北市"/>
    </property>
    <property>
      <code value="city"/>
      <valueString value="新莊區"/>
    </property>
  </concept>
  <concept>
    <code value="243"/>
    <display value="新北市泰山區"/>
    <property>
      <code value="district"/>
      <valueString value="新北市"/>
    </property>
    <property>
      <code value="city"/>
      <valueString value="泰山區"/>
    </property>
  </concept>
  <concept>
    <code value="244"/>
    <display value="新北市林口區"/>
    <property>
      <code value="district"/>
      <valueString value="新北市"/>
    </property>
    <property>
      <code value="city"/>
      <valueString value="林口區"/>
    </property>
  </concept>
  <concept>
    <code value="247"/>
    <display value="新北市蘆洲區"/>
    <property>
      <code value="district"/>
      <valueString value="新北市"/>
    </property>
    <property>
      <code value="city"/>
      <valueString value="蘆洲區"/>
    </property>
  </concept>
  <concept>
    <code value="248"/>
    <display value="新北市五股區"/>
    <property>
      <code value="district"/>
      <valueString value="新北市"/>
    </property>
    <property>
      <code value="city"/>
      <valueString value="五股區"/>
    </property>
  </concept>
  <concept>
    <code value="249"/>
    <display value="新北市八里區"/>
    <property>
      <code value="district"/>
      <valueString value="新北市"/>
    </property>
    <property>
      <code value="city"/>
      <valueString value="八里區"/>
    </property>
  </concept>
  <concept>
    <code value="251"/>
    <display value="新北市淡水區"/>
    <property>
      <code value="district"/>
      <valueString value="新北市"/>
    </property>
    <property>
      <code value="city"/>
      <valueString value="淡水區"/>
    </property>
  </concept>
  <concept>
    <code value="252"/>
    <display value="新北市三芝區"/>
    <property>
      <code value="district"/>
      <valueString value="新北市"/>
    </property>
    <property>
      <code value="city"/>
      <valueString value="三芝區"/>
    </property>
  </concept>
  <concept>
    <code value="253"/>
    <display value="新北市石門區"/>
    <property>
      <code value="district"/>
      <valueString value="新北市"/>
    </property>
    <property>
      <code value="city"/>
      <valueString value="石門區"/>
    </property>
  </concept>
  <concept>
    <code value="330"/>
    <display value="桃園市桃園區"/>
    <property>
      <code value="district"/>
      <valueString value="桃園市"/>
    </property>
    <property>
      <code value="city"/>
      <valueString value="桃園區"/>
    </property>
  </concept>
</CodeSystem>