<?xml version="1.0" encoding="UTF-8"?>

<CodeSystem xmlns="http://hl7.org/fhir">
  <id value="icd-10-pcs-2021-tw"/>
  <text>
    <status value="generated"/><div xmlns="http://www.w3.org/1999/xhtml">Placeholder</div>
  </text>
  <url value="https://twcore.mohw.gov.tw/ig/twcore/CodeSystem/icd-10-pcs-2021-tw"/>
  <version value="2022-07-29"/>
  <name value="TW2021ICD10PCS"/>
  <title value="臺灣2021年中文版ICD-10-PCS"/>
  <status value="active"/>
  <experimental value="false"/>
  <date value="2022-07-29"/>
  <contact>
    <name value="衛生福利部"/>
    <telecom>
      <system value="url"/>
      <value value="https://www.mohw.gov.tw/"/>
    </telecom>
    <telecom>
      <system value="email"/>
      <value value="CCYU@mohw.gov.tw"/>
    </telecom>
  </contact>
  <description value="臺灣2021年中文版ICD-10-PCS，參照至[https://www.nhi.gov.tw/Content_List.aspx?n=3C0BD93EC042CC67&amp;topn=23C660CAACAA159D](https://www.nhi.gov.tw/Content_List.aspx?n=3C0BD93EC042CC67&amp;topn=23C660CAACAA159D)。    &#xA;代碼出版日期：2022-07-29；資料所屬單位：衛生福利部中央健康保險署。&#xA;&#xA;*因原始資料無代碼版本資訊，故使用其法規「公布日期」作為版本資訊。*  &#xA;&#xA;因代碼量較大會使載入頁面時間較長，為方便使用者瀏覽，此處僅擷取部分代碼，完整代碼可至全國專門術語服務平台([https://twcore.mohw.gov.tw/tsfhir/CodeSystem/icd-10-pcs-2021-tw](https://twcore.mohw.gov.tw/ts/codesystemRead.jsp?id=icd-10-pcs-2021-tw&amp;status=active&amp;version=2022-07-29&amp;metaId=1&amp;codeStatus=use&amp;show=Y){:target=&quot;_blank&quot;})查閱"/>
  <copyright value="World Health Organization (WHO)"/>
  <caseSensitive value="true"/>
  <content value="complete"/>
  <count value="422"/>
  <concept>
    <code value="BQ3JY0Z"/>
    <display value="右側跟骨減弱及增強磁振造影，使用其他顯影劑"/>
  </concept>
  <concept>
    <code value="BQ3JYZZ"/>
    <display value="右側跟骨磁振造影，使用其他顯影劑"/>
  </concept>
  <concept>
    <code value="BQ3JZZZ"/>
    <display value="右側跟骨磁振造影"/>
  </concept>
  <concept>
    <code value="BQ3KY0Z"/>
    <display value="左側跟骨減弱及增強磁振造影，使用其他顯影劑"/>
  </concept>
  <concept>
    <code value="BQ3KYZZ"/>
    <display value="左側跟骨磁振造影，使用其他顯影劑"/>
  </concept>
  <concept>
    <code value="BQ3KZZZ"/>
    <display value="左側跟骨磁振造影"/>
  </concept>
  <concept>
    <code value="BQ3LY0Z"/>
    <display value="右足減弱及增強磁振造影，使用其他顯影劑"/>
  </concept>
  <concept>
    <code value="BQ3LYZZ"/>
    <display value="右足磁振造影，使用其他顯影劑"/>
  </concept>
  <concept>
    <code value="BQ3LZZZ"/>
    <display value="右足磁振造影"/>
  </concept>
  <concept>
    <code value="BQ3MY0Z"/>
    <display value="左足減弱及增強磁振造影，使用其他顯影劑"/>
  </concept>
  <concept>
    <code value="BQ3MYZZ"/>
    <display value="左足磁振造影，使用其他顯影劑"/>
  </concept>
  <concept>
    <code value="BQ3MZZZ"/>
    <display value="左足磁振造影"/>
  </concept>
  <concept>
    <code value="BQ3PY0Z"/>
    <display value="右趾減弱及增強磁振造影，使用其他顯影劑"/>
  </concept>
  <concept>
    <code value="BQ3PYZZ"/>
    <display value="右趾磁振造影，使用其他顯影劑"/>
  </concept>
  <concept>
    <code value="BQ3PZZZ"/>
    <display value="右趾磁振造影"/>
  </concept>
  <concept>
    <code value="BQ3QY0Z"/>
    <display value="左趾減弱及增強磁振造影，使用其他顯影劑"/>
  </concept>
  <concept>
    <code value="BQ3QYZZ"/>
    <display value="左趾磁振造影，使用其他顯影劑"/>
  </concept>
  <concept>
    <code value="BQ3QZZZ"/>
    <display value="左趾磁振造影"/>
  </concept>
  <concept>
    <code value="BQ3VY0Z"/>
    <display value="右側髕骨減弱及增強磁振造影，使用其他顯影劑"/>
  </concept>
  <concept>
    <code value="BQ3VYZZ"/>
    <display value="右側髕骨磁振造影，使用其他顯影劑"/>
  </concept>
  <concept>
    <code value="BQ3VZZZ"/>
    <display value="右側髕骨磁振造影"/>
  </concept>
  <concept>
    <code value="BQ3WY0Z"/>
    <display value="左側髕骨減弱及增強磁振造影，使用其他顯影劑"/>
  </concept>
  <concept>
    <code value="BQ3WYZZ"/>
    <display value="左側髕骨磁振造影，使用其他顯影劑"/>
  </concept>
  <concept>
    <code value="BQ3WZZZ"/>
    <display value="左側髕骨磁振造影"/>
  </concept>
  <concept>
    <code value="BQ40ZZZ"/>
    <display value="右髖關節超音波"/>
  </concept>
  <concept>
    <code value="BQ41ZZZ"/>
    <display value="左髖關節超音波"/>
  </concept>
  <concept>
    <code value="BQ42ZZZ"/>
    <display value="雙髖關節超音波"/>
  </concept>
  <concept>
    <code value="BQ47ZZZ"/>
    <display value="右膝超音波"/>
  </concept>
  <concept>
    <code value="BQ48ZZZ"/>
    <display value="左膝超音波"/>
  </concept>
  <concept>
    <code value="BQ49ZZZ"/>
    <display value="雙膝超音波"/>
  </concept>
  <concept>
    <code value="BR00ZZ1"/>
    <display value="頸椎骨質密度一般放射線攝影"/>
  </concept>
  <concept>
    <code value="BR00ZZZ"/>
    <display value="頸椎一般放射線攝影"/>
  </concept>
  <concept>
    <code value="BR010ZZ"/>
    <display value="頸椎間盤一般放射線攝影，使用高滲透壓顯影劑"/>
  </concept>
  <concept>
    <code value="BR011ZZ"/>
    <display value="頸椎間盤一般放射線攝影，使用低滲透壓顯影劑"/>
  </concept>
  <concept>
    <code value="BR01YZZ"/>
    <display value="頸椎間盤一般放射線攝影，使用其他顯影劑"/>
  </concept>
  <concept>
    <code value="BR01ZZZ"/>
    <display value="頸椎間盤一般放射線攝影"/>
  </concept>
  <concept>
    <code value="BR020ZZ"/>
    <display value="胸椎間盤一般放射線攝影，使用高滲透壓顯影劑"/>
  </concept>
  <concept>
    <code value="BR021ZZ"/>
    <display value="胸椎間盤一般放射線攝影，使用低滲透壓顯影劑"/>
  </concept>
  <concept>
    <code value="BR02YZZ"/>
    <display value="胸椎間盤一般放射線攝影，使用其他顯影劑"/>
  </concept>
  <concept>
    <code value="BR02ZZZ"/>
    <display value="胸椎間盤一般放射線攝影"/>
  </concept>
  <concept>
    <code value="BR030ZZ"/>
    <display value="腰椎間盤一般放射線攝影，使用高滲透壓顯影劑"/>
  </concept>
  <concept>
    <code value="BR031ZZ"/>
    <display value="腰椎間盤一般放射線攝影，使用低滲透壓顯影劑"/>
  </concept>
  <concept>
    <code value="BR03YZZ"/>
    <display value="腰椎間盤一般放射線攝影，使用其他顯影劑"/>
  </concept>
  <concept>
    <code value="BR03ZZZ"/>
    <display value="腰椎間盤一般放射線攝影"/>
  </concept>
  <concept>
    <code value="BR040ZZ"/>
    <display value="頸椎小面關節一般放射線攝影，使用高滲透壓顯影劑"/>
  </concept>
  <concept>
    <code value="BR041ZZ"/>
    <display value="頸椎小面關節一般放射線攝影，使用低滲透壓顯影劑"/>
  </concept>
  <concept>
    <code value="BR04YZZ"/>
    <display value="頸椎小面關節一般放射線攝影，使用其他顯影劑"/>
  </concept>
  <concept>
    <code value="BR04ZZZ"/>
    <display value="頸椎小面關節一般放射線攝影"/>
  </concept>
  <concept>
    <code value="BR050ZZ"/>
    <display value="胸椎小面關節一般放射線攝影，使用高滲透壓顯影劑"/>
  </concept>
  <concept>
    <code value="BR051ZZ"/>
    <display value="胸椎小面關節一般放射線攝影，使用低滲透壓顯影劑"/>
  </concept>
  <concept>
    <code value="BR05YZZ"/>
    <display value="胸椎小面關節一般放射線攝影，使用其他顯影劑"/>
  </concept>
  <concept>
    <code value="BR05ZZZ"/>
    <display value="胸椎小面關節一般放射線攝影"/>
  </concept>
  <concept>
    <code value="BR060ZZ"/>
    <display value="腰椎小面關節一般放射線攝影，使用高滲透壓顯影劑"/>
  </concept>
  <concept>
    <code value="BR061ZZ"/>
    <display value="腰椎小面關節一般放射線攝影，使用低滲透壓顯影劑"/>
  </concept>
  <concept>
    <code value="BR06YZZ"/>
    <display value="腰椎小面關節一般放射線攝影，使用其他顯影劑"/>
  </concept>
  <concept>
    <code value="BR06ZZZ"/>
    <display value="腰椎小面關節一般放射線攝影"/>
  </concept>
  <concept>
    <code value="BR07ZZ1"/>
    <display value="胸椎骨質密度一般放射線攝影"/>
  </concept>
  <concept>
    <code value="BR07ZZZ"/>
    <display value="胸椎一般放射線攝影"/>
  </concept>
  <concept>
    <code value="BR08ZZZ"/>
    <display value="胸腰椎關節一般放射線攝影"/>
  </concept>
  <concept>
    <code value="BR09ZZ1"/>
    <display value="腰椎骨質密度一般放射線攝影"/>
  </concept>
  <concept>
    <code value="BR09ZZZ"/>
    <display value="腰椎一般放射線攝影"/>
  </concept>
  <concept>
    <code value="BR0BZZZ"/>
    <display value="腰薦關節一般放射線攝影"/>
  </concept>
  <concept>
    <code value="BR0CZZZ"/>
    <display value="骨盆一般放射線攝影"/>
  </concept>
  <concept>
    <code value="BR0D0ZZ"/>
    <display value="薦髂關節一般放射線攝影，使用高滲透壓顯影劑"/>
  </concept>
  <concept>
    <code value="BR0D1ZZ"/>
    <display value="薦髂關節一般放射線攝影，使用低滲透壓顯影劑"/>
  </concept>
  <concept>
    <code value="BR0DYZZ"/>
    <display value="薦髂關節一般放射線攝影，使用其他顯影劑"/>
  </concept>
  <concept>
    <code value="BR0DZZZ"/>
    <display value="薦髂關節一般放射線攝影"/>
  </concept>
  <concept>
    <code value="BR0FZZZ"/>
    <display value="薦骨和尾骨一般放射線攝影"/>
  </concept>
  <concept>
    <code value="BR0GZZ1"/>
    <display value="全脊骨骨質密度一般放射線攝影"/>
  </concept>
  <concept>
    <code value="BR0GZZZ"/>
    <display value="全脊骨一般放射線攝影"/>
  </concept>
  <concept>
    <code value="BR0HZZZ"/>
    <display value="胸骨一般放射線攝影"/>
  </concept>
  <concept>
    <code value="BR100ZZ"/>
    <display value="頸椎透視攝影，使用高滲透壓顯影劑"/>
  </concept>
  <concept>
    <code value="BR101ZZ"/>
    <display value="頸椎透視攝影，使用低滲透壓顯影劑"/>
  </concept>
  <concept>
    <code value="BR10YZZ"/>
    <display value="頸椎透視攝影，使用其他顯影劑"/>
  </concept>
  <concept>
    <code value="BR10ZZZ"/>
    <display value="頸椎透視攝影"/>
  </concept>
  <concept>
    <code value="BR110ZZ"/>
    <display value="頸椎間盤透視攝影，使用高滲透壓顯影劑"/>
  </concept>
  <concept>
    <code value="BR111ZZ"/>
    <display value="頸椎間盤透視攝影，使用低滲透壓顯影劑"/>
  </concept>
  <concept>
    <code value="BR11YZZ"/>
    <display value="頸椎間盤透視攝影，使用其他顯影劑"/>
  </concept>
  <concept>
    <code value="BR11ZZZ"/>
    <display value="頸椎間盤透視攝影"/>
  </concept>
  <concept>
    <code value="BR120ZZ"/>
    <display value="胸椎間盤透視攝影，使用高滲透壓顯影劑"/>
  </concept>
  <concept>
    <code value="BR121ZZ"/>
    <display value="胸椎間盤透視攝影，使用低滲透壓顯影劑"/>
  </concept>
  <concept>
    <code value="BR12YZZ"/>
    <display value="胸椎間盤透視攝影，使用其他顯影劑"/>
  </concept>
  <concept>
    <code value="BR12ZZZ"/>
    <display value="胸椎間盤透視攝影"/>
  </concept>
  <concept>
    <code value="BR130ZZ"/>
    <display value="腰椎間盤透視攝影，使用高滲透壓顯影劑"/>
  </concept>
  <concept>
    <code value="BR131ZZ"/>
    <display value="腰椎間盤透視攝影，使用低滲透壓顯影劑"/>
  </concept>
  <concept>
    <code value="BR13YZZ"/>
    <display value="腰椎間盤透視攝影，使用其他顯影劑"/>
  </concept>
  <concept>
    <code value="BR13ZZZ"/>
    <display value="腰椎間盤透視攝影"/>
  </concept>
  <concept>
    <code value="BR140ZZ"/>
    <display value="頸椎小面關節透視攝影，使用高滲透壓顯影劑"/>
  </concept>
  <concept>
    <code value="BR141ZZ"/>
    <display value="頸椎小面關節透視攝影，使用低滲透壓顯影劑"/>
  </concept>
  <concept>
    <code value="BR14YZZ"/>
    <display value="頸椎小面關節透視攝影，使用其他顯影劑"/>
  </concept>
  <concept>
    <code value="BR14ZZZ"/>
    <display value="頸椎小面關節透視攝影"/>
  </concept>
  <concept>
    <code value="BR150ZZ"/>
    <display value="胸椎小面關節透視攝影，使用高滲透壓顯影劑"/>
  </concept>
  <concept>
    <code value="BR151ZZ"/>
    <display value="胸椎小面關節透視攝影，使用低滲透壓顯影劑"/>
  </concept>
  <concept>
    <code value="BR15YZZ"/>
    <display value="胸椎小面關節透視攝影，使用其他顯影劑"/>
  </concept>
  <concept>
    <code value="BR15ZZZ"/>
    <display value="胸椎小面關節透視攝影"/>
  </concept>
  <concept>
    <code value="BR160ZZ"/>
    <display value="腰椎小面關節透視攝影，使用高滲透壓顯影劑"/>
  </concept>
  <concept>
    <code value="BR161ZZ"/>
    <display value="腰椎小面關節透視攝影，使用低滲透壓顯影劑"/>
  </concept>
  <concept>
    <code value="BR16YZZ"/>
    <display value="腰椎小面關節透視攝影，使用其他顯影劑"/>
  </concept>
  <concept>
    <code value="BR16ZZZ"/>
    <display value="腰椎小面關節透視攝影"/>
  </concept>
  <concept>
    <code value="BR170ZZ"/>
    <display value="胸椎透視攝影，使用高滲透壓顯影劑"/>
  </concept>
  <concept>
    <code value="BR171ZZ"/>
    <display value="胸椎透視攝影，使用低滲透壓顯影劑"/>
  </concept>
  <concept>
    <code value="BR17YZZ"/>
    <display value="胸椎透視攝影，使用其他顯影劑"/>
  </concept>
  <concept>
    <code value="BR17ZZZ"/>
    <display value="胸椎透視攝影"/>
  </concept>
  <concept>
    <code value="BR180ZZ"/>
    <display value="胸腰椎關節透視攝影，使用高滲透壓顯影劑"/>
  </concept>
  <concept>
    <code value="BR181ZZ"/>
    <display value="胸腰椎關節透視攝影，使用低滲透壓顯影劑"/>
  </concept>
  <concept>
    <code value="BR18YZZ"/>
    <display value="胸腰椎關節透視攝影，使用其他顯影劑"/>
  </concept>
  <concept>
    <code value="BR18ZZZ"/>
    <display value="胸腰椎關節透視攝影"/>
  </concept>
  <concept>
    <code value="BR190ZZ"/>
    <display value="腰椎透視攝影，使用高滲透壓顯影劑"/>
  </concept>
  <concept>
    <code value="BR191ZZ"/>
    <display value="腰椎透視攝影，使用低滲透壓顯影劑"/>
  </concept>
  <concept>
    <code value="BR19YZZ"/>
    <display value="腰椎透視攝影，使用其他顯影劑"/>
  </concept>
  <concept>
    <code value="BR19ZZZ"/>
    <display value="腰椎透視攝影"/>
  </concept>
  <concept>
    <code value="BR1B0ZZ"/>
    <display value="腰薦關節透視攝影，使用高滲透壓顯影劑"/>
  </concept>
  <concept>
    <code value="BR1B1ZZ"/>
    <display value="腰薦關節透視攝影，使用低滲透壓顯影劑"/>
  </concept>
  <concept>
    <code value="BR1BYZZ"/>
    <display value="腰薦關節透視攝影，使用其他顯影劑"/>
  </concept>
  <concept>
    <code value="BR1BZZZ"/>
    <display value="腰薦關節透視攝影"/>
  </concept>
  <concept>
    <code value="BR1C0ZZ"/>
    <display value="骨盆透視攝影，使用高滲透壓顯影劑"/>
  </concept>
  <concept>
    <code value="BR1C1ZZ"/>
    <display value="骨盆透視攝影，使用低滲透壓顯影劑"/>
  </concept>
  <concept>
    <code value="BR1CYZZ"/>
    <display value="骨盆透視攝影，使用其他顯影劑"/>
  </concept>
  <concept>
    <code value="BR1CZZZ"/>
    <display value="骨盆透視攝影"/>
  </concept>
  <concept>
    <code value="BR1D0ZZ"/>
    <display value="薦髂關節透視攝影，使用高滲透壓顯影劑"/>
  </concept>
  <concept>
    <code value="BR1D1ZZ"/>
    <display value="薦髂關節透視攝影，使用低滲透壓顯影劑"/>
  </concept>
  <concept>
    <code value="BR1DYZZ"/>
    <display value="薦髂關節透視攝影，使用其他顯影劑"/>
  </concept>
  <concept>
    <code value="BR1DZZZ"/>
    <display value="薦髂關節透視攝影"/>
  </concept>
  <concept>
    <code value="BR1F0ZZ"/>
    <display value="薦骨和尾骨透視攝影，使用高滲透壓顯影劑"/>
  </concept>
  <concept>
    <code value="BR1F1ZZ"/>
    <display value="薦骨和尾骨透視攝影，使用低滲透壓顯影劑"/>
  </concept>
  <concept>
    <code value="BR1FYZZ"/>
    <display value="薦骨和尾骨透視攝影，使用其他顯影劑"/>
  </concept>
  <concept>
    <code value="BR1FZZZ"/>
    <display value="薦骨和尾骨透視攝影"/>
  </concept>
  <concept>
    <code value="BR1G0ZZ"/>
    <display value="全脊骨透視攝影，使用高滲透壓顯影劑"/>
  </concept>
  <concept>
    <code value="BR1G1ZZ"/>
    <display value="全脊骨透視攝影，使用低滲透壓顯影劑"/>
  </concept>
  <concept>
    <code value="BR1GYZZ"/>
    <display value="全脊骨透視攝影，使用其他顯影劑"/>
  </concept>
  <concept>
    <code value="BR1GZZZ"/>
    <display value="全脊骨透視攝影"/>
  </concept>
  <concept>
    <code value="BR1H0ZZ"/>
    <display value="胸骨透視攝影，使用高滲透壓顯影劑"/>
  </concept>
  <concept>
    <code value="BR1H1ZZ"/>
    <display value="胸骨透視攝影，使用低滲透壓顯影劑"/>
  </concept>
  <concept>
    <code value="BR1HYZZ"/>
    <display value="胸骨透視攝影，使用其他顯影劑"/>
  </concept>
  <concept>
    <code value="BR1HZZZ"/>
    <display value="胸骨透視攝影"/>
  </concept>
  <concept>
    <code value="BR200ZZ"/>
    <display value="頸椎電腦斷層掃描，使用高滲透壓顯影劑"/>
  </concept>
  <concept>
    <code value="BR201ZZ"/>
    <display value="頸椎電腦斷層掃描，使用低滲透壓顯影劑"/>
  </concept>
  <concept>
    <code value="BR20YZZ"/>
    <display value="頸椎電腦斷層掃描，使用其他顯影劑"/>
  </concept>
  <concept>
    <code value="BR20ZZZ"/>
    <display value="頸椎電腦斷層掃描"/>
  </concept>
  <concept>
    <code value="BR270ZZ"/>
    <display value="胸椎電腦斷層掃描，使用高滲透壓顯影劑"/>
  </concept>
  <concept>
    <code value="BR271ZZ"/>
    <display value="胸椎電腦斷層掃描，使用低滲透壓顯影劑"/>
  </concept>
  <concept>
    <code value="BR27YZZ"/>
    <display value="胸椎電腦斷層掃描，使用其他顯影劑"/>
  </concept>
  <concept>
    <code value="BR27ZZZ"/>
    <display value="胸椎電腦斷層掃描"/>
  </concept>
  <concept>
    <code value="BR290ZZ"/>
    <display value="腰椎電腦斷層掃描，使用高滲透壓顯影劑"/>
  </concept>
  <concept>
    <code value="BR291ZZ"/>
    <display value="腰椎電腦斷層掃描，使用低滲透壓顯影劑"/>
  </concept>
  <concept>
    <code value="BR29YZZ"/>
    <display value="腰椎電腦斷層掃描，使用其他顯影劑"/>
  </concept>
  <concept>
    <code value="BR29ZZZ"/>
    <display value="腰椎電腦斷層掃描"/>
  </concept>
  <concept>
    <code value="BR2C0ZZ"/>
    <display value="骨盆電腦斷層掃描，使用高滲透壓顯影劑"/>
  </concept>
  <concept>
    <code value="BR2C1ZZ"/>
    <display value="骨盆電腦斷層掃描，使用低滲透壓顯影劑"/>
  </concept>
  <concept>
    <code value="BR2CYZZ"/>
    <display value="骨盆電腦斷層掃描，使用其他顯影劑"/>
  </concept>
  <concept>
    <code value="BR2CZZZ"/>
    <display value="骨盆電腦斷層掃描"/>
  </concept>
  <concept>
    <code value="BR2D0ZZ"/>
    <display value="薦髂關節電腦斷層掃描，使用高滲透壓顯影劑"/>
  </concept>
  <concept>
    <code value="BR2D1ZZ"/>
    <display value="薦髂關節電腦斷層掃描，使用低滲透壓顯影劑"/>
  </concept>
  <concept>
    <code value="BR2DYZZ"/>
    <display value="薦髂關節電腦斷層掃描，使用其他顯影劑"/>
  </concept>
  <concept>
    <code value="BR2DZZZ"/>
    <display value="薦髂關節電腦斷層掃描"/>
  </concept>
  <concept>
    <code value="BR2F0ZZ"/>
    <display value="薦骨和尾骨電腦斷層掃描，使用高滲透壓顯影劑"/>
  </concept>
  <concept>
    <code value="BR2F1ZZ"/>
    <display value="薦骨和尾骨電腦斷層掃描，使用低滲透壓顯影劑"/>
  </concept>
  <concept>
    <code value="BR2FYZZ"/>
    <display value="薦骨和尾骨電腦斷層掃描，使用其他顯影劑"/>
  </concept>
  <concept>
    <code value="BR2FZZZ"/>
    <display value="薦骨和尾骨電腦斷層掃描"/>
  </concept>
  <concept>
    <code value="BR30Y0Z"/>
    <display value="頸椎減弱及增強磁振造影，使用其他顯影劑"/>
  </concept>
  <concept>
    <code value="BR30YZZ"/>
    <display value="頸椎磁振造影，使用其他顯影劑"/>
  </concept>
  <concept>
    <code value="BR30ZZZ"/>
    <display value="頸椎磁振造影"/>
  </concept>
  <concept>
    <code value="BR31Y0Z"/>
    <display value="頸椎間盤減弱及增強磁振造影，使用其他顯影劑"/>
  </concept>
  <concept>
    <code value="BR31YZZ"/>
    <display value="頸椎間盤磁振造影，使用其他顯影劑"/>
  </concept>
  <concept>
    <code value="BR31ZZZ"/>
    <display value="頸椎間盤磁振造影"/>
  </concept>
  <concept>
    <code value="BR32Y0Z"/>
    <display value="胸椎間盤減弱及增強磁振造影，使用其他顯影劑"/>
  </concept>
  <concept>
    <code value="BR32YZZ"/>
    <display value="胸椎間盤磁振造影，使用其他顯影劑"/>
  </concept>
  <concept>
    <code value="BR32ZZZ"/>
    <display value="胸椎間盤磁振造影"/>
  </concept>
  <concept>
    <code value="BR33Y0Z"/>
    <display value="腰椎間盤減弱及增強磁振造影，使用其他顯影劑"/>
  </concept>
  <concept>
    <code value="BR33YZZ"/>
    <display value="腰椎間盤磁振造影，使用其他顯影劑"/>
  </concept>
  <concept>
    <code value="BR33ZZZ"/>
    <display value="腰椎間盤磁振造影"/>
  </concept>
  <concept>
    <code value="BR37Y0Z"/>
    <display value="胸椎減弱及增強磁振造影，使用其他顯影劑"/>
  </concept>
  <concept>
    <code value="BR37YZZ"/>
    <display value="胸椎磁振造影，使用其他顯影劑"/>
  </concept>
  <concept>
    <code value="BR37ZZZ"/>
    <display value="胸椎磁振造影"/>
  </concept>
  <concept>
    <code value="BR39Y0Z"/>
    <display value="腰椎減弱及增強磁振造影，使用其他顯影劑"/>
  </concept>
  <concept>
    <code value="BR39YZZ"/>
    <display value="腰椎磁振造影，使用其他顯影劑"/>
  </concept>
  <concept>
    <code value="BR39ZZZ"/>
    <display value="腰椎磁振造影"/>
  </concept>
  <concept>
    <code value="BR3CY0Z"/>
    <display value="骨盆減弱及增強磁振造影，使用其他顯影劑"/>
  </concept>
  <concept>
    <code value="BR3CYZZ"/>
    <display value="骨盆磁振造影，使用其他顯影劑"/>
  </concept>
  <concept>
    <code value="BR3CZZZ"/>
    <display value="骨盆磁振造影"/>
  </concept>
  <concept>
    <code value="BR3FY0Z"/>
    <display value="薦骨和尾骨減弱及增強磁振造影，使用其他顯影劑"/>
  </concept>
  <concept>
    <code value="BR3FYZZ"/>
    <display value="薦骨和尾骨磁振造影，使用其他顯影劑"/>
  </concept>
  <concept>
    <code value="BR3FZZZ"/>
    <display value="薦骨和尾骨磁振造影"/>
  </concept>
  <concept>
    <code value="BR40ZZZ"/>
    <display value="頸椎超音波"/>
  </concept>
  <concept>
    <code value="BR47ZZZ"/>
    <display value="胸椎超音波"/>
  </concept>
  <concept>
    <code value="BR49ZZZ"/>
    <display value="腰椎超音波"/>
  </concept>
  <concept>
    <code value="BR4FZZZ"/>
    <display value="薦骨和尾骨超音波"/>
  </concept>
  <concept>
    <code value="BT000ZZ"/>
    <display value="膀胱一般放射線攝影，使用高滲透壓顯影劑"/>
  </concept>
  <concept>
    <code value="BT001ZZ"/>
    <display value="膀胱一般放射線攝影，使用低滲透壓顯影劑"/>
  </concept>
  <concept>
    <code value="BT00YZZ"/>
    <display value="膀胱一般放射線攝影，使用其他顯影劑"/>
  </concept>
  <concept>
    <code value="BT00ZZZ"/>
    <display value="膀胱一般放射線攝影"/>
  </concept>
  <concept>
    <code value="BT010ZZ"/>
    <display value="右腎一般放射線攝影，使用高滲透壓顯影劑"/>
  </concept>
  <concept>
    <code value="BT011ZZ"/>
    <display value="右腎一般放射線攝影，使用低滲透壓顯影劑"/>
  </concept>
  <concept>
    <code value="BT01YZZ"/>
    <display value="右腎一般放射線攝影，使用其他顯影劑"/>
  </concept>
  <concept>
    <code value="BT01ZZZ"/>
    <display value="右腎一般放射線攝影"/>
  </concept>
  <concept>
    <code value="BT020ZZ"/>
    <display value="左腎一般放射線攝影，使用高滲透壓顯影劑"/>
  </concept>
  <concept>
    <code value="BT021ZZ"/>
    <display value="左腎一般放射線攝影，使用低滲透壓顯影劑"/>
  </concept>
  <concept>
    <code value="BT02YZZ"/>
    <display value="左腎一般放射線攝影，使用其他顯影劑"/>
  </concept>
  <concept>
    <code value="BT02ZZZ"/>
    <display value="左腎一般放射線攝影"/>
  </concept>
  <concept>
    <code value="BT030ZZ"/>
    <display value="雙側腎臟一般放射線攝影，使用高滲透壓顯影劑"/>
  </concept>
  <concept>
    <code value="BT031ZZ"/>
    <display value="雙側腎臟一般放射線攝影，使用低滲透壓顯影劑"/>
  </concept>
  <concept>
    <code value="BT03YZZ"/>
    <display value="雙側腎臟一般放射線攝影，使用其他顯影劑"/>
  </concept>
  <concept>
    <code value="BT03ZZZ"/>
    <display value="雙側腎臟一般放射線攝影"/>
  </concept>
  <concept>
    <code value="BT040ZZ"/>
    <display value="腎臟、輸尿管及膀胱一般放射線攝影，使用高滲透壓顯影劑"/>
  </concept>
  <concept>
    <code value="BT041ZZ"/>
    <display value="腎臟、輸尿管及膀胱一般放射線攝影，使用低滲透壓顯影劑"/>
  </concept>
  <concept>
    <code value="BT04YZZ"/>
    <display value="腎臟、輸尿管及膀胱一般放射線攝影，使用其他顯影劑"/>
  </concept>
  <concept>
    <code value="BT04ZZZ"/>
    <display value="腎臟、輸尿管及膀胱一般放射線攝影"/>
  </concept>
  <concept>
    <code value="BT050ZZ"/>
    <display value="尿道一般放射線攝影，使用高滲透壓顯影劑"/>
  </concept>
  <concept>
    <code value="BT051ZZ"/>
    <display value="尿道一般放射線攝影，使用低滲透壓顯影劑"/>
  </concept>
  <concept>
    <code value="BT05YZZ"/>
    <display value="尿道一般放射線攝影，使用其他顯影劑"/>
  </concept>
  <concept>
    <code value="BT05ZZZ"/>
    <display value="尿道一般放射線攝影"/>
  </concept>
  <concept>
    <code value="BT060ZZ"/>
    <display value="右輸尿管一般放射線攝影，使用高滲透壓顯影劑"/>
  </concept>
  <concept>
    <code value="BT061ZZ"/>
    <display value="右輸尿管一般放射線攝影，使用低滲透壓顯影劑"/>
  </concept>
  <concept>
    <code value="BT06YZZ"/>
    <display value="右輸尿管一般放射線攝影，使用其他顯影劑"/>
  </concept>
  <concept>
    <code value="BT06ZZZ"/>
    <display value="右輸尿管一般放射線攝影"/>
  </concept>
  <concept>
    <code value="BT070ZZ"/>
    <display value="左輸尿管一般放射線攝影，使用高滲透壓顯影劑"/>
  </concept>
  <concept>
    <code value="BT071ZZ"/>
    <display value="左輸尿管一般放射線攝影，使用低滲透壓顯影劑"/>
  </concept>
  <concept>
    <code value="BT07YZZ"/>
    <display value="左輸尿管一般放射線攝影，使用其他顯影劑"/>
  </concept>
  <concept>
    <code value="BT07ZZZ"/>
    <display value="左輸尿管一般放射線攝影"/>
  </concept>
  <concept>
    <code value="BT080ZZ"/>
    <display value="雙側輸尿管一般放射線攝影，使用高滲透壓顯影劑"/>
  </concept>
  <concept>
    <code value="BT081ZZ"/>
    <display value="雙側輸尿管一般放射線攝影，使用低滲透壓顯影劑"/>
  </concept>
  <concept>
    <code value="BT08YZZ"/>
    <display value="雙側輸尿管一般放射線攝影，使用其他顯影劑"/>
  </concept>
  <concept>
    <code value="BT08ZZZ"/>
    <display value="雙側輸尿管一般放射線攝影"/>
  </concept>
  <concept>
    <code value="BT0B0ZZ"/>
    <display value="膀胱及尿道一般放射線攝影，使用高滲透壓顯影劑"/>
  </concept>
  <concept>
    <code value="BT0B1ZZ"/>
    <display value="膀胱及尿道一般放射線攝影，使用低滲透壓顯影劑"/>
  </concept>
  <concept>
    <code value="BT0BYZZ"/>
    <display value="膀胱及尿道一般放射線攝影，使用其他顯影劑"/>
  </concept>
  <concept>
    <code value="BT0BZZZ"/>
    <display value="膀胱及尿道一般放射線攝影"/>
  </concept>
  <concept>
    <code value="BT0C0ZZ"/>
    <display value="迴腸導流環一般放射線攝影，使用高滲透壓顯影劑"/>
  </concept>
  <concept>
    <code value="BT0C1ZZ"/>
    <display value="迴腸導流環一般放射線攝影，使用低滲透壓顯影劑"/>
  </concept>
  <concept>
    <code value="BT0CYZZ"/>
    <display value="迴腸導流環一般放射線攝影，使用其他顯影劑"/>
  </concept>
  <concept>
    <code value="BT0CZZZ"/>
    <display value="迴腸導流環一般放射線攝影"/>
  </concept>
  <concept>
    <code value="BT100ZZ"/>
    <display value="膀胱透視攝影，使用高滲透壓顯影劑"/>
  </concept>
  <concept>
    <code value="BT101ZZ"/>
    <display value="膀胱透視攝影，使用低滲透壓顯影劑"/>
  </concept>
  <concept>
    <code value="BT10YZZ"/>
    <display value="膀胱透視攝影，使用其他顯影劑"/>
  </concept>
  <concept>
    <code value="BT10ZZZ"/>
    <display value="膀胱透視攝影"/>
  </concept>
  <concept>
    <code value="BT110ZZ"/>
    <display value="右腎透視攝影，使用高滲透壓顯影劑"/>
  </concept>
  <concept>
    <code value="BT111ZZ"/>
    <display value="右腎透視攝影，使用低滲透壓顯影劑"/>
  </concept>
  <concept>
    <code value="BT11YZZ"/>
    <display value="右腎透視攝影，使用其他顯影劑"/>
  </concept>
  <concept>
    <code value="BT11ZZZ"/>
    <display value="右腎透視攝影"/>
  </concept>
  <concept>
    <code value="BT120ZZ"/>
    <display value="左腎透視攝影，使用高滲透壓顯影劑"/>
  </concept>
  <concept>
    <code value="BT121ZZ"/>
    <display value="左腎透視攝影，使用低滲透壓顯影劑"/>
  </concept>
  <concept>
    <code value="BT12YZZ"/>
    <display value="左腎透視攝影，使用其他顯影劑"/>
  </concept>
  <concept>
    <code value="BT12ZZZ"/>
    <display value="左腎透視攝影"/>
  </concept>
  <concept>
    <code value="BT130ZZ"/>
    <display value="雙側腎臟透視攝影，使用高滲透壓顯影劑"/>
  </concept>
  <concept>
    <code value="BT131ZZ"/>
    <display value="雙側腎臟透視攝影，使用低滲透壓顯影劑"/>
  </concept>
  <concept>
    <code value="BT13YZZ"/>
    <display value="雙側腎臟透視攝影，使用其他顯影劑"/>
  </concept>
  <concept>
    <code value="BT13ZZZ"/>
    <display value="雙側腎臟透視攝影"/>
  </concept>
  <concept>
    <code value="BT140ZZ"/>
    <display value="腎臟、輸尿管及膀胱透視攝影，使用高滲透壓顯影劑"/>
  </concept>
  <concept>
    <code value="BT141ZZ"/>
    <display value="腎臟、輸尿管及膀胱透視攝影，使用低滲透壓顯影劑"/>
  </concept>
  <concept>
    <code value="BT14YZZ"/>
    <display value="腎臟、輸尿管及膀胱透視攝影，使用其他顯影劑"/>
  </concept>
  <concept>
    <code value="BT14ZZZ"/>
    <display value="腎臟、輸尿管及膀胱透視攝影"/>
  </concept>
  <concept>
    <code value="BT150ZZ"/>
    <display value="尿道透視攝影，使用高滲透壓顯影劑"/>
  </concept>
  <concept>
    <code value="BT151ZZ"/>
    <display value="尿道透視攝影，使用低滲透壓顯影劑"/>
  </concept>
  <concept>
    <code value="BT15YZZ"/>
    <display value="尿道透視攝影，使用其他顯影劑"/>
  </concept>
  <concept>
    <code value="BT15ZZZ"/>
    <display value="尿道透視攝影"/>
  </concept>
  <concept>
    <code value="BT160ZZ"/>
    <display value="右輸尿管透視攝影，使用高滲透壓顯影劑"/>
  </concept>
  <concept>
    <code value="BT161ZZ"/>
    <display value="右輸尿管透視攝影，使用低滲透壓顯影劑"/>
  </concept>
  <concept>
    <code value="BT16YZZ"/>
    <display value="右輸尿管透視攝影，使用其他顯影劑"/>
  </concept>
  <concept>
    <code value="BT16ZZZ"/>
    <display value="右輸尿管透視攝影"/>
  </concept>
  <concept>
    <code value="BT170ZZ"/>
    <display value="左輸尿管透視攝影，使用高滲透壓顯影劑"/>
  </concept>
  <concept>
    <code value="BT171ZZ"/>
    <display value="左輸尿管透視攝影，使用低滲透壓顯影劑"/>
  </concept>
  <concept>
    <code value="BT17YZZ"/>
    <display value="左輸尿管透視攝影，使用其他顯影劑"/>
  </concept>
  <concept>
    <code value="BT17ZZZ"/>
    <display value="左輸尿管透視攝影"/>
  </concept>
  <concept>
    <code value="BT1B0ZZ"/>
    <display value="膀胱及尿道透視攝影，使用高滲透壓顯影劑"/>
  </concept>
  <concept>
    <code value="BT1B1ZZ"/>
    <display value="膀胱及尿道透視攝影，使用低滲透壓顯影劑"/>
  </concept>
  <concept>
    <code value="BT1BYZZ"/>
    <display value="膀胱及尿道透視攝影，使用其他顯影劑"/>
  </concept>
  <concept>
    <code value="BT1BZZZ"/>
    <display value="膀胱及尿道透視攝影"/>
  </concept>
  <concept>
    <code value="BT1C0ZZ"/>
    <display value="迴腸導流環透視攝影，使用高滲透壓顯影劑"/>
  </concept>
  <concept>
    <code value="BT1C1ZZ"/>
    <display value="迴腸導流環透視攝影，使用低滲透壓顯影劑"/>
  </concept>
  <concept>
    <code value="BT1CYZZ"/>
    <display value="迴腸導流環透視攝影，使用其他顯影劑"/>
  </concept>
  <concept>
    <code value="BT1CZZZ"/>
    <display value="迴腸導流環透視攝影"/>
  </concept>
  <concept>
    <code value="BT1D0ZZ"/>
    <display value="右側腎臟、輸尿管及膀胱透視攝影，使用高滲透壓顯影劑"/>
  </concept>
  <concept>
    <code value="BT1D1ZZ"/>
    <display value="右側腎臟、輸尿管及膀胱透視攝影，使用低滲透壓顯影劑"/>
  </concept>
  <concept>
    <code value="BT1DYZZ"/>
    <display value="右側腎臟、輸尿管及膀胱透視攝影，使用其他顯影劑"/>
  </concept>
  <concept>
    <code value="BT1DZZZ"/>
    <display value="右側腎臟、輸尿管及膀胱透視攝影"/>
  </concept>
  <concept>
    <code value="BT1F0ZZ"/>
    <display value="左側腎臟、輸尿管及膀胱透視攝影，使用高滲透壓顯影劑"/>
  </concept>
  <concept>
    <code value="BT1F1ZZ"/>
    <display value="左側腎臟、輸尿管及膀胱透視攝影，使用低滲透壓顯影劑"/>
  </concept>
  <concept>
    <code value="BT1FYZZ"/>
    <display value="左側腎臟、輸尿管及膀胱透視攝影，使用其他顯影劑"/>
  </concept>
  <concept>
    <code value="BT1FZZZ"/>
    <display value="左側腎臟、輸尿管及膀胱透視攝影"/>
  </concept>
  <concept>
    <code value="BT1G0ZZ"/>
    <display value="迴腸迴路、輸尿管及腎臟透視攝影，使用高滲透壓顯影劑"/>
  </concept>
  <concept>
    <code value="BT1G1ZZ"/>
    <display value="迴腸迴路、輸尿管及腎臟透視攝影，使用低滲透壓顯影劑"/>
  </concept>
  <concept>
    <code value="BT1GYZZ"/>
    <display value="迴腸迴路、輸尿管及腎臟透視攝影，使用其他顯影劑"/>
  </concept>
  <concept>
    <code value="BT1GZZZ"/>
    <display value="迴腸迴路、輸尿管及腎臟透視攝影"/>
  </concept>
  <concept>
    <code value="BT2000Z"/>
    <display value="膀胱減弱及增強電腦斷層掃描，使用高滲透壓顯影劑"/>
  </concept>
  <concept>
    <code value="BT200ZZ"/>
    <display value="膀胱電腦斷層掃描，使用高滲透壓顯影劑"/>
  </concept>
  <concept>
    <code value="BT2010Z"/>
    <display value="膀胱減弱及增強電腦斷層掃描，使用低滲透壓顯影劑"/>
  </concept>
  <concept>
    <code value="BT201ZZ"/>
    <display value="膀胱電腦斷層掃描，使用低滲透壓顯影劑"/>
  </concept>
  <concept>
    <code value="BT20Y0Z"/>
    <display value="膀胱減弱及增強電腦斷層掃描，使用其他顯影劑"/>
  </concept>
  <concept>
    <code value="BT20YZZ"/>
    <display value="膀胱電腦斷層掃描，使用其他顯影劑"/>
  </concept>
  <concept>
    <code value="BT20ZZZ"/>
    <display value="膀胱電腦斷層掃描"/>
  </concept>
  <concept>
    <code value="BT2100Z"/>
    <display value="右腎減弱及增強電腦斷層掃描，使用高滲透壓顯影劑"/>
  </concept>
  <concept>
    <code value="BT210ZZ"/>
    <display value="右腎電腦斷層掃描，使用高滲透壓顯影劑"/>
  </concept>
  <concept>
    <code value="BT2110Z"/>
    <display value="右腎減弱及增強電腦斷層掃描，使用低滲透壓顯影劑"/>
  </concept>
  <concept>
    <code value="BT211ZZ"/>
    <display value="右腎電腦斷層掃描，使用低滲透壓顯影劑"/>
  </concept>
  <concept>
    <code value="BT21Y0Z"/>
    <display value="右腎減弱及增強電腦斷層掃描，使用其他顯影劑"/>
  </concept>
  <concept>
    <code value="BT21YZZ"/>
    <display value="右腎電腦斷層掃描，使用其他顯影劑"/>
  </concept>
  <concept>
    <code value="BT21ZZZ"/>
    <display value="右腎電腦斷層掃描"/>
  </concept>
  <concept>
    <code value="BT2200Z"/>
    <display value="左腎減弱及增強電腦斷層掃描，使用高滲透壓顯影劑"/>
  </concept>
  <concept>
    <code value="BT220ZZ"/>
    <display value="左腎電腦斷層掃描，使用高滲透壓顯影劑"/>
  </concept>
  <concept>
    <code value="BT2210Z"/>
    <display value="左腎減弱及增強電腦斷層掃描，使用低滲透壓顯影劑"/>
  </concept>
  <concept>
    <code value="BT221ZZ"/>
    <display value="左腎電腦斷層掃描，使用低滲透壓顯影劑"/>
  </concept>
  <concept>
    <code value="BT22Y0Z"/>
    <display value="左腎減弱及增強電腦斷層掃描，使用其他顯影劑"/>
  </concept>
  <concept>
    <code value="BT22YZZ"/>
    <display value="左腎電腦斷層掃描，使用其他顯影劑"/>
  </concept>
  <concept>
    <code value="BT22ZZZ"/>
    <display value="左腎電腦斷層掃描"/>
  </concept>
  <concept>
    <code value="BT2300Z"/>
    <display value="雙側腎臟減弱及增強電腦斷層掃描，使用高滲透壓顯影劑"/>
  </concept>
  <concept>
    <code value="BT230ZZ"/>
    <display value="雙側腎臟電腦斷層掃描，使用高滲透壓顯影劑"/>
  </concept>
  <concept>
    <code value="BT2310Z"/>
    <display value="雙側腎臟減弱及增強電腦斷層掃描，使用低滲透壓顯影劑"/>
  </concept>
  <concept>
    <code value="BT231ZZ"/>
    <display value="雙側腎臟電腦斷層掃描，使用低滲透壓顯影劑"/>
  </concept>
  <concept>
    <code value="BT23Y0Z"/>
    <display value="雙側腎臟減弱及增強電腦斷層掃描，使用其他顯影劑"/>
  </concept>
  <concept>
    <code value="BT23YZZ"/>
    <display value="雙側腎臟電腦斷層掃描，使用其他顯影劑"/>
  </concept>
  <concept>
    <code value="BT23ZZZ"/>
    <display value="雙側腎臟電腦斷層掃描"/>
  </concept>
  <concept>
    <code value="BT2900Z"/>
    <display value="腎臟移植減弱及增強電腦斷層掃描，使用高滲透壓顯影劑"/>
  </concept>
  <concept>
    <code value="BT290ZZ"/>
    <display value="腎臟移植電腦斷層掃描，使用高滲透壓顯影劑"/>
  </concept>
  <concept>
    <code value="BT2910Z"/>
    <display value="腎臟移植減弱及增強電腦斷層掃描，使用低滲透壓顯影劑"/>
  </concept>
  <concept>
    <code value="BT291ZZ"/>
    <display value="腎臟移植電腦斷層掃描，使用低滲透壓顯影劑"/>
  </concept>
  <concept>
    <code value="BT29Y0Z"/>
    <display value="腎臟移植減弱及增強電腦斷層掃描，使用其他顯影劑"/>
  </concept>
  <concept>
    <code value="BT29YZZ"/>
    <display value="腎臟移植電腦斷層掃描，使用其他顯影劑"/>
  </concept>
  <concept>
    <code value="BT29ZZZ"/>
    <display value="腎臟移植電腦斷層掃描"/>
  </concept>
  <concept>
    <code value="BT30Y0Z"/>
    <display value="膀胱減弱及增強磁振造影，使用其他顯影劑"/>
  </concept>
  <concept>
    <code value="BT30YZZ"/>
    <display value="膀胱磁振造影，使用其他顯影劑"/>
  </concept>
  <concept>
    <code value="BT30ZZZ"/>
    <display value="膀胱磁振造影"/>
  </concept>
  <concept>
    <code value="BT31Y0Z"/>
    <display value="右腎減弱及增強磁振造影，使用其他顯影劑"/>
  </concept>
  <concept>
    <code value="BT31YZZ"/>
    <display value="右腎磁振造影，使用其他顯影劑"/>
  </concept>
  <concept>
    <code value="BT31ZZZ"/>
    <display value="右腎磁振造影"/>
  </concept>
  <concept>
    <code value="BT32Y0Z"/>
    <display value="左腎減弱及增強磁振造影，使用其他顯影劑"/>
  </concept>
  <concept>
    <code value="BT32YZZ"/>
    <display value="左腎磁振造影，使用其他顯影劑"/>
  </concept>
  <concept>
    <code value="BT32ZZZ"/>
    <display value="左腎磁振造影"/>
  </concept>
  <concept>
    <code value="BT33Y0Z"/>
    <display value="雙側腎臟減弱及增強磁振造影，使用其他顯影劑"/>
  </concept>
  <concept>
    <code value="BT33YZZ"/>
    <display value="雙側腎臟磁振造影，使用其他顯影劑"/>
  </concept>
  <concept>
    <code value="BT33ZZZ"/>
    <display value="雙側腎臟磁振造影"/>
  </concept>
  <concept>
    <code value="BT39Y0Z"/>
    <display value="腎臟移植減弱及增強磁振造影，使用其他顯影劑"/>
  </concept>
  <concept>
    <code value="BT39YZZ"/>
    <display value="腎臟移植磁振造影，使用其他顯影劑"/>
  </concept>
  <concept>
    <code value="BT39ZZZ"/>
    <display value="腎臟移植磁振造影"/>
  </concept>
  <concept>
    <code value="BT40ZZZ"/>
    <display value="膀胱超音波"/>
  </concept>
  <concept>
    <code value="BT41ZZZ"/>
    <display value="右腎超音波"/>
  </concept>
  <concept>
    <code value="BT42ZZZ"/>
    <display value="左腎超音波"/>
  </concept>
  <concept>
    <code value="BT43ZZZ"/>
    <display value="雙側腎臟超音波"/>
  </concept>
  <concept>
    <code value="BT45ZZZ"/>
    <display value="尿道超音波"/>
  </concept>
  <concept>
    <code value="BT46ZZZ"/>
    <display value="右輸尿管超音波"/>
  </concept>
  <concept>
    <code value="BT47ZZZ"/>
    <display value="左輸尿管超音波"/>
  </concept>
  <concept>
    <code value="BT48ZZZ"/>
    <display value="雙側輸尿管超音波"/>
  </concept>
  <concept>
    <code value="BT49ZZZ"/>
    <display value="腎臟移植超音波"/>
  </concept>
  <concept>
    <code value="BT4JZZZ"/>
    <display value="腎臟及膀胱超音波"/>
  </concept>
  <concept>
    <code value="BU000ZZ"/>
    <display value="右側輸卵管一般放射線攝影，使用高滲透壓顯影劑"/>
  </concept>
  <concept>
    <code value="BU001ZZ"/>
    <display value="右側輸卵管一般放射線攝影，使用低滲透壓顯影劑"/>
  </concept>
  <concept>
    <code value="BU00YZZ"/>
    <display value="右側輸卵管一般放射線攝影，使用其他顯影劑"/>
  </concept>
  <concept>
    <code value="BU010ZZ"/>
    <display value="左側輸卵管一般放射線攝影，使用高滲透壓顯影劑"/>
  </concept>
  <concept>
    <code value="BU011ZZ"/>
    <display value="左側輸卵管一般放射線攝影，使用低滲透壓顯影劑"/>
  </concept>
  <concept>
    <code value="BU01YZZ"/>
    <display value="左側輸卵管一般放射線攝影，使用其他顯影劑"/>
  </concept>
  <concept>
    <code value="BU020ZZ"/>
    <display value="雙側輸卵管一般放射線攝影，使用高滲透壓顯影劑"/>
  </concept>
  <concept>
    <code value="BU021ZZ"/>
    <display value="雙側輸卵管一般放射線攝影，使用低滲透壓顯影劑"/>
  </concept>
  <concept>
    <code value="BU02YZZ"/>
    <display value="雙側輸卵管一般放射線攝影，使用其他顯影劑"/>
  </concept>
  <concept>
    <code value="BU060ZZ"/>
    <display value="子宮一般放射線攝影，使用高滲透壓顯影劑"/>
  </concept>
  <concept>
    <code value="BU061ZZ"/>
    <display value="子宮一般放射線攝影，使用低滲透壓顯影劑"/>
  </concept>
  <concept>
    <code value="BU06YZZ"/>
    <display value="子宮一般放射線攝影，使用其他顯影劑"/>
  </concept>
  <concept>
    <code value="BU080ZZ"/>
    <display value="子宮及輸卵管一般放射線攝影，使用高滲透壓顯影劑"/>
  </concept>
  <concept>
    <code value="BU081ZZ"/>
    <display value="子宮及輸卵管一般放射線攝影，使用低滲透壓顯影劑"/>
  </concept>
  <concept>
    <code value="BU08YZZ"/>
    <display value="子宮及輸卵管一般放射線攝影，使用其他顯影劑"/>
  </concept>
  <concept>
    <code value="BU090ZZ"/>
    <display value="陰道一般放射線攝影，使用高滲透壓顯影劑"/>
  </concept>
  <concept>
    <code value="BU091ZZ"/>
    <display value="陰道一般放射線攝影，使用低滲透壓顯影劑"/>
  </concept>
  <concept>
    <code value="BU09YZZ"/>
    <display value="陰道一般放射線攝影，使用其他顯影劑"/>
  </concept>
  <concept>
    <code value="BU100ZZ"/>
    <display value="右側輸卵管透視攝影，使用高滲透壓顯影劑"/>
  </concept>
  <concept>
    <code value="BU101ZZ"/>
    <display value="右側輸卵管透視攝影，使用低滲透壓顯影劑"/>
  </concept>
  <concept>
    <code value="BU10YZZ"/>
    <display value="右側輸卵管透視攝影，使用其他顯影劑"/>
  </concept>
  <concept>
    <code value="BU10ZZZ"/>
    <display value="右側輸卵管透視攝影"/>
  </concept>
  <concept>
    <code value="BU110ZZ"/>
    <display value="左側輸卵管透視攝影，使用高滲透壓顯影劑"/>
  </concept>
  <concept>
    <code value="BU111ZZ"/>
    <display value="左側輸卵管透視攝影，使用低滲透壓顯影劑"/>
  </concept>
  <concept>
    <code value="BU11YZZ"/>
    <display value="左側輸卵管透視攝影，使用其他顯影劑"/>
  </concept>
  <concept>
    <code value="BU11ZZZ"/>
    <display value="左側輸卵管透視攝影"/>
  </concept>
  <concept>
    <code value="BU120ZZ"/>
    <display value="雙側輸卵管透視攝影，使用高滲透壓顯影劑"/>
  </concept>
  <concept>
    <code value="BU121ZZ"/>
    <display value="雙側輸卵管透視攝影，使用低滲透壓顯影劑"/>
  </concept>
  <concept>
    <code value="BU12YZZ"/>
    <display value="雙側輸卵管透視攝影，使用其他顯影劑"/>
  </concept>
  <concept>
    <code value="BU12ZZZ"/>
    <display value="雙側輸卵管透視攝影"/>
  </concept>
  <concept>
    <code value="BU160ZZ"/>
    <display value="子宮透視攝影，使用高滲透壓顯影劑"/>
  </concept>
  <concept>
    <code value="BU161ZZ"/>
    <display value="子宮透視攝影，使用低滲透壓顯影劑"/>
  </concept>
  <concept>
    <code value="BU16YZZ"/>
    <display value="子宮透視攝影，使用其他顯影劑"/>
  </concept>
  <concept>
    <code value="BU16ZZZ"/>
    <display value="子宮透視攝影"/>
  </concept>
  <concept>
    <code value="BU180ZZ"/>
    <display value="子宮及輸卵管透視攝影，使用高滲透壓顯影劑"/>
  </concept>
  <concept>
    <code value="BU181ZZ"/>
    <display value="子宮及輸卵管透視攝影，使用低滲透壓顯影劑"/>
  </concept>
  <concept>
    <code value="BU18YZZ"/>
    <display value="子宮及輸卵管透視攝影，使用其他顯影劑"/>
  </concept>
  <concept>
    <code value="BU18ZZZ"/>
    <display value="子宮及輸卵管透視攝影"/>
  </concept>
  <concept>
    <code value="BU190ZZ"/>
    <display value="陰道透視攝影，使用高滲透壓顯影劑"/>
  </concept>
  <concept>
    <code value="BU191ZZ"/>
    <display value="陰道透視攝影，使用低滲透壓顯影劑"/>
  </concept>
  <concept>
    <code value="BU19YZZ"/>
    <display value="陰道透視攝影，使用其他顯影劑"/>
  </concept>
  <concept>
    <code value="BU19ZZZ"/>
    <display value="陰道透視攝影"/>
  </concept>
  <concept>
    <code value="BU33Y0Z"/>
    <display value="右側卵巢減弱及增強磁振造影，使用其他顯影劑"/>
  </concept>
  <concept>
    <code value="BU33YZZ"/>
    <display value="右側卵巢磁振造影，使用其他顯影劑"/>
  </concept>
  <concept>
    <code value="BU33ZZZ"/>
    <display value="右側卵巢磁振造影"/>
  </concept>
  <concept>
    <code value="BU34Y0Z"/>
    <display value="左側卵巢減弱及增強磁振造影，使用其他顯影劑"/>
  </concept>
  <concept>
    <code value="BU34YZZ"/>
    <display value="左側卵巢磁振造影，使用其他顯影劑"/>
  </concept>
  <concept>
    <code value="BU34ZZZ"/>
    <display value="左側卵巢磁振造影"/>
  </concept>
  <concept>
    <code value="BU35Y0Z"/>
    <display value="雙側卵巢減弱及增強磁振造影，使用其他顯影劑"/>
  </concept>
  <concept>
    <code value="BU35YZZ"/>
    <display value="雙側卵巢磁振造影，使用其他顯影劑"/>
  </concept>
  <concept>
    <code value="BU35ZZZ"/>
    <display value="雙側卵巢磁振造影"/>
  </concept>
  <concept>
    <code value="BU36Y0Z"/>
    <display value="子宮減弱及增強磁振造影，使用其他顯影劑"/>
  </concept>
  <concept>
    <code value="BU36YZZ"/>
    <display value="子宮磁振造影，使用其他顯影劑"/>
  </concept>
  <concept>
    <code value="BU36ZZZ"/>
    <display value="子宮磁振造影"/>
  </concept>
  <concept>
    <code value="BU39Y0Z"/>
    <display value="陰道減弱及增強磁振造影，使用其他顯影劑"/>
  </concept>
  <concept>
    <code value="BU39YZZ"/>
    <display value="陰道磁振造影，使用其他顯影劑"/>
  </concept>
  <concept>
    <code value="BU39ZZZ"/>
    <display value="陰道磁振造影"/>
  </concept>
  <concept>
    <code value="BU3BY0Z"/>
    <display value="受孕子宮減弱及增強磁振造影，使用其他顯影劑"/>
  </concept>
  <concept>
    <code value="BU3BYZZ"/>
    <display value="受孕子宮磁振造影，使用其他顯影劑"/>
  </concept>
  <concept>
    <code value="BU3BZZZ"/>
    <display value="受孕子宮磁振造影"/>
  </concept>
  <concept>
    <code value="BU3CY0Z"/>
    <display value="子宮及卵巢減弱及增強磁振造影，使用其他顯影劑"/>
  </concept>
  <concept>
    <code value="BU3CYZZ"/>
    <display value="子宮及卵巢磁振造影，使用其他顯影劑"/>
  </concept>
  <concept>
    <code value="BU3CZZZ"/>
    <display value="子宮及卵巢磁振造影"/>
  </concept>
  <concept>
    <code value="BU40YZZ"/>
    <display value="右側輸卵管超音波，使用其他顯影劑"/>
  </concept>
  <concept>
    <code value="BU40ZZZ"/>
    <display value="右側輸卵管超音波"/>
  </concept>
  <concept>
    <code value="BU41YZZ"/>
    <display value="左側輸卵管超音波，使用其他顯影劑"/>
  </concept>
  <concept>
    <code value="BU41ZZZ"/>
    <display value="左側輸卵管超音波"/>
  </concept>
  <concept>
    <code value="BU42YZZ"/>
    <display value="雙側輸卵管超音波，使用其他顯影劑"/>
  </concept>
  <concept>
    <code value="BU42ZZZ"/>
    <display value="雙側輸卵管超音波"/>
  </concept>
  <concept>
    <code value="BU43YZZ"/>
    <display value="右側卵巢超音波，使用其他顯影劑"/>
  </concept>
  <concept>
    <code value="BU43ZZZ"/>
    <display value="右側卵巢超音波"/>
  </concept>
  <concept>
    <code value="BU44YZZ"/>
    <display value="左側卵巢超音波，使用其他顯影劑"/>
  </concept>
  <concept>
    <code value="BU44ZZZ"/>
    <display value="左側卵巢超音波"/>
  </concept>
  <concept>
    <code value="BU45YZZ"/>
    <display value="雙側卵巢超音波，使用其他顯影劑"/>
  </concept>
  <concept>
    <code value="BU45ZZZ"/>
    <display value="雙側卵巢超音波"/>
  </concept>
  <concept>
    <code value="BU46YZZ"/>
    <display value="子宮超音波，使用其他顯影劑"/>
  </concept>
  <concept>
    <code value="BU46ZZZ"/>
    <display value="子宮超音波"/>
  </concept>
  <concept>
    <code value="BU4CYZZ"/>
    <display value="子宮及卵巢超音波，使用其他顯影劑"/>
  </concept>
  <concept>
    <code value="BU4CZZZ"/>
    <display value="子宮及卵巢超音波"/>
  </concept>
</CodeSystem>