{
  "resourceType" : "CodeSystem",
  "id" : "medication-path-tw",
  "text" : {
    "status" : "generated",
    "div" : "<div xmlns=\"http://www.w3.org/1999/xhtml\">Placeholder</div>"
  },
  "url" : "https://twcore.mohw.gov.tw/ig/twcore/CodeSystem/medication-path-tw",
  "version" : "2022-01-28",
  "name" : "TWMedicationPath",
  "title" : "臺灣給藥途徑",
  "status" : "active",
  "experimental" : false,
  "date" : "2014-03-05",
  "contact" : [{
    "name" : "衛生福利部",
    "telecom" : [{
      "system" : "url",
      "value" : "https://www.mohw.gov.tw/"
    },
    {
      "system" : "email",
      "value" : "CCYU@mohw.gov.tw"
    }]
  }],
  "description" : "臺灣給藥途徑，參照至[https://dep.mohw.gov.tw/dos/lp-2503-113-xCat-DOS_dc002.html](https://dep.mohw.gov.tw/dos/lp-2503-113-xCat-DOS_dc002.html)-[Health06_全民健保處方及治療醫令明細檔_藥局](https://www.mohw.gov.tw/dl-16099-93a2fb9d-25a4-4e80-9508-88f5b317f6f9.html)  \r\n代碼出版日期：2014-03-05；資料所屬單位：衛生福利部統計處。\r\n\r\n*因原始資料無代碼版本資訊，故使用其「更新日期」作為版本資訊。*",
  "copyright" : "衛生福利部統計處",
  "caseSensitive" : true,
  "content" : "complete",
  "count" : 37,
  "concept" : [{
    "code" : "AD",
    "display" : "右耳"
  },
  {
    "code" : "AS",
    "display" : "左耳"
  },
  {
    "code" : "AU",
    "display" : "每耳"
  },
  {
    "code" : "CHEMO",
    "display" : "化學治療"
  },
  {
    "code" : "ET",
    "display" : "氣內切"
  },
  {
    "code" : "GAR",
    "display" : "潄口用"
  },
  {
    "code" : "HD",
    "display" : "皮下灌注"
  },
  {
    "code" : "IA",
    "display" : "動脈注射"
  },
  {
    "code" : "ID",
    "display" : "皮內注射"
  },
  {
    "code" : "IE",
    "display" : "脊髓硬膜內治射"
  },
  {
    "code" : "IM",
    "display" : "肌肉注射"
  },
  {
    "code" : "IMP",
    "display" : "植入"
  },
  {
    "code" : "INHL",
    "display" : "吸入"
  },
  {
    "code" : "IS",
    "display" : "滑膜內注射"
  },
  {
    "code" : "IT",
    "display" : "椎骨內注射"
  },
  {
    "code" : "IVA",
    "display" : "靜脈添加"
  },
  {
    "code" : "IVD",
    "display" : "靜脈點滴滴入"
  },
  {
    "code" : "IVI",
    "display" : "玻璃体內注射"
  },
  {
    "code" : "IVP",
    "display" : "靜脈注入"
  },
  {
    "code" : "LA",
    "display" : "局部麻醉"
  },
  {
    "code" : "LI",
    "display" : "局部注射"
  },
  {
    "code" : "NA",
    "display" : "鼻用"
  },
  {
    "code" : "OD",
    "display" : "右眼"
  },
  {
    "code" : "OS",
    "display" : "左眼"
  },
  {
    "code" : "OU",
    "display" : "每眼"
  },
  {
    "code" : "PO",
    "display" : "口眼"
  },
  {
    "code" : "SC",
    "display" : "皮下注射"
  },
  {
    "code" : "SCI",
    "display" : "結膜下注射"
  },
  {
    "code" : "SKIN",
    "display" : "皮膚用"
  },
  {
    "code" : "SL",
    "display" : "舌下"
  },
  {
    "code" : "SPI",
    "display" : "脊髓"
  },
  {
    "code" : "RECT",
    "display" : "肛門用"
  },
  {
    "code" : "TOPI",
    "display" : "局部塗擦(與LA易混淆)"
  },
  {
    "code" : "TRN",
    "display" : "全靜脈營養劑"
  },
  {
    "code" : "VAG",
    "display" : "陰道用"
  },
  {
    "code" : "IRRIG",
    "display" : "沖洗(irrigation)"
  },
  {
    "code" : "EXT",
    "display" : "外用"
  }]
}