<?xml version="1.0" encoding="UTF-8"?>

<CodeSystem xmlns="http://hl7.org/fhir">
  <id value="icd-10-cm-2014-tw"/>
  <text>
    <status value="generated"/><div xmlns="http://www.w3.org/1999/xhtml">Placeholder</div>
  </text>
  <url value="https://twcore.mohw.gov.tw/ig/twcore/CodeSystem/icd-10-cm-2014-tw"/>
  <version value="2017-07-19"/>
  <name value="TW2014ICD10CM"/>
  <title value="臺灣2014年中文版ICD-10-CM"/>
  <status value="active"/>
  <experimental value="false"/>
  <date value="2014-07-17"/>
  <contact>
    <name value="衛生福利部"/>
    <telecom>
      <system value="url"/>
      <value value="https://www.mohw.gov.tw/"/>
    </telecom>
    <telecom>
      <system value="email"/>
      <value value="CCYU@mohw.gov.tw"/>
    </telecom>
  </contact>
  <description value="臺灣2014年中文版ICD-10-CM，參照至[https://www.nhi.gov.tw/Content_List.aspx?n=3C0BD93EC042CC67&amp;topn=23C660CAACAA159D](https://www.nhi.gov.tw/Content_List.aspx?n=3C0BD93EC042CC67&amp;topn=23C660CAACAA159D)。  &#xA;代碼出版日期：2022-07-29；資料所屬單位：衛生福利部中央健康保險署。&#xA;&#xA;*因原始資料無代碼版本資訊，故使用其法規「公布日期」作為版本資訊。*  &#xA;&#xA;因代碼量較大會使載入頁面時間較長，為方便使用者瀏覽，此處僅擷取部分代碼，完整代碼可至全國專門術語服務平台([https://twcore.mohw.gov.tw/tsfhir/CodeSystem/icd-10-cm-2014-tw](https://twcore.mohw.gov.tw/ts/codesystemRead.jsp?id=icd-10-cm-2014-tw&amp;status=active&amp;version=2017-07-19&amp;metaId=1&amp;codeStatus=use&amp;show=Y){:target=&quot;_blank&quot;})查閱"/>
  <copyright value="World Health Organization (WHO)"/>
  <caseSensitive value="true"/>
  <content value="complete"/>
  <count value="219"/>
  <concept>
    <code value="A00"/>
    <display value="霍亂"/>
  </concept>
  <concept>
    <code value="A00.0"/>
    <display value="血清型01 cholerae霍亂弧菌所致之霍亂"/>
  </concept>
  <concept>
    <code value="A00.1"/>
    <display value="血清型01 eltor霍亂弧菌所致之霍亂"/>
  </concept>
  <concept>
    <code value="A00.9"/>
    <display value="霍亂"/>
  </concept>
  <concept>
    <code value="A01"/>
    <display value="傷寒及副傷寒"/>
  </concept>
  <concept>
    <code value="A01.0"/>
    <display value="傷寒"/>
  </concept>
  <concept>
    <code value="A01.00"/>
    <display value="傷寒"/>
  </concept>
  <concept>
    <code value="A01.01"/>
    <display value="傷寒腦膜炎"/>
  </concept>
  <concept>
    <code value="A01.02"/>
    <display value="傷寒伴有侵及心臟"/>
  </concept>
  <concept>
    <code value="A01.03"/>
    <display value="傷寒肺炎"/>
  </concept>
  <concept>
    <code value="A01.04"/>
    <display value="傷寒關節炎"/>
  </concept>
  <concept>
    <code value="A01.05"/>
    <display value="傷寒骨髓炎"/>
  </concept>
  <concept>
    <code value="A01.09"/>
    <display value="傷寒熱伴有其他併發症"/>
  </concept>
  <concept>
    <code value="A01.1"/>
    <display value="A型副傷寒"/>
  </concept>
  <concept>
    <code value="A01.2"/>
    <display value="B型副傷寒"/>
  </concept>
  <concept>
    <code value="A01.3"/>
    <display value="C型副傷寒"/>
  </concept>
  <concept>
    <code value="A01.4"/>
    <display value="副傷寒"/>
  </concept>
  <concept>
    <code value="A02"/>
    <display value="其他沙門感染"/>
  </concept>
  <concept>
    <code value="A02.0"/>
    <display value="沙門桿菌腸炎"/>
  </concept>
  <concept>
    <code value="A02.1"/>
    <display value="沙門桿菌敗血症"/>
  </concept>
  <concept>
    <code value="A02.2"/>
    <display value="局部沙門感染"/>
  </concept>
  <concept>
    <code value="A02.20"/>
    <display value="局部沙門桿菌感染"/>
  </concept>
  <concept>
    <code value="A02.21"/>
    <display value="沙門桿菌腦膜炎"/>
  </concept>
  <concept>
    <code value="A02.22"/>
    <display value="沙門桿菌肺炎"/>
  </concept>
  <concept>
    <code value="A02.23"/>
    <display value="沙門桿菌關節炎"/>
  </concept>
  <concept>
    <code value="A02.24"/>
    <display value="沙門桿菌骨髓炎"/>
  </concept>
  <concept>
    <code value="A02.25"/>
    <display value="沙門桿菌腎盂腎炎"/>
  </concept>
  <concept>
    <code value="A02.29"/>
    <display value="沙門桿菌伴有其他局部感染"/>
  </concept>
  <concept>
    <code value="A02.8"/>
    <display value="其他特定之沙門桿菌感染"/>
  </concept>
  <concept>
    <code value="A02.9"/>
    <display value="沙門桿菌感染"/>
  </concept>
  <concept>
    <code value="A03"/>
    <display value="志賀桿菌病"/>
  </concept>
  <concept>
    <code value="A03.0"/>
    <display value="痢疾性志賀桿菌所致之志賀桿菌病"/>
  </concept>
  <concept>
    <code value="A03.1"/>
    <display value="Shigella flexneri所致之志賀桿菌病"/>
  </concept>
  <concept>
    <code value="A03.2"/>
    <display value="Shigella boydii所致之志賀桿菌病"/>
  </concept>
  <concept>
    <code value="A03.3"/>
    <display value="Shigella sonnei所致之志賀桿菌病"/>
  </concept>
  <concept>
    <code value="A03.8"/>
    <display value="其他志賀桿菌病"/>
  </concept>
  <concept>
    <code value="A03.9"/>
    <display value="志賀桿菌病"/>
  </concept>
  <concept>
    <code value="A04"/>
    <display value="其他細菌性腸道感染"/>
  </concept>
  <concept>
    <code value="A04.0"/>
    <display value="腸致病性大腸桿菌感染"/>
  </concept>
  <concept>
    <code value="A04.1"/>
    <display value="產腸毒大腸桿菌感染"/>
  </concept>
  <concept>
    <code value="A04.2"/>
    <display value="腸侵襲性大腸桿菌感染"/>
  </concept>
  <concept>
    <code value="A04.3"/>
    <display value="腸出血性大腸桿菌感染"/>
  </concept>
  <concept>
    <code value="A04.4"/>
    <display value="其他大腸桿菌腸道感染"/>
  </concept>
  <concept>
    <code value="A04.5"/>
    <display value="彎曲桿菌腸炎"/>
  </concept>
  <concept>
    <code value="A04.6"/>
    <display value="小腸結腸耶氏菌所致腸炎"/>
  </concept>
  <concept>
    <code value="A04.7"/>
    <display value="艱難梭菌所致腸道感染"/>
  </concept>
  <concept>
    <code value="A04.8"/>
    <display value="其他特定之細菌性腸道感染"/>
  </concept>
  <concept>
    <code value="A04.9"/>
    <display value="細菌性腸道感染"/>
  </concept>
  <concept>
    <code value="A05"/>
    <display value="其他細菌性食物中毒，他處未歸類者"/>
  </concept>
  <concept>
    <code value="A05.0"/>
    <display value="葡萄球菌食物中毒"/>
  </concept>
  <concept>
    <code value="A05.1"/>
    <display value="臘腸桿菌食物中毒"/>
  </concept>
  <concept>
    <code value="A05.2"/>
    <display value="產氣梭狀桿菌(魏氏梭菌)食物中毒"/>
  </concept>
  <concept>
    <code value="A05.3"/>
    <display value="副溶血弧菌食物中毒"/>
  </concept>
  <concept>
    <code value="A05.4"/>
    <display value="蜡狀桿菌食物中毒"/>
  </concept>
  <concept>
    <code value="A05.5"/>
    <display value="創傷弧菌食物中毒"/>
  </concept>
  <concept>
    <code value="A05.8"/>
    <display value="其他特定之細菌性食物中毒"/>
  </concept>
  <concept>
    <code value="A05.9"/>
    <display value="細菌性食物中毒"/>
  </concept>
  <concept>
    <code value="A06"/>
    <display value="阿米巴病"/>
  </concept>
  <concept>
    <code value="A06.0"/>
    <display value="急性阿米巴性痢疾"/>
  </concept>
  <concept>
    <code value="A06.1"/>
    <display value="慢性腸道阿米巴病"/>
  </concept>
  <concept>
    <code value="A06.2"/>
    <display value="阿米巴性非痢疾性大腸炎"/>
  </concept>
  <concept>
    <code value="A06.3"/>
    <display value="腸道阿米巴腫"/>
  </concept>
  <concept>
    <code value="A06.4"/>
    <display value="阿米巴性肝膿瘍"/>
  </concept>
  <concept>
    <code value="A06.5"/>
    <display value="阿米巴性肺膿瘍"/>
  </concept>
  <concept>
    <code value="A06.6"/>
    <display value="阿米巴性腦膿瘍"/>
  </concept>
  <concept>
    <code value="A06.7"/>
    <display value="阿米巴性皮膚病"/>
  </concept>
  <concept>
    <code value="A06.8"/>
    <display value="其他部位阿米巴感染"/>
  </concept>
  <concept>
    <code value="A06.81"/>
    <display value="阿米巴性膀胱炎"/>
  </concept>
  <concept>
    <code value="A06.82"/>
    <display value="其他阿米巴性泌尿生殖道感染"/>
  </concept>
  <concept>
    <code value="A06.89"/>
    <display value="其他阿米巴感染"/>
  </concept>
  <concept>
    <code value="A06.9"/>
    <display value="阿米巴病"/>
  </concept>
  <concept>
    <code value="A07"/>
    <display value="其他原蟲性腸道疾病"/>
  </concept>
  <concept>
    <code value="A07.0"/>
    <display value="大腸纖毛蟲病"/>
  </concept>
  <concept>
    <code value="A07.1"/>
    <display value="梨形鞭毛蟲病[腸梨形蟲病]"/>
  </concept>
  <concept>
    <code value="A07.2"/>
    <display value="隱孢子蟲病"/>
  </concept>
  <concept>
    <code value="A07.3"/>
    <display value="孢球蟲病"/>
  </concept>
  <concept>
    <code value="A07.4"/>
    <display value="環孢蟲病"/>
  </concept>
  <concept>
    <code value="A07.8"/>
    <display value="其他特定原蟲性腸道疾病"/>
  </concept>
  <concept>
    <code value="A07.9"/>
    <display value="原蟲性腸道疾病"/>
  </concept>
  <concept>
    <code value="A08"/>
    <display value="病毒及其他特定腸道感染"/>
  </concept>
  <concept>
    <code value="A08.0"/>
    <display value="輪狀病毒性腸炎"/>
  </concept>
  <concept>
    <code value="A08.1"/>
    <display value="類諾瓦克病毒及其他小型球型病毒所致之急性胃腸病變"/>
  </concept>
  <concept>
    <code value="A08.11"/>
    <display value="類諾瓦克病毒所致之急性胃腸病變"/>
  </concept>
  <concept>
    <code value="A08.19"/>
    <display value="小型球型病毒所致之急性胃腸病變"/>
  </concept>
  <concept>
    <code value="A08.2"/>
    <display value="腺病毒性腸炎"/>
  </concept>
  <concept>
    <code value="A08.3"/>
    <display value="其他病毒性腸炎"/>
  </concept>
  <concept>
    <code value="A08.31"/>
    <display value="杯狀病毒性腸炎"/>
  </concept>
  <concept>
    <code value="A08.32"/>
    <display value="星狀病毒性腸炎"/>
  </concept>
  <concept>
    <code value="A08.39"/>
    <display value="其他病毒性腸炎"/>
  </concept>
  <concept>
    <code value="A08.4"/>
    <display value="病毒性腸道病毒感染"/>
  </concept>
  <concept>
    <code value="A08.8"/>
    <display value="其他特定腸道感染"/>
  </concept>
  <concept>
    <code value="A09"/>
    <display value="感染性胃腸炎及大腸炎"/>
  </concept>
  <concept>
    <code value="A15"/>
    <display value="呼吸道結核病"/>
  </concept>
  <concept>
    <code value="A15.0"/>
    <display value="肺結核"/>
  </concept>
  <concept>
    <code value="A15.4"/>
    <display value="胸腔內淋巴結結核"/>
  </concept>
  <concept>
    <code value="A15.5"/>
    <display value="喉、氣管及支氣管結核"/>
  </concept>
  <concept>
    <code value="A15.6"/>
    <display value="結核性肋膜炎"/>
  </concept>
  <concept>
    <code value="A15.7"/>
    <display value="原發性結核"/>
  </concept>
  <concept>
    <code value="A15.8"/>
    <display value="其他呼吸道結核"/>
  </concept>
  <concept>
    <code value="A15.9"/>
    <display value="呼吸道結核病"/>
  </concept>
  <concept>
    <code value="A17"/>
    <display value="神經系統結核病"/>
  </concept>
  <concept>
    <code value="A17.0"/>
    <display value="結核性腦膜炎"/>
  </concept>
  <concept>
    <code value="A17.1"/>
    <display value="腦膜性結核瘤"/>
  </concept>
  <concept>
    <code value="A17.8"/>
    <display value="其他神經系統結核病"/>
  </concept>
  <concept>
    <code value="A17.81"/>
    <display value="腦和脊髓之結核瘤"/>
  </concept>
  <concept>
    <code value="A17.82"/>
    <display value="結核性腦膜腦炎"/>
  </concept>
  <concept>
    <code value="A17.83"/>
    <display value="結核性神經炎"/>
  </concept>
  <concept>
    <code value="A17.89"/>
    <display value="其他神經系統結核病"/>
  </concept>
  <concept>
    <code value="A17.9"/>
    <display value="神經系統結核病"/>
  </concept>
  <concept>
    <code value="A18"/>
    <display value="其他器官結核病"/>
  </concept>
  <concept>
    <code value="A18.0"/>
    <display value="骨骼及關節結核病"/>
  </concept>
  <concept>
    <code value="A18.01"/>
    <display value="脊椎結核病"/>
  </concept>
  <concept>
    <code value="A18.02"/>
    <display value="其他關節之結核性關節炎"/>
  </concept>
  <concept>
    <code value="A18.03"/>
    <display value="其他骨骼結核病"/>
  </concept>
  <concept>
    <code value="A18.09"/>
    <display value="其他肌肉骨骼結核病"/>
  </concept>
  <concept>
    <code value="A18.1"/>
    <display value="生殖泌尿系統結核病"/>
  </concept>
  <concept>
    <code value="A18.10"/>
    <display value="生殖泌尿系統結核"/>
  </concept>
  <concept>
    <code value="A18.11"/>
    <display value="腎和輸尿管結核"/>
  </concept>
  <concept>
    <code value="A18.12"/>
    <display value="膀胱結核"/>
  </concept>
  <concept>
    <code value="A18.13"/>
    <display value="其他泌尿器官結核"/>
  </concept>
  <concept>
    <code value="A18.14"/>
    <display value="前列腺結核"/>
  </concept>
  <concept>
    <code value="A18.15"/>
    <display value="其他男性生殖器官結核"/>
  </concept>
  <concept>
    <code value="A18.16"/>
    <display value="子宮頸結核"/>
  </concept>
  <concept>
    <code value="A18.17"/>
    <display value="女性結核性骨盆腔炎性疾病"/>
  </concept>
  <concept>
    <code value="A18.18"/>
    <display value="其他女性生殖器官結核"/>
  </concept>
  <concept>
    <code value="A18.2"/>
    <display value="結核性周邊淋巴腺病變"/>
  </concept>
  <concept>
    <code value="A18.3"/>
    <display value="腸道、腹膜及腸繫膜腺體結核病"/>
  </concept>
  <concept>
    <code value="A18.31"/>
    <display value="結核性腹膜炎"/>
  </concept>
  <concept>
    <code value="A18.32"/>
    <display value="結核性腸炎"/>
  </concept>
  <concept>
    <code value="A18.39"/>
    <display value="腹膜後結核病"/>
  </concept>
  <concept>
    <code value="A18.4"/>
    <display value="皮膚及皮下組織之結核"/>
  </concept>
  <concept>
    <code value="A18.5"/>
    <display value="眼結核病"/>
  </concept>
  <concept>
    <code value="A18.50"/>
    <display value="眼結核"/>
  </concept>
  <concept>
    <code value="A18.51"/>
    <display value="結核性上鞏膜炎"/>
  </concept>
  <concept>
    <code value="A18.52"/>
    <display value="結核性角膜炎"/>
  </concept>
  <concept>
    <code value="A18.53"/>
    <display value="結核性脈絡膜網膜炎"/>
  </concept>
  <concept>
    <code value="A18.54"/>
    <display value="結核性虹膜睫狀體炎"/>
  </concept>
  <concept>
    <code value="A18.59"/>
    <display value="其他眼結核"/>
  </concept>
  <concept>
    <code value="A18.6"/>
    <display value="耳（內耳）（中耳）結核"/>
  </concept>
  <concept>
    <code value="A18.7"/>
    <display value="腎上腺結核"/>
  </concept>
  <concept>
    <code value="A18.8"/>
    <display value="其他特定器官結核病"/>
  </concept>
  <concept>
    <code value="A18.81"/>
    <display value="甲狀腺結核"/>
  </concept>
  <concept>
    <code value="A18.82"/>
    <display value="其他內分泌腺體結核"/>
  </concept>
  <concept>
    <code value="A18.83"/>
    <display value="消化道器官結核，他處未歸類者"/>
  </concept>
  <concept>
    <code value="A18.84"/>
    <display value="心臟結核"/>
  </concept>
  <concept>
    <code value="A18.85"/>
    <display value="脾結核"/>
  </concept>
  <concept>
    <code value="A18.89"/>
    <display value="其他部位結核"/>
  </concept>
  <concept>
    <code value="A19"/>
    <display value="粟粒性結核病"/>
  </concept>
  <concept>
    <code value="A19.0"/>
    <display value="單一部位之急性粟粒性結核"/>
  </concept>
  <concept>
    <code value="A19.1"/>
    <display value="多重(發)部位之急性粟粒性結核"/>
  </concept>
  <concept>
    <code value="A19.2"/>
    <display value="急性粟粒狀結核"/>
  </concept>
  <concept>
    <code value="A19.8"/>
    <display value="其他粟粒狀結核"/>
  </concept>
  <concept>
    <code value="A19.9"/>
    <display value="粟粒狀結核"/>
  </concept>
  <concept>
    <code value="A20"/>
    <display value="鼠疫"/>
  </concept>
  <concept>
    <code value="A20.0"/>
    <display value="腺鼠疫"/>
  </concept>
  <concept>
    <code value="A20.1"/>
    <display value="蜂窩組織皮膚性鼠疫"/>
  </concept>
  <concept>
    <code value="A20.2"/>
    <display value="肺炎型鼠疫"/>
  </concept>
  <concept>
    <code value="A20.3"/>
    <display value="鼠疫腦膜炎"/>
  </concept>
  <concept>
    <code value="A20.7"/>
    <display value="敗血性鼠疫"/>
  </concept>
  <concept>
    <code value="A20.8"/>
    <display value="其他型鼠疫"/>
  </concept>
  <concept>
    <code value="A20.9"/>
    <display value="鼠疫"/>
  </concept>
  <concept>
    <code value="A21"/>
    <display value="兔熱病"/>
  </concept>
  <concept>
    <code value="A21.0"/>
    <display value="潰瘍腺體型兔熱病"/>
  </concept>
  <concept>
    <code value="A21.1"/>
    <display value="眼腺體型兔熱病"/>
  </concept>
  <concept>
    <code value="A21.2"/>
    <display value="肺型兔熱病"/>
  </concept>
  <concept>
    <code value="A21.3"/>
    <display value="胃腸型兔熱病"/>
  </concept>
  <concept>
    <code value="A21.7"/>
    <display value="廣泛性兔熱病"/>
  </concept>
  <concept>
    <code value="A21.8"/>
    <display value="其他型兔熱病"/>
  </concept>
  <concept>
    <code value="A21.9"/>
    <display value="兔熱病"/>
  </concept>
  <concept>
    <code value="A22"/>
    <display value="炭疽病"/>
  </concept>
  <concept>
    <code value="A22.0"/>
    <display value="皮膚炭疽病"/>
  </concept>
  <concept>
    <code value="A22.1"/>
    <display value="肺炭疽病"/>
  </concept>
  <concept>
    <code value="A22.2"/>
    <display value="腸胃炭疽病"/>
  </concept>
  <concept>
    <code value="A22.7"/>
    <display value="炭疽性敗血症"/>
  </concept>
  <concept>
    <code value="A22.8"/>
    <display value="其他型炭疽病"/>
  </concept>
  <concept>
    <code value="A22.9"/>
    <display value="炭疽病"/>
  </concept>
  <concept>
    <code value="A23"/>
    <display value="布魯士桿菌病"/>
  </concept>
  <concept>
    <code value="A23.0"/>
    <display value="地中海型布魯士桿菌所致之布魯士桿菌病"/>
  </concept>
  <concept>
    <code value="A23.1"/>
    <display value="流產型布魯士桿菌所致之布魯士桿菌病"/>
  </concept>
  <concept>
    <code value="A23.2"/>
    <display value="豚型布魯士桿菌所致病魯士桿菌病"/>
  </concept>
  <concept>
    <code value="A23.3"/>
    <display value="犬型布魯士桿菌所致之布魯士桿菌病"/>
  </concept>
  <concept>
    <code value="A23.8"/>
    <display value="其他布魯士桿菌病"/>
  </concept>
  <concept>
    <code value="A23.9"/>
    <display value="布魯士桿菌病"/>
  </concept>
  <concept>
    <code value="A24"/>
    <display value="馬鼻疽及類鼻疽病"/>
  </concept>
  <concept>
    <code value="A24.0"/>
    <display value="馬鼻疽"/>
  </concept>
  <concept>
    <code value="A24.1"/>
    <display value="急性及猛爆型類鼻疽病"/>
  </concept>
  <concept>
    <code value="A24.2"/>
    <display value="亞急性和慢性類鼻疽病"/>
  </concept>
  <concept>
    <code value="A24.3"/>
    <display value="其他類鼻疽病"/>
  </concept>
  <concept>
    <code value="A24.9"/>
    <display value="類鼻疽病"/>
  </concept>
  <concept>
    <code value="A25"/>
    <display value="鼠咬熱"/>
  </concept>
  <concept>
    <code value="A25.0"/>
    <display value="螺旋菌病"/>
  </concept>
  <concept>
    <code value="A25.1"/>
    <display value="鏈桿菌病"/>
  </concept>
  <concept>
    <code value="A25.9"/>
    <display value="鼠咬熱"/>
  </concept>
  <concept>
    <code value="A26"/>
    <display value="類丹毒"/>
  </concept>
  <concept>
    <code value="A26.0"/>
    <display value="皮膚類丹毒"/>
  </concept>
  <concept>
    <code value="A26.7"/>
    <display value="單毒絲狀菌敗血症"/>
  </concept>
  <concept>
    <code value="A26.8"/>
    <display value="其他型類丹毒"/>
  </concept>
  <concept>
    <code value="A26.9"/>
    <display value="類丹毒"/>
  </concept>
  <concept>
    <code value="A27"/>
    <display value="鉤端螺旋體病"/>
  </concept>
  <concept>
    <code value="A27.0"/>
    <display value="黃疸出血性鉤端螺旋體病"/>
  </concept>
  <concept>
    <code value="A27.8"/>
    <display value="其他型鉤端螺旋體病"/>
  </concept>
  <concept>
    <code value="A27.81"/>
    <display value="鉤端螺旋體引起之無菌性腦膜炎"/>
  </concept>
  <concept>
    <code value="A27.89"/>
    <display value="其他型細鉤端螺旋體病"/>
  </concept>
  <concept>
    <code value="A27.9"/>
    <display value="細鉤端螺旋體病"/>
  </concept>
  <concept>
    <code value="A28"/>
    <display value="其他人畜共通細菌性傳染病，他處未歸類者"/>
  </concept>
  <concept>
    <code value="A28.0"/>
    <display value="巴斯德桿菌病"/>
  </concept>
  <concept>
    <code value="A28.1"/>
    <display value="貓抓病"/>
  </concept>
  <concept>
    <code value="A28.2"/>
    <display value="腸道外耶希尼菌病"/>
  </concept>
  <concept>
    <code value="A28.8"/>
    <display value="其他特定之細菌性人畜共通傳染病，他處未歸類者"/>
  </concept>
  <concept>
    <code value="A28.9"/>
    <display value="人畜共通細菌性傳染病"/>
  </concept>
  <concept>
    <code value="A30"/>
    <display value="痲瘋 [漢生氏病]"/>
  </concept>
  <concept>
    <code value="A30.0"/>
    <display value="未定型痲瘋(癩病)"/>
  </concept>
  <concept>
    <code value="A30.1"/>
    <display value="類結核型痲瘋(癩病)"/>
  </concept>
  <concept>
    <code value="A30.2"/>
    <display value="邊緣性結核痲瘋(癩病)"/>
  </concept>
  <concept>
    <code value="A30.3"/>
    <display value="邊際型痲瘋(癩病)"/>
  </concept>
  <concept>
    <code value="A30.4"/>
    <display value="邊際型癩瘤型痲瘋(癩病)"/>
  </concept>
  <concept>
    <code value="A30.5"/>
    <display value="癩病瘤型痲瘋(癩病)"/>
  </concept>
  <concept>
    <code value="A30.8"/>
    <display value="其他型痲瘋(癩病)"/>
  </concept>
  <concept>
    <code value="A30.9"/>
    <display value="痲瘋(癩病)"/>
  </concept>
</CodeSystem>