{
  "resourceType" : "CodeSystem",
  "id" : "medication-nhi-tw",
  "text" : {
    "status" : "generated",
    "div" : "<div xmlns=\"http://www.w3.org/1999/xhtml\">Placeholder</div>"
  },
  "url" : "https://twcore.mohw.gov.tw/ig/twcore/CodeSystem/medication-nhi-tw",
  "version" : "2022-07-28",
  "name" : "TWMedicationNHI",
  "title" : "臺灣健保用藥品項",
  "status" : "active",
  "experimental" : false,
  "date" : "2018-06-25",
  "contact" : [{
    "name" : "衛生福利部",
    "telecom" : [{
      "system" : "url",
      "value" : "https://www.mohw.gov.tw/"
    },
    {
      "system" : "email",
      "value" : "CCYU@mohw.gov.tw"
    }]
  }],
  "description" : "臺灣健保用藥品項，參照自[https://www.nhi.gov.tw/Content_List.aspx?n=238507DCFE832EAE&topn=5FE8C9FEAE863B46](https://www.nhi.gov.tw/Content_List.aspx?n=238507DCFE832EAE&topn=5FE8C9FEAE863B46)  \n代碼出版日期：2022-08-03；資料所屬單位：衛生福利部中央健康保險署。\n\n*因原始資料無代碼版本資訊，故使用其「更新日期」作為版本資訊。*  \n\n因代碼量較大會使載入頁面時間較長，為方便使用者瀏覽，此處僅擷取部分代碼，完整代碼可至全國專門術語服務平台([https://twcore.mohw.gov.tw/tsfhir/CodeSystem/medication-nhi-tw](https://twcore.mohw.gov.tw/ts/codesystemRead.jsp?id=medication-nhi-tw&status=active&version=2022-07-28&metaId=1&codeStatus=use&show=Y){:target=\"_blank\"})查閱",
  "copyright" : "衛生福利部中央健康保險署",
  "caseSensitive" : true,
  "content" : "complete",
  "count" : 85,
  "concept" : [{
    "code" : "A000420100",
    "display" : "REIZER S.C. TABLETS 100 MG \"F.Y.\""
  },
  {
    "code" : "A000639100",
    "display" : "TRYNOL S.C. TABLETS 25MG \"JOHNSON\""
  },
  {
    "code" : "A0006391G0",
    "display" : "TRYNOL S.C. TABLETS 25MG \"JOHNSON\"(瓶裝/84粒/瓶) (鋁箔/膠箔)"
  },
  {
    "code" : "A000649100",
    "display" : "TRYNOL S.C. TABLETS 10MG"
  },
  {
    "code" : "A001577100",
    "display" : "TRIPYLINE TABLETS 25MG\"HL\""
  },
  {
    "code" : "A002558100",
    "display" : "THIOZIN S.C. TABLETS 25MG"
  },
  {
    "code" : "A003173100",
    "display" : "FETIRIN S.C. TABLETS 10MG"
  },
  {
    "code" : "A003174100",
    "display" : "FETIRIN S.C. TABLETS 5MG"
  },
  {
    "code" : "A003291100",
    "display" : "PINSAUN TABLETS \"YU SHENG\""
  },
  {
    "code" : "A0032911G0",
    "display" : "PINSAUN TABLETS \"YU SHENG\"(鋁箔/膠箔)"
  },
  {
    "code" : "A003393100",
    "display" : "CHLORPROMAZINE HCL S.C. TABLETS 100MG \"VPP\""
  },
  {
    "code" : "A004829100",
    "display" : "ISETIN S.C. TABLETS \"Y.S.\""
  },
  {
    "code" : "A004853209",
    "display" : "TRILIZIN INJECTION \"ASTAR\""
  },
  {
    "code" : "A005090100",
    "display" : "ZUCAIN TABLETS \"CURIE\""
  },
  {
    "code" : "A005344209",
    "display" : "TUTANIN INJECTION \"SINTON\""
  },
  {
    "code" : "A006695100",
    "display" : "MELLERIN S.C. TABLETS"
  },
  {
    "code" : "A006819100",
    "display" : "CHLORPROMAZINE HCL S.C. TABLETS 50MG \"VPP\""
  },
  {
    "code" : "A006822100",
    "display" : "CHLORPROMAZINE HCL S.C. TABLETS 25MG \"VPP\""
  },
  {
    "code" : "A007544221",
    "display" : "CHLORPROMAZINE HCL 125MG/5ML \"VPP\""
  },
  {
    "code" : "A008767100",
    "display" : "LOXAPAC CAPSULES 10MG"
  },
  {
    "code" : "A010195100",
    "display" : "WINLERIL S.C. TABLETS \"WINSTON\""
  },
  {
    "code" : "A010398100",
    "display" : "MELLAZINE S.C. TABLETS 50MG \"HL\""
  },
  {
    "code" : "A010428100",
    "display" : "WINHOAMIN S.C. TABLETS 100MG\"HL\""
  },
  {
    "code" : "A010704100",
    "display" : "LOXAPAC CAPSULES 25MG"
  },
  {
    "code" : "A010726100",
    "display" : "MELLAZINE S.C. TABLETS 100MG\"HL\""
  },
  {
    "code" : "A012646100",
    "display" : "GYNEDOL TABLETS 1MG \"H.L.\""
  },
  {
    "code" : "A013746100",
    "display" : "THIORIDAZINE S.C. TABLETS \"KODAK\""
  },
  {
    "code" : "A013748100",
    "display" : "AMILIN S.C. TABLETS\"N.C.P\""
  },
  {
    "code" : "A015265100",
    "display" : "CHLORPROMAZINE TABLETS \"Y.Y.\""
  },
  {
    "code" : "A016415100",
    "display" : "PERPHENSZINE S.C. TABLETS \"HONTEN\""
  },
  {
    "code" : "A018051100",
    "display" : "HALOSTEN TABLETS 1MG (HALOPERIDOL)"
  },
  {
    "code" : "A018467100",
    "display" : "HALOSTEN TABLETS 2MG (HALOPERIDOL)"
  },
  {
    "code" : "A018573100",
    "display" : "AMITRIPTYLINE TABLETS"
  },
  {
    "code" : "A018719100",
    "display" : "IMIMINE S.C. TABLETS 25MG \"VPP\" (IMIPRAMINE)"
  },
  {
    "code" : "A0187191G0",
    "display" : "IMIMINE S.C. TABLETS 25MG \"VPP\" (IMIPRAMINE) (鋁箔/膠箔)"
  },
  {
    "code" : "A018905100",
    "display" : "THIRIZINE S.C. TABLETS 25MG"
  },
  {
    "code" : "A019040100",
    "display" : "AMITRIPTYLINE TABLETS \"JINUP\""
  },
  {
    "code" : "A019281100",
    "display" : "THIORIDAZINE S.C. TABLETS \"C.I.\""
  },
  {
    "code" : "A019299135",
    "display" : "PANDOL LIQUID (HALOPERIDOL) \"PANBIOTIC\""
  },
  {
    "code" : "A019299143",
    "display" : "PANDOL LIQUID (HALOPERIDOL) \"PANBIOTIC\""
  },
  {
    "code" : "A019299151",
    "display" : "PANDOL LIQUID (HALOPERIDOL) \"PANBIOTIC\""
  },
  {
    "code" : "A024336100",
    "display" : "AMITRIPTYLINE HYDROCHLORIDE S.C. TABLETS \"C.H.\""
  },
  {
    "code" : "A024509100",
    "display" : "FLURAZINE F.C. TABLETS 5MG \"VPP\" (TRIFLUOPERAZINE)"
  },
  {
    "code" : "A024703100",
    "display" : "SULPI CAPSULES 50MG (SULPIRIDE) \"WINSTON\""
  },
  {
    "code" : "A0247031G0",
    "display" : "SULPI CAPSULES 50MG (SULPIRIDE) \"WINSTON\"(鋁箔/膠箔)"
  },
  {
    "code" : "A024833100",
    "display" : "FLURAZINE S.C. TABLETS 2MG (TRIFLUOPERAZINE) \"VPP\""
  },
  {
    "code" : "A025191100",
    "display" : "WINSUMIN S.C. TABLETS 50MG (CHLORPROMAZINE HCL)"
  },
  {
    "code" : "A025230100",
    "display" : "DOGWEISU CAPSULES 50MG (SULPIRIDE)"
  },
  {
    "code" : "A019299157",
    "display" : "PANDOL LIQUID (HALOPERIDOL) \"PANBIOTIC\""
  },
  {
    "code" : "A019299177",
    "display" : "PANDOL LIQUID (HALOPERIDOL) \"PANBIOTIC\""
  },
  {
    "code" : "A019299199",
    "display" : "PANDOL LIQUID (HALOPERIDOL) \"PANBIOTIC\""
  },
  {
    "code" : "A019308100",
    "display" : "THIODAZINE S.C. TABLETS 25MG (THIORIDAZINE) \" N.Y.\""
  },
  {
    "code" : "A019553100",
    "display" : "HALOLIUM TABLETS (HALOPERIDOL) \"ROYAL\""
  },
  {
    "code" : "A020096100",
    "display" : "SULQUINYL CAPSULES (SULPIRIDE) \"PATRON\""
  },
  {
    "code" : "A020420100",
    "display" : "BININ-U TABLETS 2MG (HALOPERIDOL)"
  },
  {
    "code" : "A020782209",
    "display" : "PANDOL INJECTION (HALOPERIDOL) \"PANBIOTIC\""
  },
  {
    "code" : "A020782212",
    "display" : "PANDOL INJECTION (HALOPERIDOL) \"PANBIOTIC\""
  },
  {
    "code" : "A020879151",
    "display" : "HALOLIUM DROPS \"ROYAL\""
  },
  {
    "code" : "A020879199",
    "display" : "HALOLIUM DROPS \"ROYAL\""
  },
  {
    "code" : "A020940100",
    "display" : "DOMETON CAPSULES (SULPIRIDE) \"AND\""
  },
  {
    "code" : "A021158212",
    "display" : "SULQUINYL INJECTION \"PATRON\" (SULPIRIDE)"
  },
  {
    "code" : "A021199100",
    "display" : "SULPIRIDE CAPSULES \"JOHNSON\""
  },
  {
    "code" : "A021201100",
    "display" : "FUZINE S.C. TABLETS (TRIFLUOPERAZINE HCL) \"SHIN FONG\""
  },
  {
    "code" : "A021509100",
    "display" : "SOLARGIN F.C. TABLETS 100MG (CHLORPROMAZINE)\"GCPC\""
  },
  {
    "code" : "A022272209",
    "display" : "BININ-U INJECTION (HALOPERIDOL)"
  },
  {
    "code" : "A022272212",
    "display" : "BININ-U INJECTION (HALOPERIDOL) \"SWISS\""
  },
  {
    "code" : "A022297135",
    "display" : "BININ-U SOLUTION (HALOPERIDOL) \"SWISS\""
  },
  {
    "code" : "A022297157",
    "display" : "BININ-U SOLUTION (HALOPERIDOL) \"SWISS\""
  },
  {
    "code" : "A022297199",
    "display" : "BININ-U SOLUTION (HALOPERIDOL) \"SWISS\""
  },
  {
    "code" : "A022339100",
    "display" : "ULCUS CAPSULES (SULPIRIDE) \"M.S.\""
  },
  {
    "code" : "A023026100",
    "display" : "SULPIDE TABLETS (SULPIRIDE) \"H.C.\""
  },
  {
    "code" : "A023029100",
    "display" : "SULPIRID CAPSULES \"H.S.C.\""
  },
  {
    "code" : "A023180100",
    "display" : "SULPIRIDE CAPSULES"
  },
  {
    "code" : "A023213100",
    "display" : "SPIZIN S.C. TABLETS (THIORIDAZINE HYDROCHLORIDE) \"W.P.\""
  },
  {
    "code" : "A023356100",
    "display" : "SU'S CAPSULES (SULPIRIDE) \"CURIE\""
  },
  {
    "code" : "A023379100",
    "display" : "SULPIRIDE TABLETS \"VEIMIN\""
  },
  {
    "code" : "A023466100",
    "display" : "TRIFLUOPERAZINE HCL TABLETS \"S.C.\""
  },
  {
    "code" : "A023511212",
    "display" : "SULPIRIDE INJECTION \"Y.Y.\""
  },
  {
    "code" : "A023572100",
    "display" : "WYPIRIDE CAPSULES (SULPIRIDE) \"S.P.C.\""
  },
  {
    "code" : "A023589100",
    "display" : "LOGMAL CAPSULES (SULPIRIDE) \"M.T.\""
  },
  {
    "code" : "A0235891G0",
    "display" : "LOGMAL CAPSULES (SULPIRIDE) \"M.T.\"(鋁箔/膠箔)"
  },
  {
    "code" : "A023700209",
    "display" : "SULPIRIDE INJECTION \"H.S.C.\""
  },
  {
    "code" : "A023700212",
    "display" : "SULPIRIDE INJECTION \"H.S.C.\""
  },
  {
    "code" : "A023825100",
    "display" : "SPLOTIN TABLETS (SULPIRIDE)"
  },
  {
    "code" : "A024005100",
    "display" : "TEPEZINE F.C. TABLETS (TRIFLUOPERAZINE HCL)"
  }]
}