<?xml version="1.0" encoding="UTF-8"?>

<CodeSystem xmlns="http://hl7.org/fhir">
  <id value="organization-identifier-tw"/>
  <text>
    <status value="generated"/><div xmlns="http://www.w3.org/1999/xhtml">Placeholder</div>
  </text>
  <url value="https://twcore.mohw.gov.tw/ig/twcore/CodeSystem/organization-identifier-tw"/>
  <version value="2022-07-31"/>
  <name value="TWOrganizationIdentifier"/>
  <title value="臺灣醫事機構代碼"/>
  <status value="active"/>
  <experimental value="false"/>
  <date value="2022-07-31"/>
  <contact>
    <name value="衛生福利部"/>
    <telecom>
      <system value="url"/>
      <value value="https://www.mohw.gov.tw/"/>
    </telecom>
    <telecom>
      <system value="email"/>
      <value value="CCYU@mohw.gov.tw"/>
    </telecom>
  </contact>
  <description value="臺灣醫事機構代碼，參照至[https://www.nhi.gov.tw/Content_List.aspx?n=07FEBAA0B8C34D90&amp;topn=5FE8C9FEAE863B46](https://www.nhi.gov.tw/Content_List.aspx?n=07FEBAA0B8C34D90&amp;topn=5FE8C9FEAE863B46)  &#xA;代碼出版日期：2022-07-31；資料所屬單位：衛生福利部中央健康保險署。&#xA;&#xA;*因原始資料無代碼版本資訊，故使用其「更新日期」作為版本資訊。*  &#xA;&#xA;因代碼量較大會使載入頁面時間較長，為方便使用者瀏覽，此處僅擷取部分代碼，完整代碼可至全國專門術語服務平台([https://twcore.mohw.gov.tw/tsfhir/CodeSystem/organization-identifier-tw](https://twcore.mohw.gov.tw/ts/codesystemRead.jsp?id=organization-identifier-tw&amp;status=active&amp;version=2022-07-31&amp;metaId=1&amp;codeStatus=use&amp;show=Y){:target=&quot;_blank&quot;})查閱"/>
  <copyright value="衛生福利部中央健康保險署"/>
  <caseSensitive value="true"/>
  <content value="complete"/>
  <count value="86"/>
  <concept>
    <code value="0101090517"/>
    <display value="臺北市立聯合醫院"/>
  </concept>
  <concept>
    <code value="0502080015"/>
    <display value="國軍高雄總醫院附設民眾診療服務處"/>
  </concept>
  <concept>
    <code value="0545040515"/>
    <display value="國軍花蓮總醫院附設民眾診療服務處"/>
  </concept>
  <concept>
    <code value="0542020011"/>
    <display value="國軍高雄總醫院岡山分院附設民眾診療服務處"/>
  </concept>
  <concept>
    <code value="0501160014"/>
    <display value="三軍總醫院北投分院附設民眾診療服務處"/>
  </concept>
  <concept>
    <code value="0502030015"/>
    <display value="國軍高雄總醫院左營分院附設民眾診療服務處"/>
  </concept>
  <concept>
    <code value="0501010019"/>
    <display value="三軍總醫院松山分院附設民眾診療服務處"/>
  </concept>
  <concept>
    <code value="0532090029"/>
    <display value="國軍桃園總醫院附設民眾診療服務處"/>
  </concept>
  <concept>
    <code value="0512040014"/>
    <display value="國軍桃園總醫院新竹分院附設民眾診療服務處"/>
  </concept>
  <concept>
    <code value="0131020016"/>
    <display value="新北市立聯合醫院"/>
  </concept>
  <concept>
    <code value="0131060010"/>
    <display value="衛生福利部樂生療養院"/>
  </concept>
  <concept>
    <code value="0536190011"/>
    <display value="國軍台中總醫院附設民眾診療服務處"/>
  </concept>
  <concept>
    <code value="0131230012"/>
    <display value="衛生福利部八里療養院"/>
  </concept>
  <concept>
    <code value="0501110514"/>
    <display value="三軍總醫院附設民眾診療服務處"/>
  </concept>
  <concept>
    <code value="0132010023"/>
    <display value="衛生福利部桃園療養院"/>
  </concept>
  <concept>
    <code value="0132110519"/>
    <display value="衛生福利部桃園醫院新屋分院"/>
  </concept>
  <concept>
    <code value="0511040010"/>
    <display value="三軍總醫院基隆分院附設民眾診療服務處"/>
  </concept>
  <concept>
    <code value="0601160016"/>
    <display value="臺北榮民總醫院"/>
  </concept>
  <concept>
    <code value="0634030014"/>
    <display value="臺北榮民總醫院蘇澳分院"/>
  </concept>
  <concept>
    <code value="0632010014"/>
    <display value="臺北榮民總醫院桃園分院"/>
  </concept>
  <concept>
    <code value="0138030010"/>
    <display value="衛生福利部草屯療養院"/>
  </concept>
  <concept>
    <code value="0633030010"/>
    <display value="臺北榮民總醫院新竹分院"/>
  </concept>
  <concept>
    <code value="0645030011"/>
    <display value="臺北榮民總醫院玉里分院"/>
  </concept>
  <concept>
    <code value="0141060513"/>
    <display value="衛生福利部臺南醫院新化分院"/>
  </concept>
  <concept>
    <code value="0141270019"/>
    <display value="衛生福利部胸腔病院"/>
  </concept>
  <concept>
    <code value="0141270028"/>
    <display value="衛生福利部嘉南療養院"/>
  </concept>
  <concept>
    <code value="0701160518"/>
    <display value="臺北市立關渡醫院-委託臺北榮民總醫院經營"/>
  </concept>
  <concept>
    <code value="0617060018"/>
    <display value="臺中榮民總醫院"/>
  </concept>
  <concept>
    <code value="0622020017"/>
    <display value="臺中榮民總醫院嘉義分院"/>
  </concept>
  <concept>
    <code value="0640140012"/>
    <display value="臺中榮民總醫院灣橋分院"/>
  </concept>
  <concept>
    <code value="0638020014"/>
    <display value="臺中榮民總醫院埔里分院"/>
  </concept>
  <concept>
    <code value="0602030026"/>
    <display value="高雄榮民總醫院"/>
  </concept>
  <concept>
    <code value="0145080011"/>
    <display value="衛生福利部花蓮醫院豐濱原住民分院"/>
  </concept>
  <concept>
    <code value="0643130018"/>
    <display value="高雄榮民總醫院屏東分院"/>
  </concept>
  <concept>
    <code value="0146020537"/>
    <display value="衛生福利部臺東醫院成功分院"/>
  </concept>
  <concept>
    <code value="0641310018"/>
    <display value="高雄榮民總醫院臺南分院"/>
  </concept>
  <concept>
    <code value="0131060029"/>
    <display value="衛生福利部臺北醫院"/>
  </concept>
  <concept>
    <code value="0145010019"/>
    <display value="衛生福利部花蓮醫院"/>
  </concept>
  <concept>
    <code value="0111070010"/>
    <display value="衛生福利部基隆醫院"/>
  </concept>
  <concept>
    <code value="0132010014"/>
    <display value="衛生福利部桃園醫院"/>
  </concept>
  <concept>
    <code value="0401180023"/>
    <display value="國立臺灣大學醫學院附設醫院兒童醫院"/>
  </concept>
  <concept>
    <code value="0135010016"/>
    <display value="衛生福利部苗栗醫院"/>
  </concept>
  <concept>
    <code value="0412040012"/>
    <display value="國立臺灣大學醫學院附設醫院新竹臺大分院新竹醫院"/>
  </concept>
  <concept>
    <code value="0136010010"/>
    <display value="衛生福利部豐原醫院"/>
  </concept>
  <concept>
    <code value="0117030010"/>
    <display value="衛生福利部臺中醫院"/>
  </concept>
  <concept>
    <code value="0433030016"/>
    <display value="國立臺灣大學醫學院附設醫院竹東分院"/>
  </concept>
  <concept>
    <code value="0433050018"/>
    <display value="國立臺灣大學醫學院附設醫院新竹臺大分院生醫醫院"/>
  </concept>
  <concept>
    <code value="0137170515"/>
    <display value="衛生福利部彰化醫院"/>
  </concept>
  <concept>
    <code value="0138010027"/>
    <display value="衛生福利部南投醫院"/>
  </concept>
  <concept>
    <code value="0122020517"/>
    <display value="衛生福利部嘉義醫院"/>
  </concept>
  <concept>
    <code value="0140010028"/>
    <display value="衛生福利部朴子醫院"/>
  </concept>
  <concept>
    <code value="0141010013"/>
    <display value="衛生福利部新營醫院"/>
  </concept>
  <concept>
    <code value="0121050011"/>
    <display value="衛生福利部臺南醫院"/>
  </concept>
  <concept>
    <code value="0142030019"/>
    <display value="衛生福利部旗山醫院"/>
  </concept>
  <concept>
    <code value="0143010011"/>
    <display value="衛生福利部屏東醫院"/>
  </concept>
  <concept>
    <code value="0143040019"/>
    <display value="衛生福利部恆春旅遊醫院"/>
  </concept>
  <concept>
    <code value="0146010013"/>
    <display value="衛生福利部臺東醫院"/>
  </concept>
  <concept>
    <code value="0517050010"/>
    <display value="國軍臺中總醫院中清分院附設民眾診療服務處"/>
  </concept>
  <concept>
    <code value="0145030020"/>
    <display value="衛生福利部玉里醫院"/>
  </concept>
  <concept>
    <code value="0144010015"/>
    <display value="衛生福利部澎湖醫院"/>
  </concept>
  <concept>
    <code value="0190030516"/>
    <display value="衛生福利部金門醫院"/>
  </concept>
  <concept>
    <code value="0543010019"/>
    <display value="國軍高雄總醫院屏東分院附設民眾診療服務處"/>
  </concept>
  <concept>
    <code value="0544010031"/>
    <display value="三軍總醫院澎湖分院附設民眾診療服務處"/>
  </concept>
  <concept>
    <code value="0211070012"/>
    <display value="基隆市立醫院"/>
  </concept>
  <concept>
    <code value="0291010010"/>
    <display value="連江縣立醫院"/>
  </concept>
  <concept>
    <code value="0102080017"/>
    <display value="高雄市立民生醫院"/>
  </concept>
  <concept>
    <code value="0102020011"/>
    <display value="高雄市立聯合醫院"/>
  </concept>
  <concept>
    <code value="0807350018"/>
    <display value="高雄市立中醫醫院"/>
  </concept>
  <concept>
    <code value="0102080026"/>
    <display value="高雄市立凱旋醫院"/>
  </concept>
  <concept>
    <code value="0902080013"/>
    <display value="阮綜合醫療社團法人阮綜合醫院"/>
  </concept>
  <concept>
    <code value="0931090014"/>
    <display value="永聖醫療社團法人文化醫院"/>
  </concept>
  <concept>
    <code value="0634070018"/>
    <display value="臺北榮民總醫院員山分院"/>
  </concept>
  <concept>
    <code value="0905320014"/>
    <display value="仁愛醫療社團法人仁愛醫院"/>
  </concept>
  <concept>
    <code value="0943010035"/>
    <display value="優生醫療社團法人優生醫院"/>
  </concept>
  <concept>
    <code value="0907120012"/>
    <display value="燕巢靜和醫療社團法人燕巢靜和醫院"/>
  </concept>
  <concept>
    <code value="0922020013"/>
    <display value="仁德醫療社團法人陳仁德醫院"/>
  </concept>
  <concept>
    <code value="0645020015"/>
    <display value="臺北榮民總醫院鳳林分院"/>
  </concept>
  <concept>
    <code value="0935010012"/>
    <display value="梓榮醫療社團法人弘大醫院"/>
  </concept>
  <concept>
    <code value="0646010013"/>
    <display value="臺北榮民總醫院臺東分院"/>
  </concept>
  <concept>
    <code value="0932020025"/>
    <display value="天成醫療社團法人天晟醫院"/>
  </concept>
  <concept>
    <code value="0943010017"/>
    <display value="寶建醫療社團法人寶建醫院"/>
  </concept>
  <concept>
    <code value="0802070015"/>
    <display value="高雄市立中醫醫院"/>
  </concept>
  <concept>
    <code value="0943040015"/>
    <display value="南門醫療社團法人南門醫院"/>
  </concept>
  <concept>
    <code value="0901020013"/>
    <display value="中山醫療社團法人中山醫院"/>
  </concept>
  <concept>
    <code value="0935020027"/>
    <display value="李綜合醫療社團法人苑裡李綜合醫院"/>
  </concept>
  <concept>
    <code value="0936030018"/>
    <display value="李綜合醫療社團法人大甲李綜合醫院"/>
  </concept>
</CodeSystem>