<?xml version="1.0" encoding="UTF-8"?>

<CodeSystem xmlns="http://hl7.org/fhir">
  <id value="icd-10-cm-2021-tw"/>
  <text>
    <status value="generated"/><div xmlns="http://www.w3.org/1999/xhtml">Placeholder</div>
  </text>
  <url value="https://twcore.mohw.gov.tw/ig/twcore/CodeSystem/icd-10-cm-2021-tw"/>
  <version value="2022-07-29"/>
  <name value="TW2021ICD10CM"/>
  <title value="臺灣2021年中文版ICD-10-CM"/>
  <status value="active"/>
  <experimental value="false"/>
  <date value="2022-07-29"/>
  <contact>
    <name value="衛生福利部"/>
    <telecom>
      <system value="url"/>
      <value value="https://www.mohw.gov.tw/"/>
    </telecom>
    <telecom>
      <system value="email"/>
      <value value="CCYU@mohw.gov.tw"/>
    </telecom>
  </contact>
  <description value="臺灣2021年中文版ICD-10-CM，參照至[https://www.nhi.gov.tw/Content_List.aspx?n=3C0BD93EC042CC67&amp;topn=23C660CAACAA159D](https://www.nhi.gov.tw/Content_List.aspx?n=3C0BD93EC042CC67&amp;topn=23C660CAACAA159D)。    &#xA;代碼出版日期：2022-07-29；資料所屬單位：衛生福利部中央健康保險署。&#xA;&#xA;*因原始資料無代碼版本資訊，故使用其法規「公布日期」作為版本資訊。*   &#xA;&#xA;因代碼量較大會使載入頁面時間較長，為方便使用者瀏覽，此處僅擷取部分代碼，完整代碼可至全國專門術語服務平台([https://twcore.mohw.gov.tw/tsfhir/CodeSystem/icd-10-cm-2021-tw](https://twcore.mohw.gov.tw/ts/codesystemRead.jsp?id=icd-10-cm-2021-tw&amp;status=active&amp;version=2022-07-29&amp;metaId=1&amp;codeStatus=use&amp;show=Y){:target=&quot;_blank&quot;})查閱"/>
  <copyright value="World Health Organization (WHO)"/>
  <caseSensitive value="true"/>
  <content value="complete"/>
  <count value="33"/>
  <concept>
    <code value="A00"/>
    <display value="霍亂"/>
  </concept>
  <concept>
    <code value="A00.0"/>
    <display value="血清型01 cholerae霍亂弧菌所致之霍亂"/>
  </concept>
  <concept>
    <code value="A00.1"/>
    <display value="血清型01 eltor霍亂弧菌所致之霍亂"/>
  </concept>
  <concept>
    <code value="A00.9"/>
    <display value="霍亂"/>
  </concept>
  <concept>
    <code value="A01"/>
    <display value="傷寒及副傷寒"/>
  </concept>
  <concept>
    <code value="A01.0"/>
    <display value="傷寒"/>
  </concept>
  <concept>
    <code value="A01.00"/>
    <display value="傷寒"/>
  </concept>
  <concept>
    <code value="A01.01"/>
    <display value="傷寒腦膜炎"/>
  </concept>
  <concept>
    <code value="A01.02"/>
    <display value="傷寒伴有侵及心臟"/>
  </concept>
  <concept>
    <code value="A01.03"/>
    <display value="傷寒肺炎"/>
  </concept>
  <concept>
    <code value="A01.04"/>
    <display value="傷寒關節炎"/>
  </concept>
  <concept>
    <code value="A01.05"/>
    <display value="傷寒骨髓炎"/>
  </concept>
  <concept>
    <code value="A01.09"/>
    <display value="傷寒熱伴有其他併發症"/>
  </concept>
  <concept>
    <code value="A01.1"/>
    <display value="A型副傷寒"/>
  </concept>
  <concept>
    <code value="A01.2"/>
    <display value="B型副傷寒"/>
  </concept>
  <concept>
    <code value="A01.3"/>
    <display value="C型副傷寒"/>
  </concept>
  <concept>
    <code value="A01.4"/>
    <display value="副傷寒"/>
  </concept>
  <concept>
    <code value="E08.649"/>
    <display value="起因於潛在病的糖尿病，伴有低血糖，未伴有昏迷"/>
  </concept>
  <concept>
    <code value="E08.65"/>
    <display value="起因於潛在病的糖尿病，伴有高血糖"/>
  </concept>
  <concept>
    <code value="E08.69"/>
    <display value="起因於潛在病的糖尿病，伴有其他特定併發症"/>
  </concept>
  <concept>
    <code value="E08.8"/>
    <display value="起因於潛在病的糖尿病，伴有未明示之併發症"/>
  </concept>
  <concept>
    <code value="E08.9"/>
    <display value="起因於潛在病的糖尿病，未伴有併發症"/>
  </concept>
  <concept>
    <code value="E09"/>
    <display value="藥物或化學物導致之糖尿病"/>
  </concept>
  <concept>
    <code value="E09.0"/>
    <display value="藥物或化學物導致之糖尿病，伴有高滲透壓"/>
  </concept>
  <concept>
    <code value="E09.00"/>
    <display value="藥物或化學物導致之糖尿病，伴有高滲透壓，未伴有非酮病之高血糖-高滲透壓的昏迷"/>
  </concept>
  <concept>
    <code value="E09.01"/>
    <display value="藥物或化學物導致之糖尿病，伴有高滲透壓，伴有昏迷"/>
  </concept>
  <concept>
    <code value="E09.1"/>
    <display value="藥物或化學物導致之糖尿病，伴有酮酸中毒"/>
  </concept>
  <concept>
    <code value="E09.10"/>
    <display value="藥物或化學物導致之糖尿病，伴有酮酸中毒，未伴有昏迷"/>
  </concept>
  <concept>
    <code value="E09.11"/>
    <display value="藥物或化學物導致之糖尿病，伴有酮酸中毒，伴有昏迷"/>
  </concept>
  <concept>
    <code value="E09.2"/>
    <display value="藥物或化學物導致之糖尿病，伴有腎臟併發症"/>
  </concept>
  <concept>
    <code value="E09.21"/>
    <display value="藥物或化學物導致之糖尿病，伴有糖尿病的腎臟病變"/>
  </concept>
  <concept>
    <code value="E09.22"/>
    <display value="藥物或化學物導致之糖尿病，糖尿病的慢性腎臟疾病"/>
  </concept>
  <concept>
    <code value="E09.29"/>
    <display value="藥物或化學物導致之糖尿病，伴有其他糖尿病的腎臟併發症"/>
  </concept>
</CodeSystem>