{
  "resourceType" : "CodeSystem",
  "id" : "medication-device-fda-tw",
  "text" : {
    "status" : "generated",
    "div" : "<div xmlns=\"http://www.w3.org/1999/xhtml\">Placeholder</div>"
  },
  "url" : "https://twcore.mohw.gov.tw/ig/twcore/CodeSystem/medication-device-fda-tw",
  "version" : "2022-08-08",
  "name" : "TWMedicationDeviceFDA",
  "title" : "臺灣醫療器材許可證",
  "status" : "active",
  "experimental" : false,
  "date" : "2022-08-08",
  "contact" : [{
    "name" : "衛生福利部",
    "telecom" : [{
      "system" : "url",
      "value" : "https://www.mohw.gov.tw/"
    },
    {
      "system" : "email",
      "value" : "CCYU@mohw.gov.tw"
    }]
  }],
  "description" : "臺灣醫療器材許可證，參照自[https://data.fda.gov.tw/frontsite/data/DataAction.do?method=doDetail&infoId=68](https://data.fda.gov.tw/frontsite/data/DataAction.do?method=doDetail&infoId=68)  \n代碼出版日期：2022-08-08；資料所屬單位：衛生福利部食品藥物管理署。\n\n*因原始資料無代碼版本資訊，故使用其「更新日期」作為版本資訊。*  \n\n因代碼量較大會使載入頁面時間較長，為方便使用者瀏覽，此處僅擷取部分代碼，完整代碼可至全國專門術語服務平台([https://twcore.mohw.gov.tw/tsfhir/CodeSystem/medication-device-fda-tw](https://twcore.mohw.gov.tw/ts/codesystemRead.jsp?id=medication-device-fda-tw&status=active&version=2022-08-08&metaId=1&codeStatus=use&show=Y){:target=\"_blank\"})查閱",
  "copyright" : "衛生福利部食品藥物管理署",
  "caseSensitive" : true,
  "content" : "complete",
  "count" : 72,
  "concept" : [{
    "code" : "衛部醫器輸字第032535號",
    "display" : "\"靈威特\"麥克費爾電池式動力系統"
  },
  {
    "code" : "衛部醫器輸字第032536號",
    "display" : "\"美萊格\"蒸氣滅菌器"
  },
  {
    "code" : "衛部醫器輸字第032537號",
    "display" : "\"雷柏瑞\"膀胱注射針"
  },
  {
    "code" : "衛部醫器輸字第032538號",
    "display" : "\"史得勞曼\"牙科植體系統(骨高度全錐型)-癒合用配件"
  },
  {
    "code" : "衛部醫器輸字第032539號",
    "display" : "\"史賽克\"排煙筆及其電極"
  },
  {
    "code" : "衛部醫器輸字第032540號",
    "display" : "\"奧林柏斯\"電燒灼裝置"
  },
  {
    "code" : "衛部醫器輸字第032541號",
    "display" : "\"奧林柏斯\"高頻切除電極"
  },
  {
    "code" : "衛部醫器輸字第032542號",
    "display" : "3M舒適繃含藥型"
  },
  {
    "code" : "衛部醫器輸字第032543號",
    "display" : "\"史得勞曼\"多功能支台齒"
  },
  {
    "code" : "衛部醫器輸字第032544號",
    "display" : "\"柏朗\"雅氏後路椎間盤融合系統"
  },
  {
    "code" : "衛部醫器輸字第032545號",
    "display" : "\"悅廷和\"蒸氣滅菌器"
  },
  {
    "code" : "衛部醫器輸字第032546號",
    "display" : "\"史泰瑞\"消化道止血夾系統"
  },
  {
    "code" : "衛部醫器輸字第032547號",
    "display" : "\"泰妍醫療\"貝雷思球囊椎體成形術套組"
  },
  {
    "code" : "衛部醫器輸字第032548號",
    "display" : "\"柯惠\"索尼西迅彎鉗無線超音波刀系統"
  },
  {
    "code" : "衛部醫器輸字第032549號",
    "display" : "\"滴愛畢\"間歇自我導尿管"
  },
  {
    "code" : "衛部醫器輸字第032550號",
    "display" : "\"伸特耐-脊椎\"司特立頸椎椎間融合器"
  },
  {
    "code" : "衛部醫器輸字第032551號",
    "display" : "\"恩伊\"簡單植軟體系統"
  },
  {
    "code" : "衛部醫器輸字第032552號",
    "display" : "\"飛利浦\"醫療影像傳輸、處理暨儲存系統"
  },
  {
    "code" : "衛部醫器輸字第032553號",
    "display" : "\"日本光電\"床邊生理監視器"
  },
  {
    "code" : "衛部醫器輸字第032554號",
    "display" : "\"美瑞特\"赫思瓣可控式導引鞘管"
  },
  {
    "code" : "衛部醫器輸字第032555號",
    "display" : "\"銳能\"預裝式疏水性非球面人工水晶體推注系統"
  },
  {
    "code" : "衛部醫器輸字第032556號",
    "display" : "\"博醫來\"電腦治療計畫系統"
  },
  {
    "code" : "衛部醫器輸字第032557號",
    "display" : "\"卡比\"艾捷莉幫浦整合系統"
  },
  {
    "code" : "衛部醫器輸字第032558號",
    "display" : "\"瑞思邁\"艾克舒氣道正壓呼吸器"
  },
  {
    "code" : "衛部醫器輸字第032559號",
    "display" : "\"思倍秀\"影像引導導管"
  },
  {
    "code" : "衛部醫器輸字第032560號",
    "display" : "\"全頌尼科\"愛雅莎體外維生系統監視儀"
  },
  {
    "code" : "衛部醫器輸字第032561號",
    "display" : "\"西門子\"磁振造影儀"
  },
  {
    "code" : "衛部醫器輸字第032562號",
    "display" : "\"蔡司\"眼部光學斷層掃描儀"
  },
  {
    "code" : "衛部醫器輸字第032563號",
    "display" : "\"磊仕\"陽壓呼吸系統"
  },
  {
    "code" : "衛部醫器輸字第032564號",
    "display" : "\"席科特\"手術計畫軟體"
  },
  {
    "code" : "衛部醫器輸字第032565號",
    "display" : "海豚牙科影像規劃軟體"
  },
  {
    "code" : "衛部醫器輸字第032566號",
    "display" : "\"恩提愛\"瑞艾特導管"
  },
  {
    "code" : "衛部醫器輸字第032567號",
    "display" : "\"西門子\"單光子電腦斷層/電腦斷層掃描儀"
  },
  {
    "code" : "衛部醫器輸字第032568號",
    "display" : "\"西門子\"超音波系統"
  },
  {
    "code" : "衛部醫器輸字第032569號",
    "display" : "BD福徠喜預充式導管沖洗器"
  },
  {
    "code" : "衛部醫器輸字第032570號",
    "display" : "\"蔡司\"全飛秒雷射角膜儀"
  },
  {
    "code" : "衛部醫器輸字第032571號",
    "display" : "\"飛利浦\"磁振造影系統"
  },
  {
    "code" : "衛部醫器輸字第032572號",
    "display" : "\"柯惠\"雪莉經口/鼻無氣囊氣管內管"
  },
  {
    "code" : "衛部醫器輸字第032573號",
    "display" : "福樂顯連續式輸液套組"
  },
  {
    "code" : "衛部醫器輸字第032574號",
    "display" : "\"護比自\"非接觸式眼壓計/角膜厚度測量儀"
  },
  {
    "code" : "衛部醫器輸字第032575號",
    "display" : "\"諾寧\"多功能血氧測量系統"
  },
  {
    "code" : "衛部醫器輸字第032576號",
    "display" : "\"摩托拉\"心電圖機"
  },
  {
    "code" : "衛部醫器輸字第032577號",
    "display" : "\"飛利浦\"臨床資訊系統"
  },
  {
    "code" : "衛部醫器輸字第032578號",
    "display" : "\"西門子\"磁振造影儀"
  },
  {
    "code" : "衛部醫器輸字第032579號",
    "display" : "三曼西歐影像工作站"
  },
  {
    "code" : "衛部醫器輸字第032580號",
    "display" : "希艾斯影像工作站"
  },
  {
    "code" : "衛部醫器輸字第032581號",
    "display" : "\"柯惠\"奈普特呼吸器"
  },
  {
    "code" : "衛部醫器輸字第032582號",
    "display" : "\"朝日\"塞時給雙腔導管"
  },
  {
    "code" : "衛部醫器輸字第032583號",
    "display" : "\"錫樂\"心電圖系統"
  },
  {
    "code" : "衛部醫器輸字第032584號",
    "display" : "\"瑞思邁\"易適面罩"
  },
  {
    "code" : "衛部醫器輸字第032585號",
    "display" : "\"比提翼\"醫療可測量用運動設備"
  },
  {
    "code" : "衛部醫器輸字第032586號",
    "display" : "\"蔡司\"廣角眼底攝影機"
  },
  {
    "code" : "衛部醫器輸字第032587號",
    "display" : "\"飛利浦\"電腦斷層造影系統"
  },
  {
    "code" : "衛部醫器輸字第032588號",
    "display" : "\"波士頓科技\"安博倫電極傳送系統"
  },
  {
    "code" : "衛部醫器輸字第032589號",
    "display" : "\"環科\"醫學影像處理軟體"
  },
  {
    "code" : "衛部醫器輸字第032590號",
    "display" : "\"亞瑟\"立適紅外線雷射治療儀"
  },
  {
    "code" : "衛部醫器輸字第032591號",
    "display" : "\"美敦力\"亞善達植入式脊髓腔內導管"
  },
  {
    "code" : "衛署醫器輸壹字第000766號",
    "display" : "亞培新世代4000白血球試劑B"
  },
  {
    "code" : "衛署醫器輸壹字第000767號",
    "display" : "\"康美-靈威特\"鋼針打入器(未滅菌)"
  },
  {
    "code" : "衛署醫器輸壹字第000768號",
    "display" : "傑仕第根管長度測量儀"
  },
  {
    "code" : "衛署醫器輸壹字第000769號",
    "display" : "康威護膜抹巾(未滅菌)"
  },
  {
    "code" : "衛署醫器輸壹字第000770號",
    "display" : "\"必帝\"生物環境培養系統(未滅菌)"
  },
  {
    "code" : "衛署醫器輸壹字第000771號",
    "display" : "優湃彎曲桿菌鑑定套組(滅菌)"
  },
  {
    "code" : "衛署醫器輸壹字第000772號",
    "display" : "優湃革蘭氏陰性菌鑑定套組(滅菌)"
  },
  {
    "code" : "衛署醫器輸壹字第000773號",
    "display" : "優湃厭氧菌鑑定套組(滅菌)"
  },
  {
    "code" : "衛署醫器輸壹字第000774號",
    "display" : "亞培乳酸脫氫酶試劑"
  },
  {
    "code" : "衛署醫器輸壹字第000775號",
    "display" : "\"理聲\"貝爾通助聽器(未滅菌)"
  },
  {
    "code" : "衛署醫器輸壹字第000776號",
    "display" : "亞培TDx溶液系統組"
  },
  {
    "code" : "衛署醫器輸壹字第000777號",
    "display" : "3M牙科矯正頰側管(未滅菌)"
  },
  {
    "code" : "衛署醫器輸壹字第000778號",
    "display" : "韓福瑞視野計"
  },
  {
    "code" : "衛署醫器輸壹字第000779號",
    "display" : "\"西門子\"N抗人類血清之載體脂蛋白B檢驗試劑(未滅菌)"
  },
  {
    "code" : "衛署醫器輸壹字第000780號",
    "display" : "日水GAM半固體培養基(未滅菌)"
  }]
}