<?xml version="1.0" encoding="UTF-8"?>

<CodeSystem xmlns="http://hl7.org/fhir">
  <id value="medication-frequency-tw"/>
  <text>
    <status value="generated"/><div xmlns="http://www.w3.org/1999/xhtml">Placeholder</div>
  </text>
  <url value="https://twcore.mohw.gov.tw/ig/twcore/CodeSystem/medication-frequency-tw"/>
  <version value="2022-01-28"/>
  <name value="TWMedicationFrequency"/>
  <title value="臺灣藥品使用頻率"/>
  <status value="active"/>
  <experimental value="false"/>
  <date value="2014-03-05"/>
  <contact>
    <name value="衛生福利部"/>
    <telecom>
      <system value="url"/>
      <value value="https://www.mohw.gov.tw/"/>
    </telecom>
    <telecom>
      <system value="email"/>
      <value value="CCYU@mohw.gov.tw"/>
    </telecom>
  </contact>
  <description value="臺灣藥品使用頻率，參照至[https://dep.mohw.gov.tw/dos/lp-2503-113-xCat-DOS_dc002.html](https://dep.mohw.gov.tw/dos/lp-2503-113-xCat-DOS_dc002.html)-[Health06_全民健保處方及治療醫令明細檔_藥局](https://www.mohw.gov.tw/dl-16099-93a2fb9d-25a4-4e80-9508-88f5b317f6f9.html)  &#xD;&#xA;代碼出版日期：2014-03-05；資料所屬單位：衛生福利部統計處。&#xD;&#xA;&#xD;&#xA;*因原始資料無代碼版本資訊，故使用其「更新日期」作為版本資訊。*"/>
  <copyright value="衛生福利部統計處"/>
  <caseSensitive value="true"/>
  <content value="complete"/>
  <count value="33"/>
  <property>
    <code value="frequency"/>
    <description value="藥品使用頻率"/>
    <type value="string"/>
  </property>
  <concept>
    <code value="QW(x,y,z..)"/>
    <display value="每星期x,y,z…使用(x,y,z為一至六、日)"/>
    <property>
      <code value="frequency"/>
      <valueString value="非每日常規使用頻率"/>
    </property>
  </concept>
  <concept>
    <code value="yWzD"/>
    <display value="每y星期用z天(y,z=1,2,3….)"/>
    <property>
      <code value="frequency"/>
      <valueString value="非每日常規使用頻率"/>
    </property>
  </concept>
  <concept>
    <code value="MCDxDy"/>
    <display value="月經第x天至第y天使用(x,y=1,2,3….)"/>
    <property>
      <code value="frequency"/>
      <valueString value="非每日常規使用頻率"/>
    </property>
  </concept>
  <concept>
    <code value="QxD"/>
    <display value="每x日一次(x=2,3,4,….)"/>
    <property>
      <code value="frequency"/>
      <valueString value="非每日常規使用頻率"/>
    </property>
  </concept>
  <concept>
    <code value="QxW"/>
    <display value="每x星期一次(x,y=1,2,3,4,….)"/>
    <property>
      <code value="frequency"/>
      <valueString value="非每日常規使用頻率"/>
    </property>
  </concept>
  <concept>
    <code value="QxM"/>
    <display value="每x月一次(x,y=1,2,3,4,….)"/>
    <property>
      <code value="frequency"/>
      <valueString value="非每日常規使用頻率"/>
    </property>
  </concept>
  <concept>
    <code value="QW"/>
    <display value="每週一次"/>
    <property>
      <code value="frequency"/>
      <valueString value="非每日常規使用頻率"/>
    </property>
  </concept>
  <concept>
    <code value="BIW"/>
    <display value="每週二次"/>
    <property>
      <code value="frequency"/>
      <valueString value="非每日常規使用頻率"/>
    </property>
  </concept>
  <concept>
    <code value="TIW"/>
    <display value="每週三次"/>
    <property>
      <code value="frequency"/>
      <valueString value="非每日常規使用頻率"/>
    </property>
  </concept>
  <concept>
    <code value="STAT"/>
    <display value="立刻使用"/>
    <property>
      <code value="frequency"/>
      <valueString value="非每日常規使用頻率"/>
    </property>
  </concept>
  <concept>
    <code value="ASORDER"/>
    <display value="依照醫師指示使用"/>
    <property>
      <code value="frequency"/>
      <valueString value="每日常規使用頻率"/>
    </property>
  </concept>
  <concept>
    <code value="QxH"/>
    <display value="每x小時使用一次(x=1,2,3,4…)"/>
    <property>
      <code value="frequency"/>
      <valueString value="每日常規使用頻率"/>
    </property>
  </concept>
  <concept>
    <code value="QxMN"/>
    <display value="每x分鐘使用一次(x=1,2,3,4…)"/>
    <property>
      <code value="frequency"/>
      <valueString value="每日常規使用頻率"/>
    </property>
  </concept>
  <concept>
    <code value="QD"/>
    <display value="每日一次"/>
    <property>
      <code value="frequency"/>
      <valueString value="每日常規使用頻率"/>
    </property>
  </concept>
  <concept>
    <code value="QDAM"/>
    <display value="每日一次上午使用"/>
    <property>
      <code value="frequency"/>
      <valueString value="每日常規使用頻率"/>
    </property>
  </concept>
  <concept>
    <code value="QDPM"/>
    <display value="每日一次下午使用"/>
    <property>
      <code value="frequency"/>
      <valueString value="每日常規使用頻率"/>
    </property>
  </concept>
  <concept>
    <code value="QDHS"/>
    <display value="每日一次睡前使用"/>
    <property>
      <code value="frequency"/>
      <valueString value="每日常規使用頻率"/>
    </property>
  </concept>
  <concept>
    <code value="QN"/>
    <display value="每晚使用一次"/>
    <property>
      <code value="frequency"/>
      <valueString value="每日常規使用頻率"/>
    </property>
  </concept>
  <concept>
    <code value="BID"/>
    <display value="每日二次"/>
    <property>
      <code value="frequency"/>
      <valueString value="每日常規使用頻率"/>
    </property>
  </concept>
  <concept>
    <code value="QAM&amp;HS"/>
    <display value="上午使用一次且睡前一次"/>
    <property>
      <code value="frequency"/>
      <valueString value="每日常規使用頻率"/>
    </property>
  </concept>
  <concept>
    <code value="QPM&amp;HS"/>
    <display value="下午使用一次且睡前一次"/>
    <property>
      <code value="frequency"/>
      <valueString value="每日常規使用頻率"/>
    </property>
  </concept>
  <concept>
    <code value="QAM&amp;PM"/>
    <display value="每日上、下午各使用一次"/>
    <property>
      <code value="frequency"/>
      <valueString value="每日常規使用頻率"/>
    </property>
  </concept>
  <concept>
    <code value="TID"/>
    <display value="每日三次"/>
    <property>
      <code value="frequency"/>
      <valueString value="每日常規使用頻率"/>
    </property>
  </concept>
  <concept>
    <code value="BID&amp;HS"/>
    <display value="每日二次且睡前一次"/>
    <property>
      <code value="frequency"/>
      <valueString value="每日常規使用頻率"/>
    </property>
  </concept>
  <concept>
    <code value="QID"/>
    <display value="每日四次"/>
    <property>
      <code value="frequency"/>
      <valueString value="每日常規使用頻率"/>
    </property>
  </concept>
  <concept>
    <code value="TID&amp;HS"/>
    <display value="每日三次且睡前一次"/>
    <property>
      <code value="frequency"/>
      <valueString value="每日常規使用頻率"/>
    </property>
  </concept>
  <concept>
    <code value="AC"/>
    <display value="飯前"/>
    <property>
      <code value="frequency"/>
      <valueString value="服用時間"/>
    </property>
  </concept>
  <concept>
    <code value="ACxH"/>
    <display value="飯前x小時使用"/>
    <property>
      <code value="frequency"/>
      <valueString value="服用時間"/>
    </property>
  </concept>
  <concept>
    <code value="ACxM"/>
    <display value="飯前x分鐘使用"/>
    <property>
      <code value="frequency"/>
      <valueString value="服用時間"/>
    </property>
  </concept>
  <concept>
    <code value="PC"/>
    <display value="飯後"/>
    <property>
      <code value="frequency"/>
      <valueString value="服用時間"/>
    </property>
  </concept>
  <concept>
    <code value="PCxH"/>
    <display value="飯後x小時使用"/>
    <property>
      <code value="frequency"/>
      <valueString value="服用時間"/>
    </property>
  </concept>
  <concept>
    <code value="PCxM"/>
    <display value="飯後x分鐘使用"/>
    <property>
      <code value="frequency"/>
      <valueString value="服用時間"/>
    </property>
  </concept>
  <concept>
    <code value="prn"/>
    <display value="需要時使用"/>
    <property>
      <code value="frequency"/>
      <valueString value="prn"/>
    </property>
  </concept>
</CodeSystem>