{
  "resourceType" : "CodeSystem",
  "id" : "icd-10-cm-2014-tw",
  "text" : {
    "status" : "generated",
    "div" : "<div xmlns=\"http://www.w3.org/1999/xhtml\">Placeholder</div>"
  },
  "url" : "https://twcore.mohw.gov.tw/ig/twcore/CodeSystem/icd-10-cm-2014-tw",
  "version" : "2017-07-19",
  "name" : "TW2014ICD10CM",
  "title" : "臺灣2014年中文版ICD-10-CM",
  "status" : "active",
  "experimental" : false,
  "date" : "2014-07-17",
  "contact" : [{
    "name" : "衛生福利部",
    "telecom" : [{
      "system" : "url",
      "value" : "https://www.mohw.gov.tw/"
    },
    {
      "system" : "email",
      "value" : "CCYU@mohw.gov.tw"
    }]
  }],
  "description" : "臺灣2014年中文版ICD-10-CM，參照至[https://www.nhi.gov.tw/Content_List.aspx?n=3C0BD93EC042CC67&topn=23C660CAACAA159D](https://www.nhi.gov.tw/Content_List.aspx?n=3C0BD93EC042CC67&topn=23C660CAACAA159D)。  \n代碼出版日期：2022-07-29；資料所屬單位：衛生福利部中央健康保險署。\n\n*因原始資料無代碼版本資訊，故使用其法規「公布日期」作為版本資訊。*  \n\n因代碼量較大會使載入頁面時間較長，為方便使用者瀏覽，此處僅擷取部分代碼，完整代碼可至全國專門術語服務平台([https://twcore.mohw.gov.tw/tsfhir/CodeSystem/icd-10-cm-2014-tw](https://twcore.mohw.gov.tw/ts/codesystemRead.jsp?id=icd-10-cm-2014-tw&status=active&version=2017-07-19&metaId=1&codeStatus=use&show=Y){:target=\"_blank\"})查閱",
  "copyright" : "World Health Organization (WHO)",
  "caseSensitive" : true,
  "content" : "complete",
  "count" : 219,
  "concept" : [{
    "code" : "A00",
    "display" : "霍亂"
  },
  {
    "code" : "A00.0",
    "display" : "血清型01 cholerae霍亂弧菌所致之霍亂"
  },
  {
    "code" : "A00.1",
    "display" : "血清型01 eltor霍亂弧菌所致之霍亂"
  },
  {
    "code" : "A00.9",
    "display" : "霍亂"
  },
  {
    "code" : "A01",
    "display" : "傷寒及副傷寒"
  },
  {
    "code" : "A01.0",
    "display" : "傷寒"
  },
  {
    "code" : "A01.00",
    "display" : "傷寒"
  },
  {
    "code" : "A01.01",
    "display" : "傷寒腦膜炎"
  },
  {
    "code" : "A01.02",
    "display" : "傷寒伴有侵及心臟"
  },
  {
    "code" : "A01.03",
    "display" : "傷寒肺炎"
  },
  {
    "code" : "A01.04",
    "display" : "傷寒關節炎"
  },
  {
    "code" : "A01.05",
    "display" : "傷寒骨髓炎"
  },
  {
    "code" : "A01.09",
    "display" : "傷寒熱伴有其他併發症"
  },
  {
    "code" : "A01.1",
    "display" : "A型副傷寒"
  },
  {
    "code" : "A01.2",
    "display" : "B型副傷寒"
  },
  {
    "code" : "A01.3",
    "display" : "C型副傷寒"
  },
  {
    "code" : "A01.4",
    "display" : "副傷寒"
  },
  {
    "code" : "A02",
    "display" : "其他沙門感染"
  },
  {
    "code" : "A02.0",
    "display" : "沙門桿菌腸炎"
  },
  {
    "code" : "A02.1",
    "display" : "沙門桿菌敗血症"
  },
  {
    "code" : "A02.2",
    "display" : "局部沙門感染"
  },
  {
    "code" : "A02.20",
    "display" : "局部沙門桿菌感染"
  },
  {
    "code" : "A02.21",
    "display" : "沙門桿菌腦膜炎"
  },
  {
    "code" : "A02.22",
    "display" : "沙門桿菌肺炎"
  },
  {
    "code" : "A02.23",
    "display" : "沙門桿菌關節炎"
  },
  {
    "code" : "A02.24",
    "display" : "沙門桿菌骨髓炎"
  },
  {
    "code" : "A02.25",
    "display" : "沙門桿菌腎盂腎炎"
  },
  {
    "code" : "A02.29",
    "display" : "沙門桿菌伴有其他局部感染"
  },
  {
    "code" : "A02.8",
    "display" : "其他特定之沙門桿菌感染"
  },
  {
    "code" : "A02.9",
    "display" : "沙門桿菌感染"
  },
  {
    "code" : "A03",
    "display" : "志賀桿菌病"
  },
  {
    "code" : "A03.0",
    "display" : "痢疾性志賀桿菌所致之志賀桿菌病"
  },
  {
    "code" : "A03.1",
    "display" : "Shigella flexneri所致之志賀桿菌病"
  },
  {
    "code" : "A03.2",
    "display" : "Shigella boydii所致之志賀桿菌病"
  },
  {
    "code" : "A03.3",
    "display" : "Shigella sonnei所致之志賀桿菌病"
  },
  {
    "code" : "A03.8",
    "display" : "其他志賀桿菌病"
  },
  {
    "code" : "A03.9",
    "display" : "志賀桿菌病"
  },
  {
    "code" : "A04",
    "display" : "其他細菌性腸道感染"
  },
  {
    "code" : "A04.0",
    "display" : "腸致病性大腸桿菌感染"
  },
  {
    "code" : "A04.1",
    "display" : "產腸毒大腸桿菌感染"
  },
  {
    "code" : "A04.2",
    "display" : "腸侵襲性大腸桿菌感染"
  },
  {
    "code" : "A04.3",
    "display" : "腸出血性大腸桿菌感染"
  },
  {
    "code" : "A04.4",
    "display" : "其他大腸桿菌腸道感染"
  },
  {
    "code" : "A04.5",
    "display" : "彎曲桿菌腸炎"
  },
  {
    "code" : "A04.6",
    "display" : "小腸結腸耶氏菌所致腸炎"
  },
  {
    "code" : "A04.7",
    "display" : "艱難梭菌所致腸道感染"
  },
  {
    "code" : "A04.8",
    "display" : "其他特定之細菌性腸道感染"
  },
  {
    "code" : "A04.9",
    "display" : "細菌性腸道感染"
  },
  {
    "code" : "A05",
    "display" : "其他細菌性食物中毒，他處未歸類者"
  },
  {
    "code" : "A05.0",
    "display" : "葡萄球菌食物中毒"
  },
  {
    "code" : "A05.1",
    "display" : "臘腸桿菌食物中毒"
  },
  {
    "code" : "A05.2",
    "display" : "產氣梭狀桿菌(魏氏梭菌)食物中毒"
  },
  {
    "code" : "A05.3",
    "display" : "副溶血弧菌食物中毒"
  },
  {
    "code" : "A05.4",
    "display" : "蜡狀桿菌食物中毒"
  },
  {
    "code" : "A05.5",
    "display" : "創傷弧菌食物中毒"
  },
  {
    "code" : "A05.8",
    "display" : "其他特定之細菌性食物中毒"
  },
  {
    "code" : "A05.9",
    "display" : "細菌性食物中毒"
  },
  {
    "code" : "A06",
    "display" : "阿米巴病"
  },
  {
    "code" : "A06.0",
    "display" : "急性阿米巴性痢疾"
  },
  {
    "code" : "A06.1",
    "display" : "慢性腸道阿米巴病"
  },
  {
    "code" : "A06.2",
    "display" : "阿米巴性非痢疾性大腸炎"
  },
  {
    "code" : "A06.3",
    "display" : "腸道阿米巴腫"
  },
  {
    "code" : "A06.4",
    "display" : "阿米巴性肝膿瘍"
  },
  {
    "code" : "A06.5",
    "display" : "阿米巴性肺膿瘍"
  },
  {
    "code" : "A06.6",
    "display" : "阿米巴性腦膿瘍"
  },
  {
    "code" : "A06.7",
    "display" : "阿米巴性皮膚病"
  },
  {
    "code" : "A06.8",
    "display" : "其他部位阿米巴感染"
  },
  {
    "code" : "A06.81",
    "display" : "阿米巴性膀胱炎"
  },
  {
    "code" : "A06.82",
    "display" : "其他阿米巴性泌尿生殖道感染"
  },
  {
    "code" : "A06.89",
    "display" : "其他阿米巴感染"
  },
  {
    "code" : "A06.9",
    "display" : "阿米巴病"
  },
  {
    "code" : "A07",
    "display" : "其他原蟲性腸道疾病"
  },
  {
    "code" : "A07.0",
    "display" : "大腸纖毛蟲病"
  },
  {
    "code" : "A07.1",
    "display" : "梨形鞭毛蟲病[腸梨形蟲病]"
  },
  {
    "code" : "A07.2",
    "display" : "隱孢子蟲病"
  },
  {
    "code" : "A07.3",
    "display" : "孢球蟲病"
  },
  {
    "code" : "A07.4",
    "display" : "環孢蟲病"
  },
  {
    "code" : "A07.8",
    "display" : "其他特定原蟲性腸道疾病"
  },
  {
    "code" : "A07.9",
    "display" : "原蟲性腸道疾病"
  },
  {
    "code" : "A08",
    "display" : "病毒及其他特定腸道感染"
  },
  {
    "code" : "A08.0",
    "display" : "輪狀病毒性腸炎"
  },
  {
    "code" : "A08.1",
    "display" : "類諾瓦克病毒及其他小型球型病毒所致之急性胃腸病變"
  },
  {
    "code" : "A08.11",
    "display" : "類諾瓦克病毒所致之急性胃腸病變"
  },
  {
    "code" : "A08.19",
    "display" : "小型球型病毒所致之急性胃腸病變"
  },
  {
    "code" : "A08.2",
    "display" : "腺病毒性腸炎"
  },
  {
    "code" : "A08.3",
    "display" : "其他病毒性腸炎"
  },
  {
    "code" : "A08.31",
    "display" : "杯狀病毒性腸炎"
  },
  {
    "code" : "A08.32",
    "display" : "星狀病毒性腸炎"
  },
  {
    "code" : "A08.39",
    "display" : "其他病毒性腸炎"
  },
  {
    "code" : "A08.4",
    "display" : "病毒性腸道病毒感染"
  },
  {
    "code" : "A08.8",
    "display" : "其他特定腸道感染"
  },
  {
    "code" : "A09",
    "display" : "感染性胃腸炎及大腸炎"
  },
  {
    "code" : "A15",
    "display" : "呼吸道結核病"
  },
  {
    "code" : "A15.0",
    "display" : "肺結核"
  },
  {
    "code" : "A15.4",
    "display" : "胸腔內淋巴結結核"
  },
  {
    "code" : "A15.5",
    "display" : "喉、氣管及支氣管結核"
  },
  {
    "code" : "A15.6",
    "display" : "結核性肋膜炎"
  },
  {
    "code" : "A15.7",
    "display" : "原發性結核"
  },
  {
    "code" : "A15.8",
    "display" : "其他呼吸道結核"
  },
  {
    "code" : "A15.9",
    "display" : "呼吸道結核病"
  },
  {
    "code" : "A17",
    "display" : "神經系統結核病"
  },
  {
    "code" : "A17.0",
    "display" : "結核性腦膜炎"
  },
  {
    "code" : "A17.1",
    "display" : "腦膜性結核瘤"
  },
  {
    "code" : "A17.8",
    "display" : "其他神經系統結核病"
  },
  {
    "code" : "A17.81",
    "display" : "腦和脊髓之結核瘤"
  },
  {
    "code" : "A17.82",
    "display" : "結核性腦膜腦炎"
  },
  {
    "code" : "A17.83",
    "display" : "結核性神經炎"
  },
  {
    "code" : "A17.89",
    "display" : "其他神經系統結核病"
  },
  {
    "code" : "A17.9",
    "display" : "神經系統結核病"
  },
  {
    "code" : "A18",
    "display" : "其他器官結核病"
  },
  {
    "code" : "A18.0",
    "display" : "骨骼及關節結核病"
  },
  {
    "code" : "A18.01",
    "display" : "脊椎結核病"
  },
  {
    "code" : "A18.02",
    "display" : "其他關節之結核性關節炎"
  },
  {
    "code" : "A18.03",
    "display" : "其他骨骼結核病"
  },
  {
    "code" : "A18.09",
    "display" : "其他肌肉骨骼結核病"
  },
  {
    "code" : "A18.1",
    "display" : "生殖泌尿系統結核病"
  },
  {
    "code" : "A18.10",
    "display" : "生殖泌尿系統結核"
  },
  {
    "code" : "A18.11",
    "display" : "腎和輸尿管結核"
  },
  {
    "code" : "A18.12",
    "display" : "膀胱結核"
  },
  {
    "code" : "A18.13",
    "display" : "其他泌尿器官結核"
  },
  {
    "code" : "A18.14",
    "display" : "前列腺結核"
  },
  {
    "code" : "A18.15",
    "display" : "其他男性生殖器官結核"
  },
  {
    "code" : "A18.16",
    "display" : "子宮頸結核"
  },
  {
    "code" : "A18.17",
    "display" : "女性結核性骨盆腔炎性疾病"
  },
  {
    "code" : "A18.18",
    "display" : "其他女性生殖器官結核"
  },
  {
    "code" : "A18.2",
    "display" : "結核性周邊淋巴腺病變"
  },
  {
    "code" : "A18.3",
    "display" : "腸道、腹膜及腸繫膜腺體結核病"
  },
  {
    "code" : "A18.31",
    "display" : "結核性腹膜炎"
  },
  {
    "code" : "A18.32",
    "display" : "結核性腸炎"
  },
  {
    "code" : "A18.39",
    "display" : "腹膜後結核病"
  },
  {
    "code" : "A18.4",
    "display" : "皮膚及皮下組織之結核"
  },
  {
    "code" : "A18.5",
    "display" : "眼結核病"
  },
  {
    "code" : "A18.50",
    "display" : "眼結核"
  },
  {
    "code" : "A18.51",
    "display" : "結核性上鞏膜炎"
  },
  {
    "code" : "A18.52",
    "display" : "結核性角膜炎"
  },
  {
    "code" : "A18.53",
    "display" : "結核性脈絡膜網膜炎"
  },
  {
    "code" : "A18.54",
    "display" : "結核性虹膜睫狀體炎"
  },
  {
    "code" : "A18.59",
    "display" : "其他眼結核"
  },
  {
    "code" : "A18.6",
    "display" : "耳（內耳）（中耳）結核"
  },
  {
    "code" : "A18.7",
    "display" : "腎上腺結核"
  },
  {
    "code" : "A18.8",
    "display" : "其他特定器官結核病"
  },
  {
    "code" : "A18.81",
    "display" : "甲狀腺結核"
  },
  {
    "code" : "A18.82",
    "display" : "其他內分泌腺體結核"
  },
  {
    "code" : "A18.83",
    "display" : "消化道器官結核，他處未歸類者"
  },
  {
    "code" : "A18.84",
    "display" : "心臟結核"
  },
  {
    "code" : "A18.85",
    "display" : "脾結核"
  },
  {
    "code" : "A18.89",
    "display" : "其他部位結核"
  },
  {
    "code" : "A19",
    "display" : "粟粒性結核病"
  },
  {
    "code" : "A19.0",
    "display" : "單一部位之急性粟粒性結核"
  },
  {
    "code" : "A19.1",
    "display" : "多重(發)部位之急性粟粒性結核"
  },
  {
    "code" : "A19.2",
    "display" : "急性粟粒狀結核"
  },
  {
    "code" : "A19.8",
    "display" : "其他粟粒狀結核"
  },
  {
    "code" : "A19.9",
    "display" : "粟粒狀結核"
  },
  {
    "code" : "A20",
    "display" : "鼠疫"
  },
  {
    "code" : "A20.0",
    "display" : "腺鼠疫"
  },
  {
    "code" : "A20.1",
    "display" : "蜂窩組織皮膚性鼠疫"
  },
  {
    "code" : "A20.2",
    "display" : "肺炎型鼠疫"
  },
  {
    "code" : "A20.3",
    "display" : "鼠疫腦膜炎"
  },
  {
    "code" : "A20.7",
    "display" : "敗血性鼠疫"
  },
  {
    "code" : "A20.8",
    "display" : "其他型鼠疫"
  },
  {
    "code" : "A20.9",
    "display" : "鼠疫"
  },
  {
    "code" : "A21",
    "display" : "兔熱病"
  },
  {
    "code" : "A21.0",
    "display" : "潰瘍腺體型兔熱病"
  },
  {
    "code" : "A21.1",
    "display" : "眼腺體型兔熱病"
  },
  {
    "code" : "A21.2",
    "display" : "肺型兔熱病"
  },
  {
    "code" : "A21.3",
    "display" : "胃腸型兔熱病"
  },
  {
    "code" : "A21.7",
    "display" : "廣泛性兔熱病"
  },
  {
    "code" : "A21.8",
    "display" : "其他型兔熱病"
  },
  {
    "code" : "A21.9",
    "display" : "兔熱病"
  },
  {
    "code" : "A22",
    "display" : "炭疽病"
  },
  {
    "code" : "A22.0",
    "display" : "皮膚炭疽病"
  },
  {
    "code" : "A22.1",
    "display" : "肺炭疽病"
  },
  {
    "code" : "A22.2",
    "display" : "腸胃炭疽病"
  },
  {
    "code" : "A22.7",
    "display" : "炭疽性敗血症"
  },
  {
    "code" : "A22.8",
    "display" : "其他型炭疽病"
  },
  {
    "code" : "A22.9",
    "display" : "炭疽病"
  },
  {
    "code" : "A23",
    "display" : "布魯士桿菌病"
  },
  {
    "code" : "A23.0",
    "display" : "地中海型布魯士桿菌所致之布魯士桿菌病"
  },
  {
    "code" : "A23.1",
    "display" : "流產型布魯士桿菌所致之布魯士桿菌病"
  },
  {
    "code" : "A23.2",
    "display" : "豚型布魯士桿菌所致病魯士桿菌病"
  },
  {
    "code" : "A23.3",
    "display" : "犬型布魯士桿菌所致之布魯士桿菌病"
  },
  {
    "code" : "A23.8",
    "display" : "其他布魯士桿菌病"
  },
  {
    "code" : "A23.9",
    "display" : "布魯士桿菌病"
  },
  {
    "code" : "A24",
    "display" : "馬鼻疽及類鼻疽病"
  },
  {
    "code" : "A24.0",
    "display" : "馬鼻疽"
  },
  {
    "code" : "A24.1",
    "display" : "急性及猛爆型類鼻疽病"
  },
  {
    "code" : "A24.2",
    "display" : "亞急性和慢性類鼻疽病"
  },
  {
    "code" : "A24.3",
    "display" : "其他類鼻疽病"
  },
  {
    "code" : "A24.9",
    "display" : "類鼻疽病"
  },
  {
    "code" : "A25",
    "display" : "鼠咬熱"
  },
  {
    "code" : "A25.0",
    "display" : "螺旋菌病"
  },
  {
    "code" : "A25.1",
    "display" : "鏈桿菌病"
  },
  {
    "code" : "A25.9",
    "display" : "鼠咬熱"
  },
  {
    "code" : "A26",
    "display" : "類丹毒"
  },
  {
    "code" : "A26.0",
    "display" : "皮膚類丹毒"
  },
  {
    "code" : "A26.7",
    "display" : "單毒絲狀菌敗血症"
  },
  {
    "code" : "A26.8",
    "display" : "其他型類丹毒"
  },
  {
    "code" : "A26.9",
    "display" : "類丹毒"
  },
  {
    "code" : "A27",
    "display" : "鉤端螺旋體病"
  },
  {
    "code" : "A27.0",
    "display" : "黃疸出血性鉤端螺旋體病"
  },
  {
    "code" : "A27.8",
    "display" : "其他型鉤端螺旋體病"
  },
  {
    "code" : "A27.81",
    "display" : "鉤端螺旋體引起之無菌性腦膜炎"
  },
  {
    "code" : "A27.89",
    "display" : "其他型細鉤端螺旋體病"
  },
  {
    "code" : "A27.9",
    "display" : "細鉤端螺旋體病"
  },
  {
    "code" : "A28",
    "display" : "其他人畜共通細菌性傳染病，他處未歸類者"
  },
  {
    "code" : "A28.0",
    "display" : "巴斯德桿菌病"
  },
  {
    "code" : "A28.1",
    "display" : "貓抓病"
  },
  {
    "code" : "A28.2",
    "display" : "腸道外耶希尼菌病"
  },
  {
    "code" : "A28.8",
    "display" : "其他特定之細菌性人畜共通傳染病，他處未歸類者"
  },
  {
    "code" : "A28.9",
    "display" : "人畜共通細菌性傳染病"
  },
  {
    "code" : "A30",
    "display" : "痲瘋 [漢生氏病]"
  },
  {
    "code" : "A30.0",
    "display" : "未定型痲瘋(癩病)"
  },
  {
    "code" : "A30.1",
    "display" : "類結核型痲瘋(癩病)"
  },
  {
    "code" : "A30.2",
    "display" : "邊緣性結核痲瘋(癩病)"
  },
  {
    "code" : "A30.3",
    "display" : "邊際型痲瘋(癩病)"
  },
  {
    "code" : "A30.4",
    "display" : "邊際型癩瘤型痲瘋(癩病)"
  },
  {
    "code" : "A30.5",
    "display" : "癩病瘤型痲瘋(癩病)"
  },
  {
    "code" : "A30.8",
    "display" : "其他型痲瘋(癩病)"
  },
  {
    "code" : "A30.9",
    "display" : "痲瘋(癩病)"
  }]
}