<?xml version="1.0" encoding="UTF-8"?>

<CodeSystem xmlns="http://hl7.org/fhir">
  <id value="marital-status-tw"/>
  <text>
    <status value="generated"/><div xmlns="http://www.w3.org/1999/xhtml">Placeholder</div>
  </text>
  <url value="https://twcore.mohw.gov.tw/ig/twcore/CodeSystem/marital-status-tw"/>
  <version value="2019-05-22"/>
  <name value="TWMaritalStatus"/>
  <title value="臺灣婚姻狀態"/>
  <status value="active"/>
  <experimental value="false"/>
  <date value="2019-05-22"/>
  <contact>
    <name value="衛生福利部"/>
    <telecom>
      <system value="url"/>
      <value value="https://www.mohw.gov.tw/"/>
    </telecom>
    <telecom>
      <system value="email"/>
      <value value="CCYU@mohw.gov.tw"/>
    </telecom>
  </contact>
  <description value="臺灣婚姻狀態，參照至[https://www.ris.gov.tw/documents/html/5/1/168.html](https://www.ris.gov.tw/documents/html/5/1/168.html)  &#xD;&#xA;代碼出版日期：2019-05-22；資料所屬單位：內政部戶政司。&#xD;&#xA;&#xD;&#xA;代碼文字標示之施行法，係指司法院釋字第748號解釋施行法。  &#xD;&#xA;*因原始資料無代碼版本資訊，故使用其法規「公布日期」作為版本資訊。*"/>
  <copyright value="內政部戶政司"/>
  <caseSensitive value="true"/>
  <content value="complete"/>
  <count value="9"/>
  <concept>
    <code value="1"/>
    <display value="未婚"/>
  </concept>
  <concept>
    <code value="2"/>
    <display value="有偶"/>
  </concept>
  <concept>
    <code value="3"/>
    <display value="離婚"/>
  </concept>
  <concept>
    <code value="4"/>
    <display value="喪偶"/>
  </concept>
  <concept>
    <code value="5"/>
    <display value="婚姻關係消滅"/>
  </concept>
  <concept>
    <code value="6"/>
    <display value="有偶（施行法）"/>
  </concept>
  <concept>
    <code value="7"/>
    <display value="終止結婚（施行法）"/>
  </concept>
  <concept>
    <code value="8"/>
    <display value="喪偶（施行法）"/>
  </concept>
  <concept>
    <code value="9"/>
    <display value="婚姻關係消滅（施行法）"/>
  </concept>
</CodeSystem>