{
  "resourceType" : "CodeSystem",
  "id" : "organization-identifier-tw",
  "text" : {
    "status" : "generated",
    "div" : "<div xmlns=\"http://www.w3.org/1999/xhtml\">Placeholder</div>"
  },
  "url" : "https://twcore.mohw.gov.tw/ig/twcore/CodeSystem/organization-identifier-tw",
  "version" : "2022-07-31",
  "name" : "TWOrganizationIdentifier",
  "title" : "臺灣醫事機構代碼",
  "status" : "active",
  "experimental" : false,
  "date" : "2022-07-31",
  "contact" : [{
    "name" : "衛生福利部",
    "telecom" : [{
      "system" : "url",
      "value" : "https://www.mohw.gov.tw/"
    },
    {
      "system" : "email",
      "value" : "CCYU@mohw.gov.tw"
    }]
  }],
  "description" : "臺灣醫事機構代碼，參照至[https://www.nhi.gov.tw/Content_List.aspx?n=07FEBAA0B8C34D90&topn=5FE8C9FEAE863B46](https://www.nhi.gov.tw/Content_List.aspx?n=07FEBAA0B8C34D90&topn=5FE8C9FEAE863B46)  \n代碼出版日期：2022-07-31；資料所屬單位：衛生福利部中央健康保險署。\n\n*因原始資料無代碼版本資訊，故使用其「更新日期」作為版本資訊。*  \n\n因代碼量較大會使載入頁面時間較長，為方便使用者瀏覽，此處僅擷取部分代碼，完整代碼可至全國專門術語服務平台([https://twcore.mohw.gov.tw/tsfhir/CodeSystem/organization-identifier-tw](https://twcore.mohw.gov.tw/ts/codesystemRead.jsp?id=organization-identifier-tw&status=active&version=2022-07-31&metaId=1&codeStatus=use&show=Y){:target=\"_blank\"})查閱",
  "copyright" : "衛生福利部中央健康保險署",
  "caseSensitive" : true,
  "content" : "complete",
  "count" : 86,
  "concept" : [{
    "code" : "0101090517",
    "display" : "臺北市立聯合醫院"
  },
  {
    "code" : "0502080015",
    "display" : "國軍高雄總醫院附設民眾診療服務處"
  },
  {
    "code" : "0545040515",
    "display" : "國軍花蓮總醫院附設民眾診療服務處"
  },
  {
    "code" : "0542020011",
    "display" : "國軍高雄總醫院岡山分院附設民眾診療服務處"
  },
  {
    "code" : "0501160014",
    "display" : "三軍總醫院北投分院附設民眾診療服務處"
  },
  {
    "code" : "0502030015",
    "display" : "國軍高雄總醫院左營分院附設民眾診療服務處"
  },
  {
    "code" : "0501010019",
    "display" : "三軍總醫院松山分院附設民眾診療服務處"
  },
  {
    "code" : "0532090029",
    "display" : "國軍桃園總醫院附設民眾診療服務處"
  },
  {
    "code" : "0512040014",
    "display" : "國軍桃園總醫院新竹分院附設民眾診療服務處"
  },
  {
    "code" : "0131020016",
    "display" : "新北市立聯合醫院"
  },
  {
    "code" : "0131060010",
    "display" : "衛生福利部樂生療養院"
  },
  {
    "code" : "0536190011",
    "display" : "國軍台中總醫院附設民眾診療服務處"
  },
  {
    "code" : "0131230012",
    "display" : "衛生福利部八里療養院"
  },
  {
    "code" : "0501110514",
    "display" : "三軍總醫院附設民眾診療服務處"
  },
  {
    "code" : "0132010023",
    "display" : "衛生福利部桃園療養院"
  },
  {
    "code" : "0132110519",
    "display" : "衛生福利部桃園醫院新屋分院"
  },
  {
    "code" : "0511040010",
    "display" : "三軍總醫院基隆分院附設民眾診療服務處"
  },
  {
    "code" : "0601160016",
    "display" : "臺北榮民總醫院"
  },
  {
    "code" : "0634030014",
    "display" : "臺北榮民總醫院蘇澳分院"
  },
  {
    "code" : "0632010014",
    "display" : "臺北榮民總醫院桃園分院"
  },
  {
    "code" : "0138030010",
    "display" : "衛生福利部草屯療養院"
  },
  {
    "code" : "0633030010",
    "display" : "臺北榮民總醫院新竹分院"
  },
  {
    "code" : "0645030011",
    "display" : "臺北榮民總醫院玉里分院"
  },
  {
    "code" : "0141060513",
    "display" : "衛生福利部臺南醫院新化分院"
  },
  {
    "code" : "0141270019",
    "display" : "衛生福利部胸腔病院"
  },
  {
    "code" : "0141270028",
    "display" : "衛生福利部嘉南療養院"
  },
  {
    "code" : "0701160518",
    "display" : "臺北市立關渡醫院-委託臺北榮民總醫院經營"
  },
  {
    "code" : "0617060018",
    "display" : "臺中榮民總醫院"
  },
  {
    "code" : "0622020017",
    "display" : "臺中榮民總醫院嘉義分院"
  },
  {
    "code" : "0640140012",
    "display" : "臺中榮民總醫院灣橋分院"
  },
  {
    "code" : "0638020014",
    "display" : "臺中榮民總醫院埔里分院"
  },
  {
    "code" : "0602030026",
    "display" : "高雄榮民總醫院"
  },
  {
    "code" : "0145080011",
    "display" : "衛生福利部花蓮醫院豐濱原住民分院"
  },
  {
    "code" : "0643130018",
    "display" : "高雄榮民總醫院屏東分院"
  },
  {
    "code" : "0146020537",
    "display" : "衛生福利部臺東醫院成功分院"
  },
  {
    "code" : "0641310018",
    "display" : "高雄榮民總醫院臺南分院"
  },
  {
    "code" : "0131060029",
    "display" : "衛生福利部臺北醫院"
  },
  {
    "code" : "0145010019",
    "display" : "衛生福利部花蓮醫院"
  },
  {
    "code" : "0111070010",
    "display" : "衛生福利部基隆醫院"
  },
  {
    "code" : "0132010014",
    "display" : "衛生福利部桃園醫院"
  },
  {
    "code" : "0401180023",
    "display" : "國立臺灣大學醫學院附設醫院兒童醫院"
  },
  {
    "code" : "0135010016",
    "display" : "衛生福利部苗栗醫院"
  },
  {
    "code" : "0412040012",
    "display" : "國立臺灣大學醫學院附設醫院新竹臺大分院新竹醫院"
  },
  {
    "code" : "0136010010",
    "display" : "衛生福利部豐原醫院"
  },
  {
    "code" : "0117030010",
    "display" : "衛生福利部臺中醫院"
  },
  {
    "code" : "0433030016",
    "display" : "國立臺灣大學醫學院附設醫院竹東分院"
  },
  {
    "code" : "0433050018",
    "display" : "國立臺灣大學醫學院附設醫院新竹臺大分院生醫醫院"
  },
  {
    "code" : "0137170515",
    "display" : "衛生福利部彰化醫院"
  },
  {
    "code" : "0138010027",
    "display" : "衛生福利部南投醫院"
  },
  {
    "code" : "0122020517",
    "display" : "衛生福利部嘉義醫院"
  },
  {
    "code" : "0140010028",
    "display" : "衛生福利部朴子醫院"
  },
  {
    "code" : "0141010013",
    "display" : "衛生福利部新營醫院"
  },
  {
    "code" : "0121050011",
    "display" : "衛生福利部臺南醫院"
  },
  {
    "code" : "0142030019",
    "display" : "衛生福利部旗山醫院"
  },
  {
    "code" : "0143010011",
    "display" : "衛生福利部屏東醫院"
  },
  {
    "code" : "0143040019",
    "display" : "衛生福利部恆春旅遊醫院"
  },
  {
    "code" : "0146010013",
    "display" : "衛生福利部臺東醫院"
  },
  {
    "code" : "0517050010",
    "display" : "國軍臺中總醫院中清分院附設民眾診療服務處"
  },
  {
    "code" : "0145030020",
    "display" : "衛生福利部玉里醫院"
  },
  {
    "code" : "0144010015",
    "display" : "衛生福利部澎湖醫院"
  },
  {
    "code" : "0190030516",
    "display" : "衛生福利部金門醫院"
  },
  {
    "code" : "0543010019",
    "display" : "國軍高雄總醫院屏東分院附設民眾診療服務處"
  },
  {
    "code" : "0544010031",
    "display" : "三軍總醫院澎湖分院附設民眾診療服務處"
  },
  {
    "code" : "0211070012",
    "display" : "基隆市立醫院"
  },
  {
    "code" : "0291010010",
    "display" : "連江縣立醫院"
  },
  {
    "code" : "0102080017",
    "display" : "高雄市立民生醫院"
  },
  {
    "code" : "0102020011",
    "display" : "高雄市立聯合醫院"
  },
  {
    "code" : "0807350018",
    "display" : "高雄市立中醫醫院"
  },
  {
    "code" : "0102080026",
    "display" : "高雄市立凱旋醫院"
  },
  {
    "code" : "0902080013",
    "display" : "阮綜合醫療社團法人阮綜合醫院"
  },
  {
    "code" : "0931090014",
    "display" : "永聖醫療社團法人文化醫院"
  },
  {
    "code" : "0634070018",
    "display" : "臺北榮民總醫院員山分院"
  },
  {
    "code" : "0905320014",
    "display" : "仁愛醫療社團法人仁愛醫院"
  },
  {
    "code" : "0943010035",
    "display" : "優生醫療社團法人優生醫院"
  },
  {
    "code" : "0907120012",
    "display" : "燕巢靜和醫療社團法人燕巢靜和醫院"
  },
  {
    "code" : "0922020013",
    "display" : "仁德醫療社團法人陳仁德醫院"
  },
  {
    "code" : "0645020015",
    "display" : "臺北榮民總醫院鳳林分院"
  },
  {
    "code" : "0935010012",
    "display" : "梓榮醫療社團法人弘大醫院"
  },
  {
    "code" : "0646010013",
    "display" : "臺北榮民總醫院臺東分院"
  },
  {
    "code" : "0932020025",
    "display" : "天成醫療社團法人天晟醫院"
  },
  {
    "code" : "0943010017",
    "display" : "寶建醫療社團法人寶建醫院"
  },
  {
    "code" : "0802070015",
    "display" : "高雄市立中醫醫院"
  },
  {
    "code" : "0943040015",
    "display" : "南門醫療社團法人南門醫院"
  },
  {
    "code" : "0901020013",
    "display" : "中山醫療社團法人中山醫院"
  },
  {
    "code" : "0935020027",
    "display" : "李綜合醫療社團法人苑裡李綜合醫院"
  },
  {
    "code" : "0936030018",
    "display" : "李綜合醫療社團法人大甲李綜合醫院"
  }]
}