<?xml version="1.0" encoding="UTF-8"?>

<CodeSystem xmlns="http://hl7.org/fhir">
  <id value="medication-path-tw"/>
  <text>
    <status value="generated"/><div xmlns="http://www.w3.org/1999/xhtml">Placeholder</div>
  </text>
  <url value="https://twcore.mohw.gov.tw/ig/twcore/CodeSystem/medication-path-tw"/>
  <version value="2022-01-28"/>
  <name value="TWMedicationPath"/>
  <title value="臺灣給藥途徑"/>
  <status value="active"/>
  <experimental value="false"/>
  <date value="2014-03-05"/>
  <contact>
    <name value="衛生福利部"/>
    <telecom>
      <system value="url"/>
      <value value="https://www.mohw.gov.tw/"/>
    </telecom>
    <telecom>
      <system value="email"/>
      <value value="CCYU@mohw.gov.tw"/>
    </telecom>
  </contact>
  <description value="臺灣給藥途徑，參照至[https://dep.mohw.gov.tw/dos/lp-2503-113-xCat-DOS_dc002.html](https://dep.mohw.gov.tw/dos/lp-2503-113-xCat-DOS_dc002.html)-[Health06_全民健保處方及治療醫令明細檔_藥局](https://www.mohw.gov.tw/dl-16099-93a2fb9d-25a4-4e80-9508-88f5b317f6f9.html)  &#xD;&#xA;代碼出版日期：2014-03-05；資料所屬單位：衛生福利部統計處。&#xD;&#xA;&#xD;&#xA;*因原始資料無代碼版本資訊，故使用其「更新日期」作為版本資訊。*"/>
  <copyright value="衛生福利部統計處"/>
  <caseSensitive value="true"/>
  <content value="complete"/>
  <count value="37"/>
  <concept>
    <code value="AD"/>
    <display value="右耳"/>
  </concept>
  <concept>
    <code value="AS"/>
    <display value="左耳"/>
  </concept>
  <concept>
    <code value="AU"/>
    <display value="每耳"/>
  </concept>
  <concept>
    <code value="CHEMO"/>
    <display value="化學治療"/>
  </concept>
  <concept>
    <code value="ET"/>
    <display value="氣內切"/>
  </concept>
  <concept>
    <code value="GAR"/>
    <display value="潄口用"/>
  </concept>
  <concept>
    <code value="HD"/>
    <display value="皮下灌注"/>
  </concept>
  <concept>
    <code value="IA"/>
    <display value="動脈注射"/>
  </concept>
  <concept>
    <code value="ID"/>
    <display value="皮內注射"/>
  </concept>
  <concept>
    <code value="IE"/>
    <display value="脊髓硬膜內治射"/>
  </concept>
  <concept>
    <code value="IM"/>
    <display value="肌肉注射"/>
  </concept>
  <concept>
    <code value="IMP"/>
    <display value="植入"/>
  </concept>
  <concept>
    <code value="INHL"/>
    <display value="吸入"/>
  </concept>
  <concept>
    <code value="IS"/>
    <display value="滑膜內注射"/>
  </concept>
  <concept>
    <code value="IT"/>
    <display value="椎骨內注射"/>
  </concept>
  <concept>
    <code value="IVA"/>
    <display value="靜脈添加"/>
  </concept>
  <concept>
    <code value="IVD"/>
    <display value="靜脈點滴滴入"/>
  </concept>
  <concept>
    <code value="IVI"/>
    <display value="玻璃体內注射"/>
  </concept>
  <concept>
    <code value="IVP"/>
    <display value="靜脈注入"/>
  </concept>
  <concept>
    <code value="LA"/>
    <display value="局部麻醉"/>
  </concept>
  <concept>
    <code value="LI"/>
    <display value="局部注射"/>
  </concept>
  <concept>
    <code value="NA"/>
    <display value="鼻用"/>
  </concept>
  <concept>
    <code value="OD"/>
    <display value="右眼"/>
  </concept>
  <concept>
    <code value="OS"/>
    <display value="左眼"/>
  </concept>
  <concept>
    <code value="OU"/>
    <display value="每眼"/>
  </concept>
  <concept>
    <code value="PO"/>
    <display value="口眼"/>
  </concept>
  <concept>
    <code value="SC"/>
    <display value="皮下注射"/>
  </concept>
  <concept>
    <code value="SCI"/>
    <display value="結膜下注射"/>
  </concept>
  <concept>
    <code value="SKIN"/>
    <display value="皮膚用"/>
  </concept>
  <concept>
    <code value="SL"/>
    <display value="舌下"/>
  </concept>
  <concept>
    <code value="SPI"/>
    <display value="脊髓"/>
  </concept>
  <concept>
    <code value="RECT"/>
    <display value="肛門用"/>
  </concept>
  <concept>
    <code value="TOPI"/>
    <display value="局部塗擦(與LA易混淆)"/>
  </concept>
  <concept>
    <code value="TRN"/>
    <display value="全靜脈營養劑"/>
  </concept>
  <concept>
    <code value="VAG"/>
    <display value="陰道用"/>
  </concept>
  <concept>
    <code value="IRRIG"/>
    <display value="沖洗(irrigation)"/>
  </concept>
  <concept>
    <code value="EXT"/>
    <display value="外用"/>
  </concept>
</CodeSystem>