<?xml version="1.0" encoding="UTF-8"?>

<CodeSystem xmlns="http://hl7.org/fhir">
  <id value="medication-nhi-tw"/>
  <text>
    <status value="generated"/><div xmlns="http://www.w3.org/1999/xhtml">Placeholder</div>
  </text>
  <url value="https://twcore.mohw.gov.tw/ig/twcore/CodeSystem/medication-nhi-tw"/>
  <version value="2022-07-28"/>
  <name value="TWMedicationNHI"/>
  <title value="臺灣健保用藥品項"/>
  <status value="active"/>
  <experimental value="false"/>
  <date value="2018-06-25"/>
  <contact>
    <name value="衛生福利部"/>
    <telecom>
      <system value="url"/>
      <value value="https://www.mohw.gov.tw/"/>
    </telecom>
    <telecom>
      <system value="email"/>
      <value value="CCYU@mohw.gov.tw"/>
    </telecom>
  </contact>
  <description value="臺灣健保用藥品項，參照自[https://www.nhi.gov.tw/Content_List.aspx?n=238507DCFE832EAE&amp;topn=5FE8C9FEAE863B46](https://www.nhi.gov.tw/Content_List.aspx?n=238507DCFE832EAE&amp;topn=5FE8C9FEAE863B46)  &#xA;代碼出版日期：2022-08-03；資料所屬單位：衛生福利部中央健康保險署。&#xA;&#xA;*因原始資料無代碼版本資訊，故使用其「更新日期」作為版本資訊。*  &#xA;&#xA;因代碼量較大會使載入頁面時間較長，為方便使用者瀏覽，此處僅擷取部分代碼，完整代碼可至全國專門術語服務平台([https://twcore.mohw.gov.tw/tsfhir/CodeSystem/medication-nhi-tw](https://twcore.mohw.gov.tw/ts/codesystemRead.jsp?id=medication-nhi-tw&amp;status=active&amp;version=2022-07-28&amp;metaId=1&amp;codeStatus=use&amp;show=Y){:target=&quot;_blank&quot;})查閱"/>
  <copyright value="衛生福利部中央健康保險署"/>
  <caseSensitive value="true"/>
  <content value="complete"/>
  <count value="85"/>
  <concept>
    <code value="A000420100"/>
    <display value="REIZER S.C. TABLETS 100 MG &quot;F.Y.&quot;"/>
  </concept>
  <concept>
    <code value="A000639100"/>
    <display value="TRYNOL S.C. TABLETS 25MG &quot;JOHNSON&quot;"/>
  </concept>
  <concept>
    <code value="A0006391G0"/>
    <display value="TRYNOL S.C. TABLETS 25MG &quot;JOHNSON&quot;(瓶裝/84粒/瓶) (鋁箔/膠箔)"/>
  </concept>
  <concept>
    <code value="A000649100"/>
    <display value="TRYNOL S.C. TABLETS 10MG"/>
  </concept>
  <concept>
    <code value="A001577100"/>
    <display value="TRIPYLINE TABLETS 25MG&quot;HL&quot;"/>
  </concept>
  <concept>
    <code value="A002558100"/>
    <display value="THIOZIN S.C. TABLETS 25MG"/>
  </concept>
  <concept>
    <code value="A003173100"/>
    <display value="FETIRIN S.C. TABLETS 10MG"/>
  </concept>
  <concept>
    <code value="A003174100"/>
    <display value="FETIRIN S.C. TABLETS 5MG"/>
  </concept>
  <concept>
    <code value="A003291100"/>
    <display value="PINSAUN TABLETS &quot;YU SHENG&quot;"/>
  </concept>
  <concept>
    <code value="A0032911G0"/>
    <display value="PINSAUN TABLETS &quot;YU SHENG&quot;(鋁箔/膠箔)"/>
  </concept>
  <concept>
    <code value="A003393100"/>
    <display value="CHLORPROMAZINE HCL S.C. TABLETS 100MG &quot;VPP&quot;"/>
  </concept>
  <concept>
    <code value="A004829100"/>
    <display value="ISETIN S.C. TABLETS &quot;Y.S.&quot;"/>
  </concept>
  <concept>
    <code value="A004853209"/>
    <display value="TRILIZIN INJECTION &quot;ASTAR&quot;"/>
  </concept>
  <concept>
    <code value="A005090100"/>
    <display value="ZUCAIN TABLETS &quot;CURIE&quot;"/>
  </concept>
  <concept>
    <code value="A005344209"/>
    <display value="TUTANIN INJECTION &quot;SINTON&quot;"/>
  </concept>
  <concept>
    <code value="A006695100"/>
    <display value="MELLERIN S.C. TABLETS"/>
  </concept>
  <concept>
    <code value="A006819100"/>
    <display value="CHLORPROMAZINE HCL S.C. TABLETS 50MG &quot;VPP&quot;"/>
  </concept>
  <concept>
    <code value="A006822100"/>
    <display value="CHLORPROMAZINE HCL S.C. TABLETS 25MG &quot;VPP&quot;"/>
  </concept>
  <concept>
    <code value="A007544221"/>
    <display value="CHLORPROMAZINE HCL 125MG/5ML &quot;VPP&quot;"/>
  </concept>
  <concept>
    <code value="A008767100"/>
    <display value="LOXAPAC CAPSULES 10MG"/>
  </concept>
  <concept>
    <code value="A010195100"/>
    <display value="WINLERIL S.C. TABLETS &quot;WINSTON&quot;"/>
  </concept>
  <concept>
    <code value="A010398100"/>
    <display value="MELLAZINE S.C. TABLETS 50MG &quot;HL&quot;"/>
  </concept>
  <concept>
    <code value="A010428100"/>
    <display value="WINHOAMIN S.C. TABLETS 100MG&quot;HL&quot;"/>
  </concept>
  <concept>
    <code value="A010704100"/>
    <display value="LOXAPAC CAPSULES 25MG"/>
  </concept>
  <concept>
    <code value="A010726100"/>
    <display value="MELLAZINE S.C. TABLETS 100MG&quot;HL&quot;"/>
  </concept>
  <concept>
    <code value="A012646100"/>
    <display value="GYNEDOL TABLETS 1MG &quot;H.L.&quot;"/>
  </concept>
  <concept>
    <code value="A013746100"/>
    <display value="THIORIDAZINE S.C. TABLETS &quot;KODAK&quot;"/>
  </concept>
  <concept>
    <code value="A013748100"/>
    <display value="AMILIN S.C. TABLETS&quot;N.C.P&quot;"/>
  </concept>
  <concept>
    <code value="A015265100"/>
    <display value="CHLORPROMAZINE TABLETS &quot;Y.Y.&quot;"/>
  </concept>
  <concept>
    <code value="A016415100"/>
    <display value="PERPHENSZINE S.C. TABLETS &quot;HONTEN&quot;"/>
  </concept>
  <concept>
    <code value="A018051100"/>
    <display value="HALOSTEN TABLETS 1MG (HALOPERIDOL)"/>
  </concept>
  <concept>
    <code value="A018467100"/>
    <display value="HALOSTEN TABLETS 2MG (HALOPERIDOL)"/>
  </concept>
  <concept>
    <code value="A018573100"/>
    <display value="AMITRIPTYLINE TABLETS"/>
  </concept>
  <concept>
    <code value="A018719100"/>
    <display value="IMIMINE S.C. TABLETS 25MG &quot;VPP&quot; (IMIPRAMINE)"/>
  </concept>
  <concept>
    <code value="A0187191G0"/>
    <display value="IMIMINE S.C. TABLETS 25MG &quot;VPP&quot; (IMIPRAMINE) (鋁箔/膠箔)"/>
  </concept>
  <concept>
    <code value="A018905100"/>
    <display value="THIRIZINE S.C. TABLETS 25MG"/>
  </concept>
  <concept>
    <code value="A019040100"/>
    <display value="AMITRIPTYLINE TABLETS &quot;JINUP&quot;"/>
  </concept>
  <concept>
    <code value="A019281100"/>
    <display value="THIORIDAZINE S.C. TABLETS &quot;C.I.&quot;"/>
  </concept>
  <concept>
    <code value="A019299135"/>
    <display value="PANDOL LIQUID (HALOPERIDOL) &quot;PANBIOTIC&quot;"/>
  </concept>
  <concept>
    <code value="A019299143"/>
    <display value="PANDOL LIQUID (HALOPERIDOL) &quot;PANBIOTIC&quot;"/>
  </concept>
  <concept>
    <code value="A019299151"/>
    <display value="PANDOL LIQUID (HALOPERIDOL) &quot;PANBIOTIC&quot;"/>
  </concept>
  <concept>
    <code value="A024336100"/>
    <display value="AMITRIPTYLINE HYDROCHLORIDE S.C. TABLETS &quot;C.H.&quot;"/>
  </concept>
  <concept>
    <code value="A024509100"/>
    <display value="FLURAZINE F.C. TABLETS 5MG &quot;VPP&quot; (TRIFLUOPERAZINE)"/>
  </concept>
  <concept>
    <code value="A024703100"/>
    <display value="SULPI CAPSULES 50MG (SULPIRIDE) &quot;WINSTON&quot;"/>
  </concept>
  <concept>
    <code value="A0247031G0"/>
    <display value="SULPI CAPSULES 50MG (SULPIRIDE) &quot;WINSTON&quot;(鋁箔/膠箔)"/>
  </concept>
  <concept>
    <code value="A024833100"/>
    <display value="FLURAZINE S.C. TABLETS 2MG (TRIFLUOPERAZINE) &quot;VPP&quot;"/>
  </concept>
  <concept>
    <code value="A025191100"/>
    <display value="WINSUMIN S.C. TABLETS 50MG (CHLORPROMAZINE HCL)"/>
  </concept>
  <concept>
    <code value="A025230100"/>
    <display value="DOGWEISU CAPSULES 50MG (SULPIRIDE)"/>
  </concept>
  <concept>
    <code value="A019299157"/>
    <display value="PANDOL LIQUID (HALOPERIDOL) &quot;PANBIOTIC&quot;"/>
  </concept>
  <concept>
    <code value="A019299177"/>
    <display value="PANDOL LIQUID (HALOPERIDOL) &quot;PANBIOTIC&quot;"/>
  </concept>
  <concept>
    <code value="A019299199"/>
    <display value="PANDOL LIQUID (HALOPERIDOL) &quot;PANBIOTIC&quot;"/>
  </concept>
  <concept>
    <code value="A019308100"/>
    <display value="THIODAZINE S.C. TABLETS 25MG (THIORIDAZINE) &quot; N.Y.&quot;"/>
  </concept>
  <concept>
    <code value="A019553100"/>
    <display value="HALOLIUM TABLETS (HALOPERIDOL) &quot;ROYAL&quot;"/>
  </concept>
  <concept>
    <code value="A020096100"/>
    <display value="SULQUINYL CAPSULES (SULPIRIDE) &quot;PATRON&quot;"/>
  </concept>
  <concept>
    <code value="A020420100"/>
    <display value="BININ-U TABLETS 2MG (HALOPERIDOL)"/>
  </concept>
  <concept>
    <code value="A020782209"/>
    <display value="PANDOL INJECTION (HALOPERIDOL) &quot;PANBIOTIC&quot;"/>
  </concept>
  <concept>
    <code value="A020782212"/>
    <display value="PANDOL INJECTION (HALOPERIDOL) &quot;PANBIOTIC&quot;"/>
  </concept>
  <concept>
    <code value="A020879151"/>
    <display value="HALOLIUM DROPS &quot;ROYAL&quot;"/>
  </concept>
  <concept>
    <code value="A020879199"/>
    <display value="HALOLIUM DROPS &quot;ROYAL&quot;"/>
  </concept>
  <concept>
    <code value="A020940100"/>
    <display value="DOMETON CAPSULES (SULPIRIDE) &quot;AND&quot;"/>
  </concept>
  <concept>
    <code value="A021158212"/>
    <display value="SULQUINYL INJECTION &quot;PATRON&quot; (SULPIRIDE)"/>
  </concept>
  <concept>
    <code value="A021199100"/>
    <display value="SULPIRIDE CAPSULES &quot;JOHNSON&quot;"/>
  </concept>
  <concept>
    <code value="A021201100"/>
    <display value="FUZINE S.C. TABLETS (TRIFLUOPERAZINE HCL) &quot;SHIN FONG&quot;"/>
  </concept>
  <concept>
    <code value="A021509100"/>
    <display value="SOLARGIN F.C. TABLETS 100MG (CHLORPROMAZINE)&quot;GCPC&quot;"/>
  </concept>
  <concept>
    <code value="A022272209"/>
    <display value="BININ-U INJECTION (HALOPERIDOL)"/>
  </concept>
  <concept>
    <code value="A022272212"/>
    <display value="BININ-U INJECTION (HALOPERIDOL) &quot;SWISS&quot;"/>
  </concept>
  <concept>
    <code value="A022297135"/>
    <display value="BININ-U SOLUTION (HALOPERIDOL) &quot;SWISS&quot;"/>
  </concept>
  <concept>
    <code value="A022297157"/>
    <display value="BININ-U SOLUTION (HALOPERIDOL) &quot;SWISS&quot;"/>
  </concept>
  <concept>
    <code value="A022297199"/>
    <display value="BININ-U SOLUTION (HALOPERIDOL) &quot;SWISS&quot;"/>
  </concept>
  <concept>
    <code value="A022339100"/>
    <display value="ULCUS CAPSULES (SULPIRIDE) &quot;M.S.&quot;"/>
  </concept>
  <concept>
    <code value="A023026100"/>
    <display value="SULPIDE TABLETS (SULPIRIDE) &quot;H.C.&quot;"/>
  </concept>
  <concept>
    <code value="A023029100"/>
    <display value="SULPIRID CAPSULES &quot;H.S.C.&quot;"/>
  </concept>
  <concept>
    <code value="A023180100"/>
    <display value="SULPIRIDE CAPSULES"/>
  </concept>
  <concept>
    <code value="A023213100"/>
    <display value="SPIZIN S.C. TABLETS (THIORIDAZINE HYDROCHLORIDE) &quot;W.P.&quot;"/>
  </concept>
  <concept>
    <code value="A023356100"/>
    <display value="SU'S CAPSULES (SULPIRIDE) &quot;CURIE&quot;"/>
  </concept>
  <concept>
    <code value="A023379100"/>
    <display value="SULPIRIDE TABLETS &quot;VEIMIN&quot;"/>
  </concept>
  <concept>
    <code value="A023466100"/>
    <display value="TRIFLUOPERAZINE HCL TABLETS &quot;S.C.&quot;"/>
  </concept>
  <concept>
    <code value="A023511212"/>
    <display value="SULPIRIDE INJECTION &quot;Y.Y.&quot;"/>
  </concept>
  <concept>
    <code value="A023572100"/>
    <display value="WYPIRIDE CAPSULES (SULPIRIDE) &quot;S.P.C.&quot;"/>
  </concept>
  <concept>
    <code value="A023589100"/>
    <display value="LOGMAL CAPSULES (SULPIRIDE) &quot;M.T.&quot;"/>
  </concept>
  <concept>
    <code value="A0235891G0"/>
    <display value="LOGMAL CAPSULES (SULPIRIDE) &quot;M.T.&quot;(鋁箔/膠箔)"/>
  </concept>
  <concept>
    <code value="A023700209"/>
    <display value="SULPIRIDE INJECTION &quot;H.S.C.&quot;"/>
  </concept>
  <concept>
    <code value="A023700212"/>
    <display value="SULPIRIDE INJECTION &quot;H.S.C.&quot;"/>
  </concept>
  <concept>
    <code value="A023825100"/>
    <display value="SPLOTIN TABLETS (SULPIRIDE)"/>
  </concept>
  <concept>
    <code value="A024005100"/>
    <display value="TEPEZINE F.C. TABLETS (TRIFLUOPERAZINE HCL)"/>
  </concept>
</CodeSystem>