{
  "resourceType" : "CodeSystem",
  "id" : "health-professional-tw",
  "text" : {
    "status" : "generated",
    "div" : "<div xmlns=\"http://www.w3.org/1999/xhtml\">Placeholder</div>"
  },
  "url" : "https://twcore.mohw.gov.tw/ig/twcore/CodeSystem/health-professional-tw",
  "version" : "2022-01-28",
  "name" : "TWHealthProfessional",
  "title" : "臺灣醫事人員類別",
  "status" : "active",
  "experimental" : false,
  "date" : "2022-01-28",
  "contact" : [{
    "name" : "衛生福利部",
    "telecom" : [{
      "system" : "url",
      "value" : "https://www.mohw.gov.tw/"
    },
    {
      "system" : "email",
      "value" : "CCYU@mohw.gov.tw"
    }]
  }],
  "description" : "臺灣醫事人員類別，參照至[https://www.google.com/url?client=internal-element-cse&cx=012254495936870409035:lzvyrg0mtim&q=https://www.mohw.gov.tw/dl-40452-1441ca2e-cde9-4345-b681-f9a20d5176b5.html&sa=U&ved=2ahUKEwjg5MCYrZn5AhUTI6YKHV6mC_s4FBAWegQIBBAC&usg=AOvVaw1q62t2W0hhdi0WC6e_nh1m](https://www.google.com/url?client=internal-element-cse&cx=012254495936870409035:lzvyrg0mtim&q=https://www.mohw.gov.tw/dl-40452-1441ca2e-cde9-4345-b681-f9a20d5176b5.html&sa=U&ved=2ahUKEwjg5MCYrZn5AhUTI6YKHV6mC_s4FBAWegQIBBAC&usg=AOvVaw1q62t2W0hhdi0WC6e_nh1m)  \r\n代碼出版日期：2022-01-28；資料所屬單位：衛生福利部醫事司。\r\n\r\n*因原始資料無代碼版本資訊，故使用其「更新日期」作為版本資訊。*",
  "copyright" : "衛生福利部統計處",
  "caseSensitive" : true,
  "content" : "complete",
  "count" : 32,
  "concept" : [{
    "code" : "1",
    "display" : "語言治療師"
  },
  {
    "code" : "2",
    "display" : "牙體技術師"
  },
  {
    "code" : "3",
    "display" : "聽力師"
  },
  {
    "code" : "4",
    "display" : "牙體技術生"
  },
  {
    "code" : "5",
    "display" : "驗光師"
  },
  {
    "code" : "6",
    "display" : "驗光生"
  },
  {
    "code" : "A",
    "display" : "西醫師"
  },
  {
    "code" : "B",
    "display" : "中醫師"
  },
  {
    "code" : "C",
    "display" : "牙醫師"
  },
  {
    "code" : "D",
    "display" : "藥師"
  },
  {
    "code" : "E",
    "display" : "藥劑生"
  },
  {
    "code" : "F",
    "display" : "護理師"
  },
  {
    "code" : "G",
    "display" : "護士"
  },
  {
    "code" : "H",
    "display" : "助產士"
  },
  {
    "code" : "I",
    "display" : "助產師"
  },
  {
    "code" : "J",
    "display" : "醫事檢驗師"
  },
  {
    "code" : "K",
    "display" : "醫事檢驗生"
  },
  {
    "code" : "L",
    "display" : "鑲牙生"
  },
  {
    "code" : "M",
    "display" : "中藥員"
  },
  {
    "code" : "N",
    "display" : "齒模員"
  },
  {
    "code" : "O",
    "display" : "非醫事人員"
  },
  {
    "code" : "P",
    "display" : "接骨員"
  },
  {
    "code" : "Q",
    "display" : "物理治療師"
  },
  {
    "code" : "R",
    "display" : "職能治療師"
  },
  {
    "code" : "S",
    "display" : "醫事放射師"
  },
  {
    "code" : "T",
    "display" : "醫事放射士"
  },
  {
    "code" : "U",
    "display" : "物理治療生"
  },
  {
    "code" : "V",
    "display" : "呼吸治療師"
  },
  {
    "code" : "W",
    "display" : "職能治療生"
  },
  {
    "code" : "X",
    "display" : "諮商心理師"
  },
  {
    "code" : "Y",
    "display" : "臨床心理師"
  },
  {
    "code" : "Z",
    "display" : "營養師"
  }]
}