<?xml version="1.0" encoding="UTF-8"?>

<CodeSystem xmlns="http://hl7.org/fhir">
  <id value="v2-0203"/>
  <text>
    <status value="generated"/><div xmlns="http://www.w3.org/1999/xhtml">Placeholder</div>
  </text>
  <url value="https://twcore.mohw.gov.tw/ig/twcore/CodeSystem/v2-0203"/>
  <version value="2022-07-31"/>
  <name value="TWIdentifierType_V20203"/>
  <title value="臺灣識別碼類型"/>
  <status value="active"/>
  <experimental value="false"/>
  <date value="2022-07-31"/>
  <contact>
    <name value="衛生福利部"/>
    <telecom>
      <system value="url"/>
      <value value="https://www.mohw.gov.tw/"/>
    </telecom>
    <telecom>
      <system value="email"/>
      <value value="CCYU@mohw.gov.tw"/>
    </telecom>
  </contact>
  <description value="臺灣識別碼類型，  &#xD;&#xA;代碼出版日期：2022-07-31；資料所屬單位：衛生福利部資訊處。  &#xD;&#xA;- 2023/8/25異動說明： &#xD;&#xA;    1. 代碼的Display改以英文呈現，並附中文版Display。&#xD;&#xA;    2. 「統一編號」的代碼原為`#GUI`，改為`#UBN`，Unified Business number (公司或企業統一編號)。&#xD;&#xA;    3. 刪除代碼`#HOI`&#xD;&#xA;    4. 刪除代碼`#NNTWN`"/>
  <copyright value="衛生福利部資訊處"/>
  <caseSensitive value="true"/>
  <content value="complete"/>
  <count value="2"/>
  <concept>
    <code value="GOI"/>
    <display value="Government Organization Identifier"/>
    <definition value="Government Organization Identifier number"/>
    <designation>
      <language value="zh-TW"/>
      <value value="政府機關代號"/>
    </designation>
  </concept>
  <concept>
    <code value="UBN"/>
    <display value="Unified Business number"/>
    <definition value="Unified Business number"/>
    <designation>
      <language value="zh-TW"/>
      <value value="公司或企業統一編號"/>
    </designation>
  </concept>
</CodeSystem>