{
  "resourceType" : "CodeSystem",
  "id" : "medcation-atc-tw",
  "text" : {
    "status" : "generated",
    "div" : "<div xmlns=\"http://www.w3.org/1999/xhtml\">Placeholder</div>"
  },
  "url" : "https://twcore.mohw.gov.tw/ig/twcore/CodeSystem/medcation-atc-tw",
  "version" : "2022-10-24",
  "name" : "TWMedcationATC",
  "title" : "臺灣藥品藥理治療分類ATC碼",
  "status" : "active",
  "experimental" : false,
  "date" : "2014-09-19",
  "contact" : [{
    "name" : "衛生福利部",
    "telecom" : [{
      "system" : "url",
      "value" : "https://www.mohw.gov.tw/"
    },
    {
      "system" : "email",
      "value" : "CCYU@mohw.gov.tw"
    }]
  }],
  "description" : "臺灣藥品藥理治療分類ATC碼，參照至[https://data.gov.tw/dataset/9119](https://data.gov.tw/dataset/9119)，資料提供單位：衛生福利部食品藥物管理署。  \r\n此代碼為WHO ATC(http://www.whocc.no/atc)中未涵蓋之代碼，為符合國內代碼使用，故將未被定義之代碼另外呈現。  \r\n\r\n*因原始資料無代碼版本資訊，故使用其「更新日期」作為版本資訊。*",
  "copyright" : "衛生福利部食品藥物管理署",
  "caseSensitive" : true,
  "content" : "complete",
  "count" : 27,
  "concept" : [{
    "code" : "A10BD27",
    "display" : "metformin, linagliptin and empagliflozin"
  },
  {
    "code" : "A16AB22",
    "display" : "avalglucosidase alfa"
  },
  {
    "code" : "C03DA05",
    "display" : "finerenone"
  },
  {
    "code" : "D11AH08",
    "display" : "abrocitinib"
  },
  {
    "code" : "G04BD14",
    "display" : "imidafenacin"
  },
  {
    "code" : "H01BA06",
    "display" : "argipressin"
  },
  {
    "code" : "J05AB04",
    "display" : "ribavirin"
  },
  {
    "code" : "J05AX11",
    "display" : "elvitegravir"
  },
  {
    "code" : "J05AX12",
    "display" : "dolutegravir"
  },
  {
    "code" : "J05AX67",
    "display" : "ombitasvir, paritaprevir and ritonavir"
  },
  {
    "code" : "J05AX68",
    "display" : "elbasvir and grazoprevir"
  },
  {
    "code" : "L01FX18",
    "display" : "amivantamab"
  },
  {
    "code" : "L01XE01",
    "display" : "imatinib"
  },
  {
    "code" : "L01XE03",
    "display" : "erlotinib"
  },
  {
    "code" : "L01XE06",
    "display" : "dasatinib"
  },
  {
    "code" : "L01XE10",
    "display" : "everolimus"
  },
  {
    "code" : "L01XE11",
    "display" : "pazopanib"
  },
  {
    "code" : "L01XE31",
    "display" : "nintedanib"
  },
  {
    "code" : "L01XX14",
    "display" : "tretinoin"
  },
  {
    "code" : "L01XX17",
    "display" : "topotecan"
  },
  {
    "code" : "L01XX19",
    "display" : "irinotecan"
  },
  {
    "code" : "L01XX32",
    "display" : "bortezomib"
  },
  {
    "code" : "L01XX73",
    "display" : "sotorasib"
  },
  {
    "code" : "L04AA52",
    "display" : "ofatumumab"
  },
  {
    "code" : "N05CM21",
    "display" : "lemborexant"
  },
  {
    "code" : "H01AC08",
    "display" : "somatrogon"
  },
  {
    "code" : "L01EX22",
    "display" : "selpercatinib"
  }]
}