<?xml version="1.0" encoding="UTF-8"?>

<ConceptMap xmlns="http://hl7.org/fhir">
  <id value="marital-status-tw"/>
  <text>
    <status value="extensions"/><div xmlns="http://www.w3.org/1999/xhtml">Placeholder</div>
  </text>
  <url value="https://twcore.mohw.gov.tw/ig/twcore/ConceptMap/marital-status-tw"/>
  <version value="0.1.1"/>
  <name value="TWMaritalStatus"/>
  <title value="臺灣婚姻狀態代碼對應"/>
  <status value="active"/>
  <experimental value="false"/>
  <date value="2023-08-25"/>
  <contact>
    <name value="衛生福利部"/>
    <telecom>
      <system value="url"/>
      <value value="https://www.mohw.gov.tw/"/>
    </telecom>
    <telecom>
      <system value="email"/>
      <value value="CCYU@mohw.gov.tw"/>
    </telecom>
  </contact>
  <description value="臺灣婚姻狀態代碼對應至MaritalStatus代碼，概念對應出版日期：2023-08-25；資料所屬單位：衛生福利部。"/>
  <sourceUri value="https://twcore.mohw.gov.tw/ig/twcore/CodeSystem/marital-status-tw"/>
  <targetUri value="http://terminology.hl7.org/ValueSet/v2-0203"/>
  <group>
    <source value="https://twcore.mohw.gov.tw/ig/twcore/CodeSystem/marital-status-tw"/>
    <sourceVersion value="2019-05-22"/>
    <target value="http://terminology.hl7.org/CodeSystem/v3-MaritalStatus"/>
    <targetVersion value="2.1.0"/>
    <element>
      <code value="1"/>
      <display value="未婚"/>
      <target>
        <code value="U"/>
        <display value="unmarried"/>
        <equivalence value="equal"/>
      </target>
    </element>
    <element>
      <code value="2"/>
      <display value="有偶"/>
      <target>
        <code value="M"/>
        <display value="Married"/>
        <equivalence value="equal"/>
      </target>
    </element>
    <element>
      <code value="3"/>
      <display value="離婚"/>
      <target>
        <code value="D"/>
        <display value="Divorced"/>
        <equivalence value="equal"/>
      </target>
    </element>
    <element>
      <code value="4"/>
      <display value="喪偶"/>
      <target>
        <code value="W"/>
        <display value="Widowed"/>
        <equivalence value="equal"/>
      </target>
    </element>
    <element>
      <code value="5"/>
      <display value="婚姻關係消滅"/>
      <target>
        <code value="A"/>
        <display value="Annulled"/>
        <equivalence value="equal"/>
      </target>
    </element>
    <element>
      <code value="6"/>
      <display value="有偶（施行法）"/>
      <target>
        <code value="M"/>
        <display value="Married"/>
        <equivalence value="subsumes"/>
      </target>
    </element>
    <element>
      <code value="7"/>
      <display value="終止結婚（施行法）"/>
      <target>
        <code value="D"/>
        <display value="Divorced"/>
        <equivalence value="subsumes"/>
      </target>
    </element>
    <element>
      <code value="8"/>
      <display value="喪偶（施行法）"/>
      <target>
        <code value="W"/>
        <display value="Widowed"/>
        <equivalence value="subsumes"/>
      </target>
    </element>
    <element>
      <code value="9"/>
      <display value="婚姻關係消滅（施行法）"/>
      <target>
        <code value="A"/>
        <display value="Annulled"/>
        <equivalence value="subsumes"/>
      </target>
    </element>
  </group>
</ConceptMap>