{
  "resourceType" : "Condition",
  "id" : "con-example",
  "meta" : {
    "profile" : ["https://twcore.mohw.gov.tw/ig/twcore/StructureDefinition/Condition-twcore"]
  },
  "text" : {
    "status" : "generated",
    "div" : "<div xmlns=\"http://www.w3.org/1999/xhtml\"><h3><b>病情、問題或診斷資料</b></h3><p><b>臨床狀態</b>：Remission <span style=\"background: LightGoldenRodYellow; margin: 4px; border: 1px solid khaki\">( <a href=\"http://hl7.org/fhir/R4/valueset-condition-clinical.html\">ConditionClinicalStatusCodes</a>#remission)</span></p><p><b>驗證狀態</b>：Confirmed <span style=\"background: LightGoldenRodYellow; margin: 4px; border: 1px solid khaki\">( <a href=\"http://hl7.org/fhir/R4/valueset-condition-ver-status.html\">ConditionVerificationStatus</a>#confirmed)</span></p><p><b>病情、問題或診斷類別</b>：Encounter Diagnosis <span style=\"background: LightGoldenRodYellow; margin: 4px; border: 1px solid khaki\">( <a href=\"http://hl7.org/fhir/R4/valueset-condition-category.html\">Condition Category Codes</a>#encounter-diagnosis)</span></p><p><b>嚴重程度</b>：Mild <span style=\"background: LightGoldenRodYellow; margin: 4px; border: 1px solid khaki\">( <a href=\"https://loinc.org/\">LOINC</a>#LA6752-5)</span></p><p><b>病情、問題或診斷識別</b>：起因於潛在病的糖尿病，伴有低血糖，未伴有昏迷 <span style=\"background: LightGoldenRodYellow; margin: 4px; border: 1px solid khaki\">( <a href=\"CodeSystem-icd-10-cm-2021-tw.html\">臺灣2021年中文版ICD-10-CM</a>#E08.649)</span></p><p><b>病人</b>：<a href=\"Patient-pat-example.html\">Patient/pat-example</a> \"陳加玲\"</p><p><b>實際日期</b>：2022-08-01 05:00:14-0500</p><p><b>緩解日期</b>：2022-08-01 06:00:14-0500</p><p><b>診斷者</b>：<a href=\"Practitioner-pra-example.html\">Practitioner/pra-example</a> \"王依昇\"</p></div>"
  },
  "clinicalStatus" : {
    "coding" : [{
      "system" : "http://terminology.hl7.org/CodeSystem/condition-clinical",
      "code" : "remission"
    }]
  },
  "verificationStatus" : {
    "coding" : [{
      "system" : "http://terminology.hl7.org/CodeSystem/condition-ver-status",
      "code" : "confirmed"
    }]
  },
  "category" : [{
    "coding" : [{
      "system" : "http://terminology.hl7.org/CodeSystem/condition-category",
      "code" : "encounter-diagnosis"
    }]
  }],
  "severity" : {
    "coding" : [{
      "system" : "http://loinc.org",
      "code" : "LA6752-5"
    }]
  },
  "code" : {
    "coding" : [{
      "system" : "https://twcore.mohw.gov.tw/ig/twcore/CodeSystem/icd-10-cm-2021-tw",
      "code" : "E08.649"
    }],
    "text" : "起因於潛在病的糖尿病，伴有低血糖，未伴有昏迷"
  },
  "subject" : {
    "reference" : "Patient/pat-example"
  },
  "onsetDateTime" : "2022-08-01T17:00:14-05:00",
  "abatementDateTime" : "2022-08-01T18:00:14-05:00",
  "asserter" : {
    "reference" : "Practitioner/pra-example"
  }
}