{
  "resourceType" : "Observation",
  "id" : "obs-bmi-example",
  "meta" : {
    "profile" : ["https://twcore.mohw.gov.tw/ig/twcore/StructureDefinition/Observation-bmi-twcore"]
  },
  "text" : {
    "status" : "generated",
    "div" : "<div xmlns=\"http://www.w3.org/1999/xhtml\"><h3><b>檢驗檢查資料</b></h3><p><b>狀態</b>：final</p><p><b>分類</b>：Vital Signs <span style=\"background: LightGoldenRodYellow; margin：4px; border：1px solid khaki\">( <a href=\"http://hl7.org/fhir/R4/codesystem-observation-category.html\">Observation Category Codes</a>#vital-signs)</span></p><p><b>檢驗項目</b>：Body mass index (BMI) [Ratio] <span style=\"background: LightGoldenRodYellow; margin：4px; border：1px solid khaki\">( <a href=\"https://loinc.org/\">LOINC</a>#39156-5 \"Body mass index (BMI) [Ratio]\")</span></p><p><b>病人</b>： <a href=\"Patient-pat-example.html\">Patient/pat-example</a> \"陳加玲\"</p><p><b>執行日期</b>：2022-07-31</p><p><b>檢驗值</b>：18.3 kg/m<sup>2</sup></p></div>"
  },
  "status" : "final",
  "category" : [{
    "coding" : [{
      "system" : "http://terminology.hl7.org/CodeSystem/observation-category",
      "code" : "vital-signs",
      "display" : "Vital Signs"
    }]
  }],
  "code" : {
    "coding" : [{
      "system" : "http://loinc.org",
      "code" : "39156-5",
      "display" : "Body mass index (BMI) [Ratio]"
    }],
    "text" : "Body mass index (BMI) [Ratio]"
  },
  "subject" : {
    "reference" : "Patient/pat-example"
  },
  "effectiveDateTime" : "2022-07-31",
  "valueQuantity" : {
    "value" : 18.3,
    "unit" : "kg/m2",
    "system" : "http://unitsofmeasure.org",
    "code" : "kg/m2"
  }
}