<?xml version="1.0" encoding="UTF-8"?>

<Observation xmlns="http://hl7.org/fhir">
  <id value="obs-bloodPressure-example"/>
  <meta>
    <profile value="https://twcore.mohw.gov.tw/ig/twcore/StructureDefinition/Observation-bloodPressure-twcore"/>
  </meta>
  <text>
    <status value="generated"/><div xmlns="http://www.w3.org/1999/xhtml"><h3><b>檢驗檢查資料</b></h3><p><b>狀態</b>：final</p><p><b>分類</b>：Vital Signs <span style="background: LightGoldenRodYellow; margin：4px; border：1px solid khaki">( <a href="http://hl7.org/fhir/R4/codesystem-observation-category.html">Observation Category Codes</a>#vital-signs)</span></p><p><b>檢驗項目</b>：Blood pressure panel with all children optional <span style="background: LightGoldenRodYellow; margin：4px; border：1px solid khaki">( <a href="https://loinc.org/">LOINC</a>#85354-9 "Blood pressure panel with all children optional")</span></p><p><b>病人</b>： <a href="Patient-pat-example.html">Patient/pat-example</a> "陳加玲"</p><p><b>執行日期</b>：2022-07-31</p><p><b>檢驗結果</b></p><blockquote><p><b>檢驗項目</b>：Systolic blood pressure <span style="background: LightGoldenRodYellow; margin: 4px; border: 1px solid khaki">( <a href="https://loinc.org/">LOINC</a>#8480-6)</span></p><p><b>檢驗值</b>：110 mmHg <span style="background: LightGoldenRodYellow"></span></p></blockquote><blockquote><p><b>檢驗項目</b>：Diastolic blood pressure <span style="background: LightGoldenRodYellow; margin: 4px; border: 1px solid khaki">( <a href="https://loinc.org/">LOINC</a>#8462-4)</span></p><p><b>檢驗值</b>：56 mmHg</p></blockquote></div>
  </text>
  <status value="final"/>
  <category>
    <coding>
      <system value="http://terminology.hl7.org/CodeSystem/observation-category"/>
      <code value="vital-signs"/>
      <display value="Vital Signs"/>
    </coding>
  </category>
  <code>
    <coding>
      <system value="http://loinc.org"/>
      <code value="85354-9"/>
      <display value="Blood pressure panel with all children optional"/>
    </coding>
    <text value="Blood pressure panel with all children optional"/>
  </code>
  <subject>
    <reference value="Patient/pat-example"/>
  </subject>
  <effectiveDateTime value="2022-07-31"/>
  <component>
    <code>
      <coding>
        <system value="http://loinc.org"/>
        <code value="8480-6"/>
        <display value="Systolic blood pressure"/>
      </coding>
    </code>
    <valueQuantity>
      <value value="110"/>
      <unit value="mmHg"/>
      <system value="http://unitsofmeasure.org"/>
      <code value="mm[Hg]"/>
    </valueQuantity>
  </component>
  <component>
    <code>
      <coding>
        <system value="http://loinc.org"/>
        <code value="8462-4"/>
        <display value="Diastolic blood pressure"/>
      </coding>
    </code>
    <valueQuantity>
      <value value="56"/>
      <unit value="mmHg"/>
      <system value="http://unitsofmeasure.org"/>
      <code value="mm[Hg]"/>
    </valueQuantity>
  </component>
</Observation>