{
  "resourceType" : "Observation",
  "id" : "obs-lab-example",
  "meta" : {
    "profile" : ["https://twcore.mohw.gov.tw/ig/twcore/StructureDefinition/Observation-laboratoryResult-twcore"]
  },
  "text" : {
    "status" : "generated",
    "div" : "<div xmlns=\"http://www.w3.org/1999/xhtml\"><h3><b>檢驗檢查資料</b></h3><p><b>狀態</b>：最終版(final)</p><p><b>分類</b>：Laboratory <span style=\"background: LightGoldenRodYellow; margin：4px; border：1px solid khaki\">( <a href=\"http://hl7.org/fhir/R4/codesystem-observation-category.html\">Observation Category Codes</a>#laboratory)</span></p><p><b>檢驗項目</b>：血中尿素氮 <span style=\"background: LightGoldenRodYellow; margin：4px; border：1px solid khaki\">( <a href=\"CodeSystem-medical-service-payment-tw.html\">臺灣醫療服務給付項目</a>#09002C)</span></p><p><b>病人</b>： <a href=\"Patient-pat-example.html\">Patient/pat-example</a> \"陳加玲\"</p><p><b>執行日期</b>：2022-07-31</p><p><b>負責機構</b>： <a href=\"Organization-org-hosp-example.html\">Organization/org-hosp-example</a> \"衛生福利部臺北醫院\"</p><p><b>檢驗值</b>：16.6 mg/dL</p></div>"
  },
  "status" : "final",
  "category" : [{
    "coding" : [{
      "system" : "http://terminology.hl7.org/CodeSystem/observation-category",
      "code" : "laboratory"
    }]
  }],
  "code" : {
    "coding" : [{
      "system" : "https://twcore.mohw.gov.tw/ig/twcore/CodeSystem/medical-service-payment-tw",
      "code" : "09002C"
    }],
    "text" : "血中尿素氮"
  },
  "subject" : {
    "reference" : "Patient/pat-example"
  },
  "effectiveDateTime" : "2022-07-31",
  "performer" : [{
    "reference" : "Organization/org-hosp-example"
  }],
  "valueQuantity" : {
    "value" : 16.6,
    "unit" : "mg/dL"
  }
}