{
  "resourceType" : "Organization",
  "id" : "org-govt-example",
  "meta" : {
    "profile" : ["https://twcore.mohw.gov.tw/ig/twcore/StructureDefinition/Organization-govt-twcore"]
  },
  "text" : {
    "status" : "generated",
    "div" : "<div xmlns=\"http://www.w3.org/1999/xhtml\"><h3><b>政府機構基本資料</b></h3><p><b>機構名稱</b>：衛生福利部</p><p><b>識別碼型別</b>：Government Organization Identifier<span style=\"background: LightGoldenRodYellow; margin: 4px; border: 1px solid khaki\">（ <a href=\"CodeSystem-v2-0203.html\">臺灣識別碼類型值集</a>#GOI）</span><br/><b>機關代號（official）</b>：A21000000I (https://oid.nat.gov.tw/)</p><p><b>機構種類</b>：Government <span style=\"background: LightGoldenRodYellow; margin: 4px; border: 1px solid khaki\">( <a href=\"http://hl7.org/fhir/R4/codesystem-organization-type.html\">OrganizationType</a>#govt)</span></p><p><b>聯絡方式</b>：URL<span style=\"background: LightGoldenRodYellow; margin: 4px; border: 1px solid khaki\"> （ <a href=\"https://hl7.org/fhir/R4/valueset-contact-point-system.html\">ContactPointSystem</a>#url）</span><br/><b>網站連結</b>： <a href=\"https://www.mohw.gov.tw/mp-1.html\">https://www.mohw.gov.tw/mp-1.html</a></p></div>"
  },
  "identifier" : [{
    "use" : "official",
    "type" : {
      "coding" : [{
        "system" : "https://twcore.mohw.gov.tw/ig/twcore/CodeSystem/v2-0203",
        "code" : "GOI"
      }]
    },
    "system" : "https://oid.nat.gov.tw/",
    "value" : "A21000000I"
  }],
  "type" : [{
    "coding" : [{
      "system" : "http://terminology.hl7.org/CodeSystem/organization-type",
      "code" : "govt"
    }]
  }],
  "name" : "衛生福利部",
  "telecom" : [{
    "system" : "url",
    "value" : "https://www.mohw.gov.tw/mp-1.html"
  }]
}