<?xml version="1.0" encoding="UTF-8"?>

<Organization xmlns="http://hl7.org/fhir">
  <id value="org-co-example"/>
  <meta>
    <profile value="https://twcore.mohw.gov.tw/ig/twcore/StructureDefinition/Organization-co-twcore"/>
  </meta>
  <text>
    <status value="generated"/><div xmlns="http://www.w3.org/1999/xhtml"><h3><b>公司行號基本資料</b></h3><p><b>機構名稱</b>：莉梓股份有限公司</p><p><b>識別碼型別</b>：Unified Business number<span style="background: LightGoldenRodYellow; margin: 4px; border: 1px solid khaki">（ <a href="CodeSystem-v2-0203.html">臺灣識別碼類型值集</a>#UBN）</span><br/><b>公司或企業統一編號（official）</b>：06100268 (https://gcis.nat.gov.tw)</p><p><b>機構種類</b>：Non-Healthcare Business or Corporation <span style="background: LightGoldenRodYellow; margin: 4px; border: 1px solid khaki">（ <a href="http://hl7.org/fhir/R4/codesystem-organization-type.html">OrganizationType</a>#bus）</span></p><p><b>聯絡方式</b>：Email<span style="background: LightGoldenRodYellow; margin: 4px; border: 1px solid khaki"> （ <a href="https://hl7.org/fhir/R4/valueset-contact-point-system.html">ContactPointSystem</a>#email）</span><br/><b>聯絡信箱</b>：litzu@qmail.com</p></div>
  </text>
  <identifier>
    <use value="official"/>
    <type>
      <coding>
        <system value="https://twcore.mohw.gov.tw/ig/twcore/CodeSystem/v2-0203"/>
        <code value="UBN"/>
      </coding>
    </type>
    <system value="https://gcis.nat.gov.tw"/>
    <value value="06100268"/>
  </identifier>
  <type>
    <coding>
      <system value="http://terminology.hl7.org/CodeSystem/organization-type"/>
      <code value="bus"/>
    </coding>
  </type>
  <name value="莉梓股份有限公司"/>
  <telecom>
    <system value="email"/>
    <value value="litzu@qmail.com"/>
  </telecom>
</Organization>