{
  "resourceType" : "Procedure",
  "id" : "pro-example",
  "meta" : {
    "profile" : ["https://twcore.mohw.gov.tw/ig/twcore/StructureDefinition/Procedure-twcore"]
  },
  "text" : {
    "status" : "generated",
    "div" : "<div xmlns=\"http://www.w3.org/1999/xhtml\"><h3><b>處置基本資料</b></h3><p><b>處置狀態</b>：completed</p><p><b>處置的識別碼</b>：子宮超音波 <span style=\"background: LightGoldenRodYellow; margin: 4px; border: 1px solid khaki\">( <a href=\"CodeSystem-icd-10-pcs-2021-tw.html\">臺灣2021年中文版ICD-10-PCS</a>#BU46ZZZ)</span></p><p><b>病人</b>：<a href=\"Patient-pat-example.html\">Patient/pat-example</a> \"陳加玲\"</p><p><b>執行時間</b>：2022-08-12</p><p><b>診斷者</b>：<a href=\"Practitioner-pra-example.html\">Practitioner/pra-example</a> \"王依昇\"</p><p><b>身體部位</b>：Gravid uterus <span style=\"background: LightGoldenRodYellow; margin: 4px; border: 1px solid khaki\">( <a href=\"https://browser.ihtsdotools.org/\">SNOMED CT</a>#9258009)</span></p><h3>執行處置的人員</h3><table class=\"grid\"><tr><td>-</td><td><b>角色</b></td><td><b>所屬機構</b></td></tr><tr><td>*</td><td><a href=\"Practitioner-pra-example.html\">Practitioner/pra-example</a> \"王依昇\"</td><td><a href=\"Organization-org-hosp-example.html\">Organization/org-hosp-example</a> \"衛生福利部臺北醫院\"</td></tr></table></div>"
  },
  "status" : "completed",
  "code" : {
    "coding" : [{
      "system" : "https://twcore.mohw.gov.tw/ig/twcore/CodeSystem/icd-10-pcs-2021-tw",
      "code" : "BU46ZZZ"
    }],
    "text" : "子宮超音波"
  },
  "subject" : {
    "reference" : "Patient/pat-example"
  },
  "performedDateTime" : "2022-08-12",
  "asserter" : {
    "reference" : "Practitioner/pra-example"
  },
  "performer" : [{
    "actor" : {
      "reference" : "Practitioner/pra-example"
    },
    "onBehalfOf" : {
      "reference" : "Organization/org-hosp-example"
    }
  }],
  "bodySite" : [{
    "coding" : [{
      "system" : "http://snomed.info/sct",
      "code" : "9258009"
    }]
  }]
}