{
  "resourceType" : "SearchParameter",
  "id" : "DiagnosticReport-status",
  "text" : {
    "status" : "generated",
    "div" : "<div xmlns=\"http://www.w3.org/1999/xhtml\">Placeholder</div>"
  },
  "url" : "https://twcore.mohw.gov.tw/ig/twcore/SearchParameter/DiagnosticReport-status",
  "version" : "0.1.1",
  "name" : "DiagnosticreportStatus",
  "status" : "active",
  "date" : "2022-08-31",
  "publisher" : "HL7 International",
  "contact" : [{
    "name" : "衛生福利部",
    "telecom" : [{
      "system" : "url",
      "value" : "https://www.mohw.gov.tw/"
    },
    {
      "system" : "email",
      "value" : "CCYU@mohw.gov.tw"
    }]
  }],
  "description" : "診斷報告的狀態(status)",
  "code" : "status",
  "base" : ["DiagnosticReport"],
  "type" : "token",
  "expression" : "DiagnosticReport.status"
}