{
  "resourceType" : "SearchParameter",
  "id" : "Condition-subject",
  "text" : {
    "status" : "generated",
    "div" : "<div xmlns=\"http://www.w3.org/1999/xhtml\">Placeholder</div>"
  },
  "url" : "https://twcore.mohw.gov.tw/ig/twcore/SearchParameter/Condition-subject",
  "version" : "0.1.1",
  "name" : "ConditionSubject",
  "status" : "active",
  "date" : "2022-08-31",
  "publisher" : "HL7 International",
  "contact" : [{
    "name" : "衛生福利部",
    "telecom" : [{
      "system" : "url",
      "value" : "https://www.mohw.gov.tw/"
    },
    {
      "system" : "email",
      "value" : "CCYU@mohw.gov.tw"
    }]
  }],
  "description" : "有此病情、問題或診斷的病人(subject)",
  "code" : "subject",
  "base" : ["Condition"],
  "type" : "reference",
  "expression" : "Condition.subject"
}