<?xml version="1.0" encoding="UTF-8"?>

<SearchParameter xmlns="http://hl7.org/fhir">
  <id value="DiagnosticReport-category"/>
  <text>
    <status value="generated"/><div xmlns="http://www.w3.org/1999/xhtml">Placeholder</div>
  </text>
  <url value="https://twcore.mohw.gov.tw/ig/twcore/SearchParameter/DiagnosticReport-category"/>
  <version value="0.1.1"/>
  <name value="DiagnosticreportCategory"/>
  <status value="active"/>
  <date value="2022-08-31"/>
  <publisher value="HL7 International"/>
  <contact>
    <name value="衛生福利部"/>
    <telecom>
      <system value="url"/>
      <value value="https://www.mohw.gov.tw/"/>
    </telecom>
    <telecom>
      <system value="email"/>
      <value value="CCYU@mohw.gov.tw"/>
    </telecom>
  </contact>
  <description value="診斷報告的類別(category)"/>
  <code value="category"/>
  <base value="DiagnosticReport"/>
  <type value="token"/>
  <expression value="DiagnosticReport.category"/>
</SearchParameter>