{
  "resourceType" : "SearchParameter",
  "id" : "Encounter-id",
  "text" : {
    "status" : "generated",
    "div" : "<div xmlns=\"http://www.w3.org/1999/xhtml\">Placeholder</div>"
  },
  "url" : "https://twcore.mohw.gov.tw/ig/twcore/SearchParameter/Encounter-id",
  "version" : "0.1.1",
  "name" : "EncounterID",
  "status" : "active",
  "date" : "2022-08-31",
  "publisher" : "HL7 International",
  "contact" : [{
    "name" : "衛生福利部",
    "telecom" : [{
      "system" : "url",
      "value" : "https://www.mohw.gov.tw/"
    },
    {
      "system" : "email",
      "value" : "CCYU@mohw.gov.tw"
    }]
  }],
  "description" : "就醫事件的邏輯性ID",
  "code" : "_id",
  "base" : ["Encounter"],
  "type" : "token",
  "expression" : "Encounter.id"
}