<?xml version="1.0" encoding="UTF-8"?>

<SearchParameter xmlns="http://hl7.org/fhir">
  <id value="Condition-onset-date"/>
  <text>
    <status value="generated"/><div xmlns="http://www.w3.org/1999/xhtml">Placeholder</div>
  </text>
  <url value="https://twcore.mohw.gov.tw/ig/twcore/SearchParameter/Condition-onset-date"/>
  <version value="0.1.1"/>
  <name value="ConditionOnsetDate"/>
  <status value="active"/>
  <date value="2022-08-31"/>
  <publisher value="HL7 International"/>
  <contact>
    <name value="衛生福利部"/>
    <telecom>
      <system value="url"/>
      <value value="https://www.mohw.gov.tw/"/>
    </telecom>
    <telecom>
      <system value="email"/>
      <value value="CCYU@mohw.gov.tw"/>
    </telecom>
  </contact>
  <description value="病情、問題或診斷的日期(onset)"/>
  <code value="onset-date"/>
  <base value="Condition"/>
  <type value="date"/>
  <expression value="Condition.onset.as(dateTime)|Condition.onset.as(Period)"/>
</SearchParameter>